1,0,0.101350001990795135,0.108110003173351288,0,0,0,0,0.547299981117248535,0.824320018291473389,0.310809999704360962,1,0,0,0,0,0.371619999408721924,-1,0.331079989671707153,-1,0,0,0,0,-0.425680011510848999,-1,1,-1,0.554050028324127197,-0.236489996314048767,0,0,0,0
1,0,0.444440007209777832,0.444440007209777832,0.536949992179870605,0.907630026340484619,-0.222220003604888916,1,-0.333330005407333374,0.88889002799987793,-1,0.333330005407333374,-1,-0.111110001802444458,-1,-0.222220003604888916,-0.666670024394989014,-0.777779996395111084,0.555559992790222168,-1,-0.222220003604888916,-0.777779996395111084,0.777779996395111084,-0.222220003604888916,0.333330005407333374,0,0.921199977397918701,0.45019000768661499,0.574540019035339355,0.843529999256134033,0.222220003604888916,1,-0.555559992790222168,1
1,0,0,0,-1,-0.627659976482391357,1,0.51064002513885498,0.0797900035977363586,-0.234040006995201111,-1,-0.361699998378753662,0.127660006284713745,-0.590430021286010742,1,-1,0,0,0.829789996147155762,-0.0797900035977363586,-0.25,1,0.170210003852844238,-0.707449972629547119,0,0,-0.191489994525909424,-0.4680899977684021,-0.223399996757507324,-0.489360004663467407,0.74467998743057251,0.904259979724884033,-0.675530016422271729,0.457450002431869507
1,0,0.871110022068023682,0.0432600006461143494,0.799459993839263916,0.182970002293586731,0.990090012550354004,0.29291999340057373,0.894550025463104248,-0.0833700001239776611,0.885980010032653809,-0.0202799998223781586,0.904460012912750244,-0.267239987850189209,0.894100010395050049,0.199640005826950073,0.886439979076385498,-0.0464200004935264587,0.844519972801208496,-0.00990999955683946609,0.97882002592086792,-0.340240001678466797,0.789539992809295654,-0.251010000705718994,0.86660999059677124,-0.091930001974105835,0.859669983386993408,-0.0290799997746944427,0.787739992141723633,-0.0410099998116493225,0.759350001811981201,0.218119993805885315,0.882380008697509766,0.091930001974105835
0,0,1,-1,1,-1,1,-1,1,-1,1,1,1,1,1,-1,1,1,1,1,1,1,1,-1,1,-1,1,-1,1,0.65625,0,0,1,-1
1,0,0.5,0,0.386959999799728394,0.104350000619888306,0.491299986839294434,0.0652199983596801758,0.469570010900497437,-0.0391299985349178314,0.356519997119903564,-0.126090005040168762,0.456519991159439087,0.0478300005197525024,0.504350006580352783,0.0260899998247623444,0.356519997119903564,0.195649996399879456,0.42173999547958374,0.147829994559288025,0.42173999547958374,-0.0260899998247623444,0.321740001440048218,-0.113040000200271606,0.473910003900527954,-0.00870000012218952179,0.417890012264251709,0.0690800026059150696,0.386959999799728394,0.0391299985349178314,0.352169990539550781,0.147829994559288025,0.447829991579055786,0.173910006880760193
1,0,1,0.0407800003886222839,1,0.119819998741149902,1,0.16158999502658844,1,0.279210001230239868,0.987030029296875,0.308890014886856079,0.927450001239776611,0.376390010118484497,0.911180019378662109,0.397489994764328003,0.819389998912811279,0.460590004920959473,0.7861899733543396,0.469940006732940674,0.794000029563903809,0.562820017337799072,0.703310012817382812,0.581290006637573242,0.670769989490509033,0.597230017185211182,0.589030027389526367,0.609899997711181641,0.539520025253295898,0.609319984912872314,0.453119993209838867,0.636359989643096924,0.404419988393783569,0.626579999923706055
1,0,1,0.280460000038146973,1,0.024769999086856842,1,0.0776399970054626465,1,0.043170001357793808,0.987619996070861816,0.332659989595413208,1,0.0548899993300437927,1,0.0438399985432624817,0.957499980926513672,-0.245979994535446167,0.843710005283355713,-0.0866800025105476379,1,0.0414999984204769135,0.999329984188079834,0.273759990930557251,1,-0.390560001134872437,0.964139997959136963,-0.0217400006949901581,0.867470026016235352,0.233600005507469177,0.945779979228973389,-0.220210000872612,0.803550004959106445,-0.0732899978756904602
1,0,0.473369985818862915,0.195270001888275146,0.0621300004422664642,-0.183430001139640808,0.623160004615783691,0.0100600002333521843,0.455619990825653076,-0.0443800017237663269,0.565090000629425049,0.0177500005811452866,0.446749985218048096,0.275150001049041748,0.715979993343353271,-0.0384600013494491577,0.556209981441497803,0.124260000884532928,0.414200007915496826,0.115379996597766876,0.527670025825500488,0.0284199994057416916,0.511829972267150879,-0.106509998440742493,0.479290008544921875,-0.0236699990928173065,0.465140014886856079,0.0325900018215179443,0.535499989986419678,0.251480013132095337,0.319530010223388672,-0.14496999979019165,0.346150010824203491,-0.00295999995432794094
1,0,1,-0.0618200004100799561,1,0.0294199995696544647,1,-0.0513099990785121918,1,-0.0170699991285800934,1,-0.117260001599788666,0.844929993152618408,-0.0520199984312057495,0.933920025825500488,-0.0659800022840499878,0.691699981689453125,-0.0737899988889694214,0.657310009002685547,-0.203669995069503784,0.949100017547607422,-0.315580010414123535,0.808520019054412842,-0.316540002822875977,0.849319994449615479,-0.348379999399185181,0.725290000438690186,-0.291740000247955322,0.730939984321594238,-0.385760009288787842,0.543560028076171875,-0.262840002775192261,0.642069995403289795,-0.394870012998580933
1,0,0,0,-1,-0.627659976482391357,1,0.51064002513885498,0.0797900035977363586,-0.234040006995201111,-1,-0.361699998378753662,0.127660006284713745,-0.590430021286010742,1,-1,0,0,0.829789996147155762,-0.0797900035977363586,-0.25,1,0.170210003852844238,-0.707449972629547119,0,0,-0.191489994525909424,-0.4680899977684021,-0.223399996757507324,-0.489360004663467407,0.74467998743057251,0.904259979724884033,-0.675530016422271729,0.457450002431869507
1,0,1,-0.0117899999022483826,1,-0.00343000004068017006,1,-0.0156500004231929779,1,-0.0156500004231929779,1,-0.0280900001525878906,1,-0.0218700002878904343,0.998279988765716553,-0.0308699999004602432,0.995280027389526367,-0.0323799997568130493,0.993139982223510742,-0.0345200002193450928,1,-0.0388099998235702515,1,-0.0503900013864040375,1,-0.0493099987506866455,0.998420000076293945,-0.0552700012922286987,0.994000017642974854,-0.0630400031805038452,0.990570008754730225,-0.0649700015783309937,0.989709973335266113,-0.0666799992322921753
0,0,1,1,1,-1,1,-1,1,1,0,0,1,-1,0,0,0,0,0,0,-1,1,1,1,0,0,1,1,0,0,-1,-1,0,0
1,0,-0.204999998211860657,0.287499994039535522,0.230000004172325134,0.100000001490116119,0.282499998807907104,0.317499995231628418,0.322499990463256836,0.349999994039535522,0.362850010395050049,-0.346170008182525635,0.0925000011920928955,0.275000005960464478,-0.0949999988079071045,0.209999993443489075,-0.0874999985098838806,0.234999999403953552,-0.341870009899139404,0.314079999923706055,-0.47999998927116394,-0.0799999982118606567,0.299080014228820801,0.331759989261627197,-0.579999983310699463,-0.23999999463558197,0.321900010108947754,-0.284750014543533325,-0.469999998807907104,0.185000002384185791,-0.271039992570877075,-0.312279999256134033,0.404449999332427979,0.0305000003427267075
1,0,0.91352999210357666,0.815859973430633545,-0.729730010032653809,1,-0.394659996032714844,0.557349979877471924,0.0540499985218048096,0.297300010919570923,-0.185990005731582642,-0.102410003542900085,-0.0315800011157989502,-0.0896999984979629517,0.014010000042617321,-0.0340300016105175018,0.0110799996182322502,-0.00536999991163611412,0.00341999996453523636,0.000969999993685632944,0.000479999987874180079,0.000750000006519258022,-2.99999992421362549e-05,0.000190000006114132702,-2.99999992421362549e-05,1.99999994947575033e-05,-9.99999974737875164e-06,0,0,0,0,0,0,0
0,0,-1,1,1,1,0,0,1,-1,1,-1,1,-1,-1,-1,0,0,-1,-1,0,0,0,0,-1,-1,1,-1,1,1,-1,-1,0,0
1,0,0.847100019454956055,0.13533000648021698,0.73637998104095459,-0.0615100003778934479,0.87872999906539917,0.0825999975204467773,0.889280021190643311,-0.0913899987936019897,0.787349998950958252,0.0667800009250640869,0.806680023670196533,-0.0035099999513477087,0.792620003223419189,-0.0105400001630187035,0.85764002799987793,-0.045690000057220459,0.871699988842010498,-0.0351499989628791809,0.817219972610473633,-0.0948999971151351929,0.710020005702972412,0.0439400002360343933,0.864669978618621826,-0.151140004396438599,0.811469972133636475,-0.0482200011610984802,0.782069981098175049,-0.0070299999788403511,0.757470011711120605,-0.0667800009250640869,0.85764002799987793,-0.0615100003778934479
1,0,1,-0.0552899986505508423,1,-1,0.5,-0.111110001802444458,0.361110001802444458,-0.222220003604888916,1,-0.257120013236999512,0.166669994592666626,-0.111110001802444458,1,-0.346599996089935303,1,-0.388529986143112183,1,-0.428620010614395142,0,-0.25,1,-0.503329992294311523,1,-0.277779996395111084,1,-0.570919990539550781,1,-0.277779996395111084,1,-0.631560027599334717,1,-0.659349977970123291
1,0,0.862839996814727783,0.193100005388259888,0.809199988842010498,0.411489993333816528,0.672029972076416016,0.557850003242492676,0.545589983463287354,0.69962000846862793,0.367049992084503174,0.815330028533935547,0.196170002222061157,0.85671001672744751,-0.0406100004911422729,0.862839996814727783,-0.172409996390342712,0.757849991321563721,-0.340999990701675415,0.657469987869262695,-0.481990009546279907,0.560920000076293945,-0.602299988269805908,0.409960001707077026,-0.592339992523193359,0.257470011711120605,-0.630379974842071533,0.0881799980998039246,-0.572409987449645996,-0.0781600028276443481,-0.548659980297088623,-0.199230000376701355,-0.429120004177093506,-0.31953999400138855
1,0,0,0,0,0,0,0,-0.85000002384185791,-1,0,0,1,-1,0,0,-1,-1,-1,-1,1,-1,-0.60000002384185791,-1,1,1,-1,-0.200000002980232239,1,-1,0,1,0,0
1,0,0.666670024394989014,-0.013659999705851078,0.974039971828460693,0.0683100000023841858,0.495900005102157593,0.501370012760162354,0.756829977035522461,-0.00273000006563961506,0.651639997959136963,-0.140709996223449707,0.401639997959136963,-0.489069998264312744,0.392080008983612061,0.587430000305175781,0.767759978771209717,0.318309992551803589,0.785520017147064209,0.1133899986743927,0.475410014390945435,-0.449449986219406128,1,0.00682999985292553902,0.606559991836547852,0.0696699991822242737,0.686559975147247314,0.17088000476360321,0.875680029392242432,0.0778699964284896851,0.553279995918273926,0.245900005102157593,0.139339998364448547,0.48087000846862793
1,0,0.0385200008749961853,0.0256799999624490738,0.0042799999937415123,0,0.0199699997901916504,-0.0199699997901916504,0.0214000009000301361,-0.0499299988150596619,-0.0485000014305114746,-0.0128399999812245369,0.014270000159740448,-0.0228199996054172516,0,-0.0328099988400936127,-0.0470799989998340607,-0.028529999777674675,-0.0171199999749660492,0.0356599986553192139,0.0214000009000301361,0.0042799999937415123,0.0513599999248981476,-0.0228199996054172516,0.0513599999248981476,0.0185400005429983139,0.0399399995803833008,0.0156900007277727127,0.0199699997901916504,0.00712999980896711349,-0.0256799999624490738,-0.0185400005429983139,-0.014270000159740448,0.0199699997901916504
1,0,1,-0.0818300023674964905,1,-0.113260000944137573,0.992460012435913086,-0.298020005226135254,1,-0.330749988555908203,0.966620028018951416,-0.342810004949569702,0.857879996299743652,-0.472649991512298584,0.919040024280548096,-0.481700003147125244,0.730840027332305908,-0.652239978313446045,0.681309998035430908,-0.63543999195098877,0.824500024318695068,-0.783159971237182617,0.588289976119995117,-0.747850000858306885,0.6703299880027771,-0.962960004806518555,0.487569987773895264,-0.856689989566802979,0.379409998655319214,-0.838930010795593262,0.2411700040102005,-0.888459980487823486,0.292210012674331665,-0.896210014820098877
1,0,0.748520016670227051,-0.0281099993735551834,0.656799972057342529,-0.0517800003290176392,0.806209981441497803,0.0281099993735551834,0.859470009803771973,0.0251499991863965988,0.634620010852813721,0.0872799977660179138,0.715979993343353271,0.0784000009298324585,0.730769991874694824,0.0517800003290176392,0.785499989986419678,-0.278109997510910034,0.659759998321533203,-0.014790000393986702,0.786979973316192627,0.069530002772808075,0.346150010824203491,-0.186389997601509094,0.653850018978118896,0.0281099993735551834,0.610090017318725586,-0.0663700029253959656,0.535499989986419678,-0.211539998650550842,0.590240001678466797,-0.140530005097389221,0.5636100172996521,0.0295899994671344757
1,0,0.687290012836456299,1,0.919730007648468018,-0.760869979858398438,0.81773000955581665,0.0434800013899803162,0.760869979858398438,0.107019998133182526,0.867890000343322754,0.737460017204284668,0.700670003890991211,0.182270005345344543,0.759199976921081543,0.137119993567466736,0.934780001640319824,-0.25084000825881958,0.707360029220581055,0.187289997935295105,0.648829996585845947,0.245820000767707825,0.602010011672973633,0.77424997091293335,1,-0.538460016250610352,0.8926200270652771,0.222159996628761292,0.710699975490570068,0.538460016250610352,1,-0.0652199983596801758,0.565219998359680176,0.239130005240440369
1,0,0.945309996604919434,-0.0351600013673305511,-1,-0.332029998302459717,-1,-0.0156299993395805359,0.97266000509262085,0.011719999834895134,0.93358999490737915,-0.019530000165104866,-1,0.164059996604919434,-1,-0.00390999997034668922,0.953130006790161133,-0.0351600013673305511,0.921880006790161133,-0.0273400004953145981,-0.992190003395080566,0.117190003395080566,-0.93358999490737915,0.34766000509262085,0.957029998302459717,-0.00390999997034668922,0.820410013198852539,0.137580007314682007,0.90233999490737915,-0.0664099976420402527,-1,-0.1875,-1,-0.34375
1,0,1,0.240769997239112854,0.998149991035461426,0.00368999992497265339,0.802439987659454346,-0.301330000162124634,0.899190008640289307,-0.234860002994537354,0.706430017948150635,-0.240769997239112854,0.738550007343292236,-0.305390000343322754,0.714919984340667725,-0.360780000686645508,0.471940010786056519,-0.611890017986297607,0.404729992151260376,-0.550589978694915771,0.610409975051879883,-0.393279999494552612,0.531759977340698242,-0.326810002326965332,0.239659994840621948,-0.521420001983642578,0.29207998514175415,-0.483900010585784912,0.127770006656646729,-0.391429990530014038,0.156570002436637878,-0.513289988040924072,0.18353000283241272,-0.466030001640319824
1,0,0.940800011157989502,0.119329996407032013,0.8573799729347229,0.0103799998760223389,0.851239979267120361,0.0154600003734230995,0.769659996032714844,-0.00277999998070299625,0.84459000825881958,0.109159998595714569,0.832889974117279053,0.0302700009196996689,0.826799988746643066,0.0350599996745586395,0.748380005359649658,0.0194300003349781036,0.800189971923828125,0.0240499991923570633,0.808619976043701172,0.0490100011229515076,0.802590012550354004,0.0535200014710426331,0.773360013961791992,0.0221999995410442352,0.79057997465133667,0.062350001186132431,0.859390020370483398,0.0925099998712539673,0.77863001823425293,0.0709000006318092346,0.772689998149871826,0.0750799998641014099
1,0,0,0,-1,-1,-1,1,0,0,-1,1,1,1,1,-1,0,0,0,0,-1,-1,-1,1,1,0.4375,1,-1,0,0,-1,-1,-1,1
1,0,1,0.0407800003886222839,1,0.119819998741149902,1,0.16158999502658844,1,0.279210001230239868,0.987030029296875,0.308890014886856079,0.927450001239776611,0.376390010118484497,0.911180019378662109,0.397489994764328003,0.819389998912811279,0.460590004920959473,0.7861899733543396,0.469940006732940674,0.794000029563903809,0.562820017337799072,0.703310012817382812,0.581290006637573242,0.670769989490509033,0.597230017185211182,0.589030027389526367,0.609899997711181641,0.539520025253295898,0.609319984912872314,0.453119993209838867,0.636359989643096924,0.404419988393783569,0.626579999923706055
0,0,1,1,1,-1,1,1,1,1,1,1,1,1,1,1,1,-1,-1,1,-1,1,-1,1,1,-1,1,1,-1,1,-1,-1,-1,1
0,0,0,0,0,0,0,0,0,0,0,0,0,0,0,0,0,0,0,0,0,0,0,0,0,0,1,-1,0,0,0,0,0,0
1,0,1,-1,1,1,1,1,1,-0.5,1,1,1,1,1,1,0,0,1,1,1,1,1,-1,1,1,1,0.625,1,-0.75,-0.75,1,1,1
1,0,0.253159999847412109,0.359490007162094116,0,0,-0.296200007200241089,-1,0,0,0.0759499967098236084,-0.0734200030565261841,0,0,0,0,0,0,0,0,0.00759000005200505257,0.681010007858276367,-0.200000002980232239,0.33671000599861145,-0.103799998760223389,0.356959998607635498,0.0557000003755092621,-1,0,0,0.0632899999618530273,-1,0,0
1,0,-1,0.281049996614456177,0.222220003604888916,0.150330007076263428,-0.756929993629455566,-0.709839999675750732,-0.307190001010894775,0.712419986724853516,-1,1,-0.816990017890930176,0.33987000584602356,-0.790849983692169189,-0.0261400006711483002,-0.980390012264251709,-0.830070018768310547,-0.601310014724731445,-0.542479991912841797,-0.0457499995827674866,-0.830070018768310547,0.941179990768432617,-0.941179990768432617,-1,-0.431369990110397339,0.743849992752075195,0.091760002076625824,-1,0.0522900000214576721,0.183009997010231018,0.0261400006711483002,-0.4020099937915802,-0.482410013675689697
0,0,1,-1,1,1,-1,-1,1,-1,0,0,0,0,-1,1,1,-1,1,-1,-0.75,1,1,-1,1,-1,1,-1,-1,-1,0,0,1,-1
1,0,-0.679350018501281738,-1,-1,1,1,0.633170008659362793,0.0351499989628791809,-1,-1,-1,1,1,0.886829972267150879,-1,-1,1,0.838400006294250488,1,1,-1,-1,-1,-0.188559994101524353,1,1,-1,-1,-1,-1,1,1,0.33610999584197998
1,0,0.952170014381408691,0.0659499987959861755,0.936140000820159912,0.130300000309944153,0.909959971904754639,0.191520005464553833,0.848810017108917236,-0.499619990587234497,0.900229990482330322,0.613200008869171143,0.779370009899139404,0.343279987573623657,0.722540020942687988,0.379880011081695557,0.661450028419494629,0.408439993858337402,0.954720020294189453,0.598619997501373291,0.532580018043518066,0.440880000591278076,0.46772998571395874,0.44510999321937561,0.404399991035461426,0.441989988088607788,0.343739986419677734,0.432209998369216919,0.903299987316131592,1,0.234050005674362183,0.396200001239776611,0.186320006847381592,0.371910005807876587
1,0,0,0,-0.336719989776611328,0.853879988193511963,0,0,0.688690006732940674,-1,0.970780014991760254,0.313849985599517822,-0.260479986667633057,-0.592119991779327393,-0.302410006523132324,0.655650019645690918,0.941550016403198242,0.163910001516342163,0,0,0,0,-0.180429995059967041,-1,0,0,1,-1,0,0,0.0444700010120868683,0.618809998035430908,0,0
1,0,0.806270003318786621,0.130689993500709534,0.730610013008117676,0.243230000138282776,0.646149992942810059,0.190380007028579712,0.369230002164840698,0.455769985914230347,0.447930008172988892,0.464390009641647339,0.25,0.573080003261566162,0.251920014619827271,0.371149986982345581,0.152150005102157593,0.518769979476928711,-0.0980800017714500427,0.574999988079071045,-0.0346199981868267059,0.428849995136260986,-0.0885600000619888306,0.444240003824234009,-0.149430006742477417,0.400059998035430908,-0.199399992823600769,0.349759995937347412,-0.238319993019104004,0.295410007238388062,-0.266339987516403198,0.238959997892379761,-0.238460004329681396,0.311540007591247559
0,0,1,-1,0,0,0,0,1,1,1,-1,-0.71875,1,0,0,-1,1,1,1,-1,1,1,0.5625,-1,1,1,1,1,-1,1,1,1,1
1,0,1,-0.0108099998906254768,1,-0.0270300004631280899,1,-0.0648600012063980103,0.951349973678588867,-0.0162199996411800385,0.989189982414245605,-0.0324300006031990051,0.989189982414245605,0.0864899978041648865,1,-0.0648600012063980103,0.951349973678588867,0.0918899998068809509,0.978380024433135986,-0.00541000021621584892,1,0.0648600012063980103,1,0.0432399995625019073,0.978380024433135986,0.0918899998068809509,0.985559999942779541,0.0125099997967481613,1,-0.0324300006031990051,1,0.0270300004631280899,1,-0.0702700018882751465
1,0,-0.65625,0.15625,0.0625,0,0,0.0625,0.625,0.0625,0.1875,0,-0.03125,0.09375,0.0625,0,0.15625,-0.15625,0.4375,-0.375,0,-0.09375,0,0,0.03125,-0.46875,0.03125,0,-0.71875,0.03125,-0.03125,0,0,0.09375
1,0,0,0,-0.336719989776611328,0.853879988193511963,0,0,0.688690006732940674,-1,0.970780014991760254,0.313849985599517822,-0.260479986667633057,-0.592119991779327393,-0.302410006523132324,0.655650019645690918,0.941550016403198242,0.163910001516342163,0,0,0,0,-0.180429995059967041,-1,0,0,1,-1,0,0,0.0444700010120868683,0.618809998035430908,0,0
1,0,0.727270007133483887,-0.0500000007450580597,0.892409980297088623,0.0346199981868267059,1,0.727270007133483887,0.663640022277832031,-0.05908999964594841,0.481819987297058105,-0.168180003762245178,0.81809002161026001,0.0955900028347969055,0.56818002462387085,1,0.504549980163574219,0.218180000782012939,0.668179988861083984,0.100000001490116119,1,-0.300000011920928955,0.986360013484954834,-1,0.572730004787445068,0.327270001173019409,0.569819986820220947,0.146730005741119385,0.422729998826980591,0.0818200036883354187,0.489270001649856567,0.14643000066280365,1,1
1,0,0.881030023097991943,-0.00856999959796667099,0.898180007934570312,-0.0246500000357627869,0.94104999303817749,-0.0182199999690055847,0.891749978065490723,-0.127550005912780762,0.822080016136169434,-0.109319999814033508,0.88853001594543457,0.0117899999022483826,0.907819986343383789,-0.137189999222755432,0.871379971504211426,-0.0610899999737739563,0.907819986343383789,-0.0235799998044967651,0.879960000514984131,-0.14576999843120575,0.828509986400604248,-0.124329999089241028,0.901390016078948975,-0.195069998502731323,0.882449984550476074,-0.149029999971389771,0.843519985675811768,-0.128619998693466187,0.88423997163772583,-0.185420006513595581,0.917469978332519531,-0.168270006775856018
1,0,0.666670024394989014,-0.013659999705851078,0.974039971828460693,0.0683100000023841858,0.495900005102157593,0.501370012760162354,0.756829977035522461,-0.00273000006563961506,0.651639997959136963,-0.140709996223449707,0.401639997959136963,-0.489069998264312744,0.392080008983612061,0.587430000305175781,0.767759978771209717,0.318309992551803589,0.785520017147064209,0.1133899986743927,0.475410014390945435,-0.449449986219406128,1,0.00682999985292553902,0.606559991836547852,0.0696699991822242737,0.686559975147247314,0.17088000476360321,0.875680029392242432,0.0778699964284896851,0.553279995918273926,0.245900005102157593,0.139339998364448547,0.48087000846862793
1,0,0.901470005512237549,0.4178600013256073,0.641309976577758789,0.757250010967254639,0.304399996995925903,0.951479971408843994,-0.204490005970001221,0.965340018272399902,-0.554830014705657959,0.811909973621368408,-0.81857001781463623,0.509490013122558594,-0.9698600172996521,0.103450000286102295,-0.914560019969940186,-0.314119994640350342,-0.701629996299743652,-0.654609978199005127,-0.323540002107620239,-0.889989972114562988,0.0586499981582164764,-0.941720008850097656,0.444830000400543213,-0.821539998054504395,0.741050004959106445,-0.552309989929199219,0.894150018692016602,-0.187250003218650818,0.878929972648620605,0.20359000563621521,0.705550014972686768,0.548520028591156006
1,0,0.880850017070770264,0.352319985628128052,0.683889985084533691,0.651279985904693604,0.348159998655319214,0.797839999198913574,0.0583200007677078247,0.908420026302337646,-0.297839999198913574,0.864899992942810059,-0.626349985599517822,0.695900022983551025,-0.771059989929199219,0.393090009689331055,-0.858030021190643311,0.0840800032019615173,-0.81641000509262085,-0.240170001983642578,-0.645789980888366699,-0.500220000743865967,-0.397659987211227417,-0.683369994163513184,-0.111469998955726624,-0.755330026149749756,0.170410007238388062,-0.715040028095245361,0.406749993562698364,-0.57648998498916626,0.566259980201721191,-0.367650002241134644,0.627650022506713867,-0.133049994707107544
1,0,0.791570007801055908,0.168510004878044128,0,0,0.565410017967224121,0.0687400028109550476,0.394679993391036987,1,0.383590012788772583,0.995570003986358643,-0.0243900008499622345,0.532149970531463623,0.237250000238418579,0.128600001335144043,-0.0266100000590085983,0.95121997594833374,-0.50998002290725708,0.849219977855682373,-0.101999998092651367,0.388029992580413818,-0.425720006227493286,0.237250000238418579,-0.915740013122558594,0.807099997997283936,-0.341459989547729492,0.882480025291442871,-1,0.694010019302368164,-1,0.128600001335144043,0,0
1,0,0.981819987297058105,0,0.886269986629486084,0.0313099995255470276,0.862489998340606689,0.0457199998199939728,0.800000011920928955,0,0.690909981727600098,0.0454499982297420502,0.793429970741271973,0.0843600034713745117,0.77117997407913208,0.0957899987697601318,0.627269983291625977,0.254550009965896606,0.68181997537612915,0.12726999819278717,0.706740021705627441,0.12608000636100769,0.686039984226226807,0.134929999709129333,0.745450019836425781,0.227270007133483887,0.64581000804901123,0.150879994034767151,0.672730028629302979,0.0272700004279613495,0.607150018215179443,0.164649993181228638,0.588400006294250488,0.170770004391670227
1,0,0.310339987277984619,-0.103450000286102295,0.241380006074905396,-0.103450000286102295,0.20690000057220459,-0.0689700022339820862,0.0740500018000602722,-0.0543100014328956604,0.0364900007843971252,-0.0368900001049041748,0.0170699991285800934,-0.0238300003111362457,0.00741000007838010788,-0.0148200001567602158,0.0028099999763071537,-0.00892999954521656036,0.00078000000212341547,-0.00522999977692961693,-2.99999992421362549e-05,-0.00298999994993209839,-0.000280000007478520274,-0.00165999995078891516,-0.000310000003082677722,-0.000899999984540045261,-0.000250000011874362826,-0.000479999987874180079,-0.000180000002728775144,-0.000239999993937090039,-0.00011999999696854502,-0.00011999999696854502,-7.99999979790300131e-05,-5.99999984842725098e-05
1,0,0.67546999454498291,0.0452799983322620392,0.769810020923614502,-0.105659998953342438,0.773580014705657959,0.0377399995923042297,0.660380005836486816,-0.0452799983322620392,0.645280003547668457,0.0113199995830655098,0.66791999340057373,-0.139620006084442139,0.720749974250793457,-0.0226399991661310196,0.769810020923614502,0.0867900028824806213,0.618870019912719727,-0.0792500004172325134,0.758490025997161865,-0.237739995121955872,0.739619970321655273,-0.147170007228851318,0.849059998989105225,-0.150940001010894775,0.738860011100769043,-0.0580100007355213165,0.66791999340057373,0.0226399991661310196,0.864149987697601318,0.0377399995923042297,0.732079982757568359,0.00755000021308660507
1,0,0.454549998044967651,0.090910002589225769,0.636359989643096924,0.090910002589225769,0.272729992866516113,0.181820005178451538,0.636359989643096924,0,0.363640010356903076,-0.090910002589225769,0.454549998044967651,-0.090910002589225769,0.486119985580444336,-0.0134300002828240395,0.636359989643096924,-0.181820005178451538,0.454549998044967651,0,0.363640010356903076,-0.090910002589225769,0.272729992866516113,0.181820005178451538,0.363640010356903076,-0.090910002589225769,0.344419986009597778,-0.017680000513792038,0.272729992866516113,0,0.363640010356903076,0,0.289849996566772461,-0.0183199997991323471
1,0,0.936689972877502441,-0.00190000003203749657,0.607609987258911133,0.432040005922317505,0.923139989376068115,-0.401289999485015869,0.931230008602142334,0.16828000545501709,0.961969971656799316,0.0906099975109100342,0.996760010719299316,0.0817200019955635071,0.915859997272491455,0.0509699992835521698,0.84627997875213623,-0.253239989280700684,0.87379002571105957,-0.14482000470161438,0.848710000514984131,0.261330008506774902,0.750810027122497559,-0.0364100001752376556,0.845470011234283447,-0.0258900001645088196,0.872929990291595459,-0.0230199992656707764,0.98544001579284668,0.0938500016927719116,0.783169984817504883,-0.10193999856710434,0.858410000801086426,-0.147249996662139893
1,0,1,0.161950007081031799,1,-0.0555800013244152069,1,0.0137299997732043266,1,-0.123520001769065857,1,-0.0151100000366568565,1,-0.017309999093413353,1,-0.0637400001287460327,1,-0.0715700015425682068,1,0.0590000003576278687,1,-0.101080000400543213,1,-0.0268500000238418579,1,-0.229780003428459167,1,-0.0682300031185150146,1,0.0829899981617927551,1,-0.141939997673034668,1,-0.0743900015950202942
1,0,0.50111997127532959,-0.0359600000083446503,0.611240029335021973,0.0134800001978874207,0.588760018348693848,0.0157299991697072983,0.588760018348693848,0.0247200001031160355,0.667420029640197754,-0.00449000019580125809,0.716849982738494873,-0.0471899993717670441,0.665170013904571533,0.00899000000208616257,0.573029994964599609,0.0247200001031160355,0.647189974784851074,-0.0741600021719932556,0.568539977073669434,0.141570001840591431,0.57528001070022583,-0.0359600000083446503,0.465169996023178101,0.0494400002062320709,0.565880000591278076,0.00824000034481287003,0.476399987936019897,-0.0359600000083446503,0.546069979667663574,0.105619996786117554,0.606739997863769531,-0.0808999985456466675
1,0,0.681980013847351074,-0.173140004277229309,0.823319971561431885,0.21908000111579895,0.466430008411407471,0.328619986772537231,0.257950007915496826,0.583039999008178711,1,-0.151940003037452698,0.010599999688565731,0.445230007171630859,0.010599999688565731,0.388689994812011719,0.186810001730918884,0.411680012941360474,0.10566999763250351,0.363530009984970093,0.0432499982416629791,0.307449996471405029,-0.000829999975394457579,0.249359995126724243,-0.0286200009286403656,0.194049999117851257,-0.0431400015950202942,0.144810006022453308,-0.0477899983525276184,0.103490002453327179,-0.0458500012755393982,0.0706399977207183838,-0.0401300005614757538,0.04585999995470047
1,0,0.928699970245361328,0.331640005111694336,0.761680006980895996,0.623489975929260254,0.49305000901222229,0.842660009860992432,0.215920001268386841,0.951929986476898193,-0.139559999108314514,0.961669981479644775,-0.472020000219345093,0.835900008678436279,-0.70746999979019165,0.654900014400482178,-0.874740004539489746,0.367500007152557373,-0.918139994144439697,0.0559500008821487427,-0.898239970207214355,-0.261729985475540161,-0.739690005779266357,-0.540690004825592041,-0.507570028305053711,-0.747349977493286133,-0.22323000431060791,-0.861220002174377441,0.0781000033020973206,-0.871590018272399902,0.360210001468658447,-0.780569970607757568,0.594070017337799072,-0.602699995040893555
1,0,0.327890008687973022,0.110420003533363342,0.159700006246566772,0.293080002069473267,0.140200003981590271,0.744849979877471924,-0.251309990882873535,0.919929981231689453,-0.165030002593994141,0.266640007495880127,-0.637139976024627686,0.248649999499320984,-0.976499974727630615,-0.00337000004947185516,-0.232270002365112305,-0.199090003967285156,-0.30522000789642334,-0.488860011100769043,-0.144260004162788391,-0.89990997314453125,0.0934500023722648621,-0.289160013198852539,0.283069998025894165,-0.185599997639656067,0.39599001407623291,-0.114979997277259827,0.310050010681152344,0.0561399981379508972,0.214430004358291626,0.205400004982948303,0.133760005235671997,0.264219999313354492
1,0,0.946309983730316162,0.174979999661445618,0.909460008144378662,0.331429988145828247,0.850960016250610352,0.499599993228912354,0.736779987812042236,0.638419985771179199,0.592149972915649414,0.738380014896392822,0.48697999119758606,0.836139976978302002,0.304589986801147461,0.906650006771087646,0.179590001702308655,0.934289991855621338,-0.0070099998265504837,0.931089997291564941,-0.188800007104873657,0.893830001354217529,-0.330229997634887695,0.824919998645782471,-0.465339988470077515,0.764819979667663574,-0.58562999963760376,0.66334998607635498,-0.67928999662399292,0.525640010833740234,-0.753210008144378662,0.424879997968673706,-0.812099993228912354,0.26091998815536499
0,0,1,-1,1,1,1,-1,1,1,1,-1,1,1,1,-1,1,-1,1,1,1,1,1,-1,1,-1,1,-1,1,1,1,-1,1,1
1,0,0.83508002758026123,0.0829799994826316833,0.737389981746673584,-0.147060006856918335,0.843490004539489746,-0.0556700006127357483,0.904410004615783691,-0.046220000833272934,0.893909990787506104,0.131300002336502075,0.811969995498657227,0.0672300010919570923,0.793070018291473389,-0.0892900004982948303,1,-0.0210100002586841583,0.966390013694763184,0.0661799982190132141,0.876049995422363281,0.011549999937415123,0.775210022926330566,0.0661799982190132141,0.953779995441436768,-0.0420200005173683167,0.83478999137878418,0.00123000005260109901,1,0.128150001168251038,0.866599977016448975,-0.107139997184276581,0.905460000038146973,-0.0430699996650218964
1,0,0.91241002082824707,0.0434699989855289459,0.941910028457641602,0.0228000003844499588,0.947049975395202637,0.0534499995410442352,0.93581998348236084,0.0132099995389580727,0.919110000133514404,0.0634799972176551819,0.927659988403320312,0.120669998228549957,0.920480012893676758,0.0621099993586540222,0.88898998498916626,0.127220004796981812,0.837440013885498047,0.144390001893043518,0.809830009937286377,0.118490003049373627,0.770410001277923584,0.142220005393028259,0.75755000114440918,0.112989999353885651,0.735499978065490723,0.132819995284080505,0.663869976997375488,0.152999997138977051,0.709249973297119141,0.10753999650478363,0.652580022811889648,0.114469997584819794
1,0,1,0.0980200022459030151,1,0.251010000705718994,0.983900010585784912,0.330440014600753784,0.803650021553039551,0.530200004577636719,0.749769985675811768,0.602970004081726074,0.569369971752166748,0.719420015811920166,0.553110003471374512,0.740790009498596191,0.294519990682601929,0.821929991245269775,0.211370006203651428,0.797770023345947266,0.0970899984240531921,0.821619987487792969,-0.017340000718832016,0.79869997501373291,-0.15143999457359314,0.755959987640380859,-0.22838999330997467,0.691869974136352539,-0.317129999399185181,0.609480023384094238,-0.402909994125366211,0.545220017433166504,-0.428149998188018799,0.445340007543563843
1,0,0.943329989910125732,0.385740011930465698,0.482630014419555664,0.645340025424957275,0.215719997882843018,0.775139987468719482,-0.559409976005554199,0.648989975452423096,-0.736750006675720215,0.420480012893676758,-0.760510027408599854,0,-0.627059996128082275,-0.310790002346038818,-0.383910000324249268,-0.621569991111755371,-0.127969995141029358,-0.692870020866394043,0.499089986085891724,-0.636200010776519775,0.714810013771057129,-0.376599997282028198,0.738569974899291992,-0.0548399984836578369,0.600979983806610107,0.303840011358261108,0.455210000276565552,0.605120003223419189,0.0274199992418289185,0.544790029525756836,-0.215719997882843018,0.50457000732421875
1,0,1,0.16800999641418457,0.993520021438598633,0.163340002298355103,0.946160018444061279,0.333469986915588379,0.917590022087097168,0.226099997758865356,0.914080023765563965,0.371069997549057007,0.842499971389770508,0.46898999810218811,0.810109972953796387,0.492249995470046997,0.784730017185211182,0.483110010623931885,0.650910019874572754,0.569769978523254395,0.565530002117156982,0.580709993839263916,0.555859982967376709,0.64719998836517334,0.483110010623931885,0.552359998226165771,0.43316999077796936,0.691290020942687988,0.356840014457702637,0.761470019817352295,0.339210003614425659,0.668439984321594238,0.221009999513626099,0.7868499755859375
1,0,0.881099998950958252,0,0.948170006275177002,-0.0274400003254413605,0.935980021953582764,-0.0121999997645616531,0.902440011501312256,0.0182900000363588333,0.902440011501312256,0.0182900000363588333,0.939019978046417236,0.00915000028908252716,0.957319974899291992,0.00304999994114041328,1,0.0274400003254413605,0.94207000732421875,-0.0121999997645616531,0.908540010452270508,0.0243900008499622345,0.914629995822906494,0.0548800006508827209,0.996949970722198486,0.048780001699924469,0.896659970283508301,0.022260000929236412,0.908540010452270508,0.00915000028908252716,1,0.0548800006508827209,0.975610017776489258,-0.0121999997645616531
1,0,1,-0.0660400018095970154,1,0.629369974136352539,1,0.095569998025894165,1,0.202800005674362183,1,-1,1,-0.4055899977684021,1,-0.158509999513626099,1,0.04895000159740448,1,-0.615379989147186279,1,-0.265729993581771851,1,-1,1,-0.580420017242431641,1,-0.813719987869262695,1,-1,1,-0.78554999828338623,1,-0.482520014047622681
1,0,1,0.0801300033926963806,0.967750012874603271,-0.00481999991461634636,0.966830015182495117,-0.00722000002861022949,0.879800021648406982,-0.039230000227689743,1,0.0141899995505809784,0.961860001087188721,-0.014360000379383564,0.959469974040985107,-0.0167100001126527786,0.984969973564147949,0.0100199999287724495,0.911520004272460938,-0.0884800031781196594,0.950160026550292969,-0.0236399993300437927,0.946359992027282715,-0.0259099993854761124,0.981639981269836426,0.020029999315738678,0.937720000743865967,-0.0303399991244077682,1,-0.0584300011396408081,0.927739977836608887,-0.0346399992704391479,0.922259986400604248,-0.0367299988865852356
1,0,0.5,0,0.386959999799728394,0.104350000619888306,0.491299986839294434,0.0652199983596801758,0.469570010900497437,-0.0391299985349178314,0.356519997119903564,-0.126090005040168762,0.456519991159439087,0.0478300005197525024,0.504350006580352783,0.0260899998247623444,0.356519997119903564,0.195649996399879456,0.42173999547958374,0.147829994559288025,0.42173999547958374,-0.0260899998247623444,0.321740001440048218,-0.113040000200271606,0.473910003900527954,-0.00870000012218952179,0.417890012264251709,0.0690800026059150696,0.386959999799728394,0.0391299985349178314,0.352169990539550781,0.147829994559288025,0.447829991579055786,0.173910006880760193
1,0,0,0,1,0.517239987850189209,0,0,0.109909996390342712,-1,0,0,0,0,-1,-0.224140003323554993,-0.557110011577606201,-0.832970023155212402,0.76940000057220459,0.631470024585723877,0,0,0.534479975700378418,0.356680005788803101,-0.903020024299621582,0.448280006647109985,1,-1,-1,0.815729975700378418,0,0,0,0
1,0,1,0.454549998044967651,1,0.545449972152709961,0.81818002462387085,0.636359989643096924,1,-0.090910002589225769,1,0,0.81818002462387085,-0.454549998044967651,0.636359989643096924,0.272729992866516113,1,-0.636359989643096924,1,-0.272729992866516113,0.909089982509613037,-0.454549998044967651,1,0.0775000005960464478,1,-0.090910002589225769,1,0.088670000433921814,1,0.363640010356903076,1,0.636359989643096924,0.727270007133483887,0.272729992866516113
0,0,-1,-1,1,-1,-1,1,0,0,1,-1,1,-1,0,0,0,0,0,0,-1,1,1,-1,-1,1,1,1,0,0,1,0.5,0,0
1,0,0.877719998359680176,-0.0815199986100196838,0.83424001932144165,0.0733700022101402283,0.847829997539520264,0.0407599993050098419,0.77174001932144165,-0.0217400006949901581,0.77174001932144165,-0.0570699982345104218,0.823369979858398438,-0.105980001389980316,0.679350018501281738,-0.00542999990284442902,0.880429983139038086,-0.209240004420280457,0.83424001932144165,0.0326099991798400879,0.864130020141601562,-0.0597800016403198242,0.972829997539520264,-0.279890000820159912,0.850539982318878174,-0.1875,0.837050020694732666,-0.102109998464584351,0.858699977397918701,-0.0326099991798400879,0.785329997539520264,-0.108699999749660492,0.79075998067855835,-0.00542999990284442902
1,0,1,-1,1,1,1,1,1,-0.5,1,1,1,1,1,1,0,0,1,1,1,1,1,-1,1,1,1,0.625,1,-0.75,-0.75,1,1,1
1,0,1,0.5,1,0.25,0.25,1,0.168510004878044128,0.911800026893615723,-0.133359998464584351,0.804539978504180908,-0.341069996356964111,0.607930004596710205,-0.438199996948242188,0.378560006618499756,-0.436630010604858398,0.167089998722076416,-0.366759985685348511,0.00677999993786215782,-0.264770001173019409,-0.0902500003576278687,-0.161779999732971191,-0.129639998078346252,-0.0778200030326843262,-0.127440005540847778,-0.0208899993449449539,-0.102420002222061157,0.0103299999609589577,-0.0703599974513053894,0.02223999984562397,-0.0414200015366077423,0.0224900003522634506,-0.0201699994504451752
1,0,0.715210020542144775,-0.00646999990567564964,0.666670024394989014,-0.0420700013637542725,0.63107001781463623,-0.0517800003290176392,0.779940009117126465,0.0809099972248077393,0.673139989376068115,0.0970899984240531921,0.647249996662139893,0.158580005168914795,0.601939976215362549,-0.0194199997931718826,0.543690025806427002,-0.0453100018203258514,0.46926000714302063,-0.100319996476173401,0.647249996662139893,0.148870006203651428,0.391589999198913574,0.216830000281333923,0.524269998073577881,-0.0550200007855892181,0.451050013303756714,0.000399999989895150065,0.313919991254806519,-0.067960001528263092,0.491910010576248169,-0.106799997389316559,0.304210007190704346,-0.0517800003290176392
1,0,0.467849999666213989,0.11308000236749649,0.589800000190734863,0.00664999987930059433,0.554319977760314941,0.0687400028109550476,0.478940010070800781,-0.139689996838569641,0.529929995536804199,0.0132999997586011887,0.638580024242401123,-0.161860004067420959,0.678489983081817627,-0.033259999006986618,0.545449972152709961,-0.135250002145767212,0.529929995536804199,-0.0465600006282329559,0.478940010070800781,-0.195120006799697876,0.507759988307952881,-0.135250002145767212,0.414629995822906494,-0.201769992709159851,0.539300024509429932,-0.114550001919269562,0.598670005798339844,-0.0288200005888938904,0.536589980125427246,-0.11751999706029892,0.563189983367919922,-0.0443499982357025146
1,0,1,-0.2405100017786026,1,-0.202529996633529663,0.873420000076293945,-0.101269997656345367,0.886080026626586914,0.0126599995419383049,1,0.113920003175735474,0.924049973487854004,0.0632899999618530273,0.848100006580352783,-0.0379699990153312683,0.632910013198852539,-0.367089986801147461,0.873420000076293945,-0.0126599995419383049,0.936710000038146973,0.0632899999618530273,1,0.253159999847412109,0.62024998664855957,-0.37975001335144043,0.84636998176574707,-0.0553999990224838257,1,-0.0632899999618530273,0.531650006771087646,0.0253199990838766098,0.835439980030059814,-0.0253199990838766098
0,0,1,1,-1,-1,-1,-1,0,0,0,0,-1,-1,0,0,0,0,0,0,-1,1,1,1,0,0,1,-1,0,0,-1,-1,-1,-1
0,0,1,1,1,-1,0,0,0,0,-1,-1,0,0,0,0,-1,1,1,1,-1,1,-1,1,1,-1,1,1,-1,1,1,1,0,0
1,0,0.895630002021789551,0.379170000553131104,0.673110008239746094,0.694379985332489014,0.359160006046295166,0.886960029602050781,-0.0419300012290477753,0.933449983596801758,-0.388749986886978149,0.844139993190765381,-0.672739982604980469,0.620779991149902344,-0.826799988746643066,0.303559988737106323,-0.861500024795532227,-0.05364999920129776,-0.735639989376068115,-0.342750012874603271,-0.517780005931854248,-0.624430000782012939,-0.234280005097389221,-0.738550007343292236,0.0691099986433982849,-0.738560020923614502,0.335310012102127075,-0.62295997142791748,0.524140000343322754,-0.420859992504119873,0.612169981002807617,-0.173429995775222778,0.600730001926422119,0.0865999981760978699
1,0,0,0,1,0.128889992833137512,0.884440004825592041,-0.0199999995529651642,0,0,1,-0.424439996480941772,1,0.195559993386268616,1,-0.0533300004899501801,1,-0.815559983253479004,0,0,1,-0.0399999991059303284,1,-0.186670005321502686,0,0,1,-1,0,0,1,0.117779999971389771,0.906669974327087402,-0.0955599993467330933
1,0,0.724139988422393799,-0.0108399996533989906,0.797039985656738281,0.0108399996533989906,0.800000011920928955,0.00197000009939074516,0.790149986743927002,0.0108399996533989906,0.784240007400512695,-0.00985000003129243851,0.833500027656555176,0.0325100012123584747,0.851230025291442871,0.0167500004172325134,0.800989985466003418,-0.00788000039756298065,0.791130006313323975,-0.0295599997043609619,0.759609997272491455,0.0335000008344650269,0.747780025005340576,0.0551699995994567871,0.726109981536865234,-0.014779999852180481,0.78040999174118042,0.00612000003457069397,0.740890026092529297,-0.0502500012516975403,0.829559981822967529,0.0295599997043609619,0.790149986743927002,0.00788000039756298065
1,0,0.266669988632202148,-0.100000001490116119,0.533330023288726807,0,0.333330005407333374,-0.133330002427101135,0.366670012474060059,0.116669997572898865,0.566670000553131104,0.0166699998080730438,0.716669976711273193,0.0833299979567527771,0.699999988079071045,-0.0666700005531311035,0.533330023288726807,0.200000002980232239,0.416669994592666626,-0.0166699998080730438,0.316670000553131104,0.200000002980232239,0.699999988079071045,0,0.25,0.133330002427101135,0.462139993906021118,0.0543899983167648315,0.400000005960464478,0.0333300009369850159,0.466670006513595581,0.0333300009369850159,0.416669994592666626,-0.0500000007450580597
1,0,0.310339987277984619,-0.103450000286102295,0.241380006074905396,-0.103450000286102295,0.20690000057220459,-0.0689700022339820862,0.0740500018000602722,-0.0543100014328956604,0.0364900007843971252,-0.0368900001049041748,0.0170699991285800934,-0.0238300003111362457,0.00741000007838010788,-0.0148200001567602158,0.0028099999763071537,-0.00892999954521656036,0.00078000000212341547,-0.00522999977692961693,-2.99999992421362549e-05,-0.00298999994993209839,-0.000280000007478520274,-0.00165999995078891516,-0.000310000003082677722,-0.000899999984540045261,-0.000250000011874362826,-0.000479999987874180079,-0.000180000002728775144,-0.000239999993937090039,-0.00011999999696854502,-0.00011999999696854502,-7.99999979790300131e-05,-5.99999984842725098e-05
1,0,0.473369985818862915,0.195270001888275146,0.0621300004422664642,-0.183430001139640808,0.623160004615783691,0.0100600002333521843,0.455619990825653076,-0.0443800017237663269,0.565090000629425049,0.0177500005811452866,0.446749985218048096,0.275150001049041748,0.715979993343353271,-0.0384600013494491577,0.556209981441497803,0.124260000884532928,0.414200007915496826,0.115379996597766876,0.527670025825500488,0.0284199994057416916,0.511829972267150879,-0.106509998440742493,0.479290008544921875,-0.0236699990928173065,0.465140014886856079,0.0325900018215179443,0.535499989986419678,0.251480013132095337,0.319530010223388672,-0.14496999979019165,0.346150010824203491,-0.00295999995432794094
1,0,0.85271000862121582,0.0542600005865097046,1,0.0806899964809417725,1,1,0.9147300124168396,-0.00774999987334012985,0.837209999561309814,0.0387599989771842957,1,0.271530002355575562,1,1,0.813950002193450928,0.0465099997818470001,0.906979978084564209,0.116279996931552887,1,0.506699979305267334,1,-1,0.806200027465820312,0.0387599989771842957,1,0.71613001823425293,0.84495997428894043,0.0697700008749961853,1,0.873170018196105957,1,1
1,0,0.888040006160736084,0.381379991769790649,0.659259974956512451,0.694310009479522705,0.291480004787445068,0.878920018672943115,-0.0672599971294403076,0.901350021362304688,-0.395969986915588379,0.804409980773925781,-0.645739972591400146,0.56502002477645874,-0.829599976539611816,0.269059985876083374,-0.789399981498718262,-0.0820500031113624573,-0.62779998779296875,-0.309419989585876465,-0.466369986534118652,-0.556050002574920654,-0.164489999413490295,-0.64337998628616333,0.0956199988722801208,-0.610549986362457275,0.304060012102127075,-0.483920007944107056,0.43226999044418335,-0.298379987478256226,0.470290005207061768,-0.0946099981665611267,0.421519994735717773,0.125560000538825989
1,0,0.928699970245361328,0.331640005111694336,0.761680006980895996,0.623489975929260254,0.49305000901222229,0.842660009860992432,0.215920001268386841,0.951929986476898193,-0.139559999108314514,0.961669981479644775,-0.472020000219345093,0.835900008678436279,-0.70746999979019165,0.654900014400482178,-0.874740004539489746,0.367500007152557373,-0.918139994144439697,0.0559500008821487427,-0.898239970207214355,-0.261729985475540161,-0.739690005779266357,-0.540690004825592041,-0.507570028305053711,-0.747349977493286133,-0.22323000431060791,-0.861220002174377441,0.0781000033020973206,-0.871590018272399902,0.360210001468658447,-0.780569970607757568,0.594070017337799072,-0.602699995040893555
1,0,0.926569998264312744,0.0417400002479553223,0.892660021781921387,0.157659992575645447,0.860979974269866943,0.197909995913505554,0.83674997091293335,0.365260004997253418,0.806190013885498047,0.401980012655258179,0.76221001148223877,0.405519992113113403,0.665859997272491455,0.483599990606307983,0.601010024547576904,0.517520010471343994,0.533919990062713623,0.521799981594085693,0.484349995851516724,0.542119979858398438,0.425460010766983032,0.556840002536773682,0.33340001106262207,0.552739977836608887,0.269780009984970093,0.542140007019042969,0.223069995641708374,0.534479975700378418,0.14312000572681427,0.491239994764328003,0.115730002522468567,0.46571001410484314
1,0,0.946309983730316162,0.174979999661445618,0.909460008144378662,0.331429988145828247,0.850960016250610352,0.499599993228912354,0.736779987812042236,0.638419985771179199,0.592149972915649414,0.738380014896392822,0.48697999119758606,0.836139976978302002,0.304589986801147461,0.906650006771087646,0.179590001702308655,0.934289991855621338,-0.0070099998265504837,0.931089997291564941,-0.188800007104873657,0.893830001354217529,-0.330229997634887695,0.824919998645782471,-0.465339988470077515,0.764819979667663574,-0.58562999963760376,0.66334998607635498,-0.67928999662399292,0.525640010833740234,-0.753210008144378662,0.424879997968673706,-0.812099993228912354,0.26091998815536499
1,0,-0.0186400003731250763,-0.0845900028944015503,0,0,0,0,0.114699997007846832,-0.268099993467330933,-0.45662999153137207,-0.381720006465911865,0,0,-0.33656001091003418,0.386020004749298096,-0.371329993009567261,0.150179997086524963,0.637279987335205078,0.221149995923042297,0,0,0,0,-0.148029997944831848,-0.0132600003853440285,0.206450000405311584,-0.022940000519156456,0,0,0.165950000286102295,0.240860000252723694,-0.0820799991488456726,0.38065001368522644
1,0,0.470899999141693115,0.227510005235671997,0.423280000686645508,0.335979998111724854,0.256610006093978882,0.476190000772476196,0.0185199994593858719,0.494709998369216919,-0.0211599990725517273,0.539680004119873047,-0.341269999742507935,0.31216999888420105,-0.412699997425079346,0.325399994850158691,-0.515869975090026855,0.0687799975275993347,-0.5,-0.116400003433227539,-0.148149996995925903,-0.145500004291534424,-0.148149996995925903,-0.380950003862380981,-0.232800006866455078,0.00264999992214143276,0.0357399992644786835,-0.317389994859695435,0.158730000257492065,-0.216930001974105835,0.248679995536804199,-0.243389993906021118,0.267199993133544922,0.0423300005495548248
1,0,1,-0.022590000182390213,1,-0.0449399985373020172,1,-0.0668200030922889709,1,-0.08799000084400177,1,0.561730027198791504,1,-0.127379998564720154,1,-0.145219996571540833,1,0.324070006608963013,1,-0.176390007138252258,0.994840025901794434,-0.189490005373954773,0.956009984016418457,-0.20081000030040741,1,-0.922839999198913574,0.872799992561340332,-0.217930004000663757,0.829200029373168945,-0.223700001835823059,0.784789979457855225,-0.227650001645088196,0.73992002010345459,-0.229809999465942383
0,0,1,-1,1,1,-1,-1,1,-1,0,0,0,0,-1,1,1,-1,1,-1,-0.75,1,1,-1,1,-1,1,-1,-1,-1,0,0,1,-1
1,0,0.715210020542144775,-0.00646999990567564964,0.666670024394989014,-0.0420700013637542725,0.63107001781463623,-0.0517800003290176392,0.779940009117126465,0.0809099972248077393,0.673139989376068115,0.0970899984240531921,0.647249996662139893,0.158580005168914795,0.601939976215362549,-0.0194199997931718826,0.543690025806427002,-0.0453100018203258514,0.46926000714302063,-0.100319996476173401,0.647249996662139893,0.148870006203651428,0.391589999198913574,0.216830000281333923,0.524269998073577881,-0.0550200007855892181,0.451050013303756714,0.000399999989895150065,0.313919991254806519,-0.067960001528263092,0.491910010576248169,-0.106799997389316559,0.304210007190704346,-0.0517800003290176392
1,0,1,1,1,1,0.910099983215332031,1,-0.269699990749359131,1,-0.831520020961761475,1,-1,1,-1,0.725260019302368164,-1,-0.577790021896362305,-1,-0.420520007610321045,-1,-1,-0.528379976749420166,-1,0.900139987468719482,-1,1,-1,1,-1,1,-0.346859991550445557,1,0.348450005054473877
0,0,0,0,0,0,0,0,0,0,0,0,1,1,1,1,1,-1,0,0,1,1,1,-1,1,1,1,0,1,1,1,-1,0,0
1,0,0.635100007057189941,-0.0438800007104873657,0.765299975872039795,0.0296800006181001663,0.614319980144500732,0.360280007123947144,0.653580009937286377,-0.00461999978870153427,0.642030000686645508,0.0831400007009506226,0.794459998607635498,-0.434179991483688354,0.725170016288757324,0.549650013446807861,0.595839977264404297,0.138569995760917664,0.635100007057189941,0.219400003552436829,0.632790029048919678,-0.254040002822875977,0.70951002836227417,0.153589993715286255,0.646650016307830811,0.230949997901916504,0.687749981880187988,0.177039995789527893,0.616630017757415771,0.0762099996209144592,0.663160026073455811,0.198410004377365112,0.690530002117156982,0.36721000075340271
1,0,-1,1,-1,0.152439996600151062,0.283540010452270508,1,-1,1,-1,-1,1,1,-1,-0.234760001301765442,0.283010005950927734,-1,1,1,-0.314020007848739624,-1,-1,-1,1,-1,-1,-0.0357800014317035675,1,-1,-1,-0.323170006275177002,0.149389997124671936,1
1,0,1,0.241679996252059937,1,0.485900014638900757,1,0.729730010032653809,1,1,1,1,1,1,1,0.771279990673065186,1,1,1,1,0.74467998743057251,1,0.896470010280609131,1,0.646279990673065186,1,0.38255000114440918,1,0.108190000057220459,1,-0.173700004816055298,1,-0.813830018043518066,1
1,0,0.826240003108978271,0.0815600007772445679,0.790780007839202881,-0.0815600007772445679,0.904259979724884033,-0.0177299994975328445,0.929080009460449219,0.0106399999931454659,0.801419973373413086,0.0886500030755996704,0.946810007095336914,-0.007089999970048666,0.943260014057159424,0,0.932619988918304443,0.20213000476360321,0.950349986553192139,-0.007089999970048666,0.914889991283416748,0.007089999970048666,0.804960012435913086,0.0709199979901313782,0.911350011825561523,0.159569993615150452,0.895269989967346191,0.0816499963402748108,0.776600003242492676,0.0673800036311149597,0.925530016422271729,0.180849999189376831,0.925530016422271729,0
1,0,0.0166699998080730438,-0.356249988079071045,0,0,0,0,0,0,0,0,0,0,0.122919999063014984,-0.550000011920928955,0.228129997849464417,0.828130006790161133,1,-0.422919988632202148,0,0,0.0833299979567527771,-1,-0.106250002980232239,-0.166669994592666626,1,-0.766669988632202148,-1,0.188539996743202209,0,0,1,-0.272920012474060059
1,0,0.85271000862121582,0.0542600005865097046,1,0.0806899964809417725,1,1,0.9147300124168396,-0.00774999987334012985,0.837209999561309814,0.0387599989771842957,1,0.271530002355575562,1,1,0.813950002193450928,0.0465099997818470001,0.906979978084564209,0.116279996931552887,1,0.506699979305267334,1,-1,0.806200027465820312,0.0387599989771842957,1,0.71613001823425293,0.84495997428894043,0.0697700008749961853,1,0.873170018196105957,1,1
1,0,0.712530016899108887,-0.0259499996900558472,0.41286998987197876,-0.230670005083084106,0.980189979076385498,-0.0947299972176551819,0.997089982032775879,-0.10236000269651413,1,-0.109509997069835663,0.589649975299835205,1,0.837260007858276367,-1,0.822700023651123047,-0.17862999439239502,0.807600021362304688,-0.282570004463195801,-0.2591400146484375,0.927299976348876953,0.519330024719238281,0.0545599982142448425,0.654929995536804199,-0.20392000675201416,0.9312400221824646,-0.413069993257522583,0.638109982013702393,-0.219009995460510254,0.861360013484954834,-0.873539984226226807,-0.231859996914863586,-1
1,0,0.952170014381408691,0.0659499987959861755,0.936140000820159912,0.130300000309944153,0.909959971904754639,0.191520005464553833,0.848810017108917236,-0.499619990587234497,0.900229990482330322,0.613200008869171143,0.779370009899139404,0.343279987573623657,0.722540020942687988,0.379880011081695557,0.661450028419494629,0.408439993858337402,0.954720020294189453,0.598619997501373291,0.532580018043518066,0.440880000591278076,0.46772998571395874,0.44510999321937561,0.404399991035461426,0.441989988088607788,0.343739986419677734,0.432209998369216919,0.903299987316131592,1,0.234050005674362183,0.396200001239776611,0.186320006847381592,0.371910005807876587
1,0,0.83478999137878418,0.289929986000061035,0.692560017108917236,0.477019995450973511,0.492339998483657837,0.683809995651245117,0.219909995794296265,0.867609977722167969,-0.0809599980711936951,0.850109994411468506,-0.355580002069473267,0.776809990406036377,-0.527350008487701416,0.584249973297119141,-0.703499972820281982,0.312909990549087524,-0.75821000337600708,0.0393900014460086823,-0.712249994277954102,-0.153170004487037659,-0.583150029182434082,-0.391680002212524414,-0.371989995241165161,-0.529540002346038818,-0.169499993324279785,-0.608630001544952393,0.0842500030994415283,-0.614880025386810303,0.251639991998672485,-0.484679996967315674,0.405909985303878784,-0.353390008211135864
1,0,1,0.241679996252059937,1,0.485900014638900757,1,0.729730010032653809,1,1,1,1,1,1,1,0.771279990673065186,1,1,1,1,0.74467998743057251,1,0.896470010280609131,1,0.646279990673065186,1,0.38255000114440918,1,0.108190000057220459,1,-0.173700004816055298,1,-0.813830018043518066,1
1,0,1,1,0.367000013589859009,0.0615799985826015472,0.129930004477500916,0.927129983901977539,-0.275860011577606201,0.935959994792938232,-0.315270006656646729,0.376850008964538574,-0.871919989585876465,0.369459986686706543,-0.928569972515106201,-0.088670000433921814,-0.389160007238388062,-0.342359989881515503,-0.465519994497299194,-0.825119972229003906,-0.0541899986565113068,-0.935959994792938232,0.256159991025924683,-0.204429998993873596,0.737919986248016357,-0.459500014781951904,0.854709982872009277,-0.0683100000023841858,1,1,0.38670000433921814,0.00246000010520219803,0.177579998970031738,0.797900021076202393
1,0,-0.00640999991446733475,-0.5,0,0,-0.0192300006747245789,1,0,0,0,0,0,0,0,0,0,0,0.314099997282028198,0.929489970207214355,-0.35256001353263855,0.743589997291564941,-0.346150010824203491,-0.807690024375915527,0,0,-0.615379989147186279,-0.512820005416870117,0,0,0,0,0,0
1,0,1,0.161950007081031799,1,-0.0555800013244152069,1,0.0137299997732043266,1,-0.123520001769065857,1,-0.0151100000366568565,1,-0.017309999093413353,1,-0.0637400001287460327,1,-0.0715700015425682068,1,0.0590000003576278687,1,-0.101080000400543213,1,-0.0268500000238418579,1,-0.229780003428459167,1,-0.0682300031185150146,1,0.0829899981617927551,1,-0.141939997673034668,1,-0.0743900015950202942
1,0,0.957040011882781982,-0.120949998497962952,0.633180022239685059,-0.126900002360343933,0.963649988174438477,-0.182420000433921814,0.970260024070739746,0.0846000015735626221,0.920029997825622559,-0.0112399999052286148,0.835430026054382324,-0.247189998626708984,1,-0.313950002193450928,0.992730021476745605,-0.212160006165504456,0.986779987812042236,-0.210179999470710754,1,-0.271649986505508423,0.931259989738464355,-0.39458000659942627,1,-0.192330002784729004,0.887929975986480713,-0.315649986267089844,0.81427997350692749,-0.237279996275901794,0.890950024127960205,-0.318569988012313843,0.695309996604919434,-0.415729999542236328
1,0,0,0,-1,-0.627659976482391357,1,0.51064002513885498,0.0797900035977363586,-0.234040006995201111,-1,-0.361699998378753662,0.127660006284713745,-0.590430021286010742,1,-1,0,0,0.829789996147155762,-0.0797900035977363586,-0.25,1,0.170210003852844238,-0.707449972629547119,0,0,-0.191489994525909424,-0.4680899977684021,-0.223399996757507324,-0.489360004663467407,0.74467998743057251,0.904259979724884033,-0.675530016422271729,0.457450002431869507
1,0,0.473679989576339722,-0.105259999632835388,0.837809979915618896,0.0175599996000528336,0.831550002098083496,0.0261499993503093719,0.684210002422332764,-0.0526299998164176941,0.684210002422332764,0,0.798560023307800293,0.0502800010144710541,0.783150017261505127,0.0575600005686283112,0.842109978199005127,0.473679989576339722,1,0.0526299998164176941,0.725499987602233887,0.0763100013136863708,0.703010022640228271,0.0814099982380867004,0.421050012111663818,0.210529997944831848,0.654190003871917725,0.0896800011396408081,0.526319980621337891,-0.210529997944831848,0.601499974727630615,0.0953399986028671265,0.574180006980895996,0.0971900001168251038
1,0,0,0,-1,-1,-1,1,0,0,-1,1,1,1,1,-1,0,0,0,0,-1,-1,-1,1,1,0.4375,1,-1,0,0,-1,-1,-1,1
1,0,1,-0.0871400013566017151,1,-0.172629997134208679,0.866349995136260986,-0.817789971828460693,0.948170006275177002,0.61053001880645752,0.954729974269866943,-0.413819998502731323,0.884859979152679443,-0.317360013723373413,0.879369974136352539,-0.23432999849319458,0.810509979724884033,-0.621800005435943604,0.122450001537799835,-1,0.902840018272399902,0.110529996454715729,0.623570024967193604,-0.785470008850097656,0.553889989852905273,-0.828679978847503662,0.481359988451004028,-0.865830004215240479,0.406500011682510376,-0.89674001932144165,0.329840004444122314,-0.921280026435852051,-0.133410006761550903,-1
1,0,0.392859995365142822,0.523810029029846191,-0.788240015506744385,0.113420002162456512,-0.166280001401901245,-0.763779997825622559,0.666670024394989014,0.011900000274181366,0.821430027484893799,0.404760003089904785,-0.672299981117248535,0.307289987802505493,-0.347970008850097656,-0.636680006980895996,0.464289993047714233,0.154760003089904785,0.547619998455047607,0.0595199987292289734,-0.518299996852874756,0.449609994888305664,-0.476509988307952881,-0.47593998908996582,0.321429997682571411,0.702380001544952393,0.519710004329681396,0.388480007648468018,0.571430027484893799,0.392859995365142822,-0.548910021781921387,-0.299149990081787109,0.254409998655319214,-0.558369994163513184
1,0,1,0.578199982643127441,1,-1,1,-1,1,-1,1,-1,1,-1,1,-1,1,-1,1,-1,1,-0.627960026264190674,1,-1,1,-1,1,-1,1,-1,1,-1,1,-1
1,0,0.952019989490509033,0.0225399993360042572,0.937569975852966309,-0.0127199999988079071,0.935259997844696045,0.0121400002390146255,0.967050015926361084,-0.017340000718832016,0.969359993934631348,0.00520000001415610313,0.956650018692016602,-0.0306400004774332047,0.952600002288818359,-0.00405000010505318642,0.994799971580505371,-0.0265900008380413055,0.997690021991729736,0.0179200004786252975,0.935840010643005371,-0.0497100017964839935,0.938149988651275635,-0.0237000007182359695,0.97052001953125,-0.0445099994540214539,0.962149977684020996,-0.016470000147819519,0.973990023136138916,0.0190799999982118607,0.954339981079101562,-0.0340999998152256012,0.958379983901977539,0.00808999966830015182
0,0,0,0,1,1,1,1,0,0,0,0,-1,-1,0,0,-1,-1,0,0,0,0,1,1,0,0,1,1,0,0,-1,1,0,0
1,0,0.901160001754760742,0.16606999933719635,0.792990028858184814,0.373789995908737183,0.729900002479553223,0.505150020122528076,0.597840011119842529,0.729969978332519531,0.443029999732971191,0.811519980430603027,0.244120001792907715,0.874930024147033691,0.0643799975514411926,0.850380003452301025,-0.126110002398490906,0.873960018157958984,-0.287389993667602539,0.79616999626159668,-0.466349989175796509,0.659240007400512695,-0.571349978446960449,0.538049995899200439,-0.681590020656585693,0.399509996175765991,-0.718439996242523193,0.258350014686584473,-0.7236899733543396,0.11218000203371048,-0.714749991893768311,-0.0552500002086162567,-0.676989972591400146,-0.199039995670318604
1,0,0.88116002082824707,0.274749994277954102,0.721249997615814209,0.428810000419616699,0.61558997631072998,0.636619985103607178,0.388249993324279785,0.905019998550415039,0.0983100011944770813,0.961279988288879395,-0.200969994068145752,0.892000019550323486,-0.357369989156723022,0.77499997615814209,-0.651139974594116211,0.622099995613098145,-0.787679970264434814,0.455350011587142944,-0.818560004234313965,0.190950006246566772,-0.839429974555969238,-0.0807899981737136841,-0.783339977264404297,-0.263559997081756592,-0.675570011138916016,-0.455110013484954834,-0.547320008277893066,-0.60857999324798584,-0.305119991302490234,-0.666999995708465576,-0.193120002746582031,-0.755970001220703125
1,0,1,-0.0952399969100952148,-1,-1,-1,-1,1,0.317460000514984131,0.813489973545074463,0.761900007724761963,-1,-1,-1,1,0.473639994859695435,1,1,1,0.688390016555786133,-1,-1,-1,0.829370021820068359,0.365079998970031738,1,1,1,0.507939994335174561,-1,-0.325399994850158691,-1,0.728309988975524902
1,0,0.0869600027799606323,0.00686000008136034012,0.139589995145797729,-0.0411899983882904053,0.105259999632835388,-0.0823799967765808105,0.125860005617141724,-0.061779998242855072,0.233410000801086426,-0.0114399995654821396,0.123570002615451813,0.0777999982237815857,0.146449998021125793,-0.135010004043579102,0.290619999170303345,-0.0480500012636184692,0.189930006861686707,0.0732299983501434326,0.116700001060962677,0,0.112130001187324524,-0.00228999997489154339,0.151030004024505615,-0.102969996631145477,0.0846699997782707214,0.0137299997732043266,0.112130001187324524,-0.0663599967956542969,0.0961100012063980103,-0.0732299983501434326,0.116700001060962677,-0.0686499997973442078
1,0,0.928699970245361328,0.331640005111694336,0.761680006980895996,0.623489975929260254,0.49305000901222229,0.842660009860992432,0.215920001268386841,0.951929986476898193,-0.139559999108314514,0.961669981479644775,-0.472020000219345093,0.835900008678436279,-0.70746999979019165,0.654900014400482178,-0.874740004539489746,0.367500007152557373,-0.918139994144439697,0.0559500008821487427,-0.898239970207214355,-0.261729985475540161,-0.739690005779266357,-0.540690004825592041,-0.507570028305053711,-0.747349977493286133,-0.22323000431060791,-0.861220002174377441,0.0781000033020973206,-0.871590018272399902,0.360210001468658447,-0.780569970607757568,0.594070017337799072,-0.602699995040893555
1,0,0.881030023097991943,-0.00856999959796667099,0.898180007934570312,-0.0246500000357627869,0.94104999303817749,-0.0182199999690055847,0.891749978065490723,-0.127550005912780762,0.822080016136169434,-0.109319999814033508,0.88853001594543457,0.0117899999022483826,0.907819986343383789,-0.137189999222755432,0.871379971504211426,-0.0610899999737739563,0.907819986343383789,-0.0235799998044967651,0.879960000514984131,-0.14576999843120575,0.828509986400604248,-0.124329999089241028,0.901390016078948975,-0.195069998502731323,0.882449984550476074,-0.149029999971389771,0.843519985675811768,-0.128619998693466187,0.88423997163772583,-0.185420006513595581,0.917469978332519531,-0.168270006775856018
1,0,1,0.0170900002121925354,0.962149977684020996,-0.031419999897480011,1,-0.0343599990010261536,1,-0.0507100000977516174,0.990260004997253418,-0.0709199979901313782,0.991729974746704102,-0.0900200009346008301,1,-0.157269999384880066,1,-0.142570003867149353,0.983099997043609619,-0.118129998445510864,1,-0.185190007090568542,1,-0.192719995975494385,0.989709973335266113,-0.220829993486404419,0.964900016784667969,-0.202429994940757751,0.945990025997161865,-0.171230003237724304,0.96435999870300293,-0.225610002875328064,0.870109975337982178,-0.23296000063419342
1,0,1,-1,1,1,1,-1,1,-1,1,-1,1,-0.0184000004082918167,1,-1,1,1,1,-0.855830013751983643,1,1,1,-1,0,0,1,1,1,-0.79141002893447876,1,1,1,1
1,0,0.880850017070770264,0.352319985628128052,0.683889985084533691,0.651279985904693604,0.348159998655319214,0.797839999198913574,0.0583200007677078247,0.908420026302337646,-0.297839999198913574,0.864899992942810059,-0.626349985599517822,0.695900022983551025,-0.771059989929199219,0.393090009689331055,-0.858030021190643311,0.0840800032019615173,-0.81641000509262085,-0.240170001983642578,-0.645789980888366699,-0.500220000743865967,-0.397659987211227417,-0.683369994163513184,-0.111469998955726624,-0.755330026149749756,0.170410007238388062,-0.715040028095245361,0.406749993562698364,-0.57648998498916626,0.566259980201721191,-0.367650002241134644,0.627650022506713867,-0.133049994707107544
0,0,0,0,0,0,0,0,0,0,0,0,0,0,0,0,0,0,0,0,0,0,0,0,0,0,1,-1,0,0,0,0,0,0
1,0,1,0.0507000014185905457,1,0.10826999694108963,1,0.194979995489120483,1,0.284530013799667358,1,0.348259985446929932,1,0.38260999321937561,0.945749998092651367,0.428810000419616699,0.891260027885437012,0.50391000509262085,0.759060025215148926,0.588010013103485107,0.806439995765686035,0.59961998462677002,0.795780003070831299,0.627579987049102783,0.666429996490478516,0.639419972896575928,0.594169974327087402,0.694350004196166992,0.495380014181137085,0.726840019226074219,0.470270007848739624,0.71688997745513916,0.333810001611709595,0.7524300217628479
1,0,0.392859995365142822,0.523810029029846191,-0.788240015506744385,0.113420002162456512,-0.166280001401901245,-0.763779997825622559,0.666670024394989014,0.011900000274181366,0.821430027484893799,0.404760003089904785,-0.672299981117248535,0.307289987802505493,-0.347970008850097656,-0.636680006980895996,0.464289993047714233,0.154760003089904785,0.547619998455047607,0.0595199987292289734,-0.518299996852874756,0.449609994888305664,-0.476509988307952881,-0.47593998908996582,0.321429997682571411,0.702380001544952393,0.519710004329681396,0.388480007648468018,0.571430027484893799,0.392859995365142822,-0.548910021781921387,-0.299149990081787109,0.254409998655319214,-0.558369994163513184
1,0,0.866890013217926025,0.359499990940093994,0.720139980316162109,0.666670024394989014,0.372009992599487305,0.830489993095397949,0.0864600017666816711,0.858929991722106934,-0.241180002689361572,0.861209988594055176,-0.51762998104095459,0.675769984722137451,-0.687139987945556641,0.415239989757537842,-0.770190000534057617,0.0989800021052360535,-0.693970024585723877,-0.13651999831199646,-0.494879990816116333,-0.42206999659538269,-0.32537001371383667,-0.576789975166320801,-0.0284400004893541336,-0.599539995193481445,0.153600007295608521,-0.531270027160644531,0.32308998703956604,-0.370880007743835449,0.46189001202583313,-0.196810007095336914,0.40955999493598938,0.0182000007480382919
0,0,1,-1,0,0,0,0,1,1,1,-1,-0.71875,1,0,0,-1,1,1,1,-1,1,1,0.5625,-1,1,1,1,1,-1,1,1,1,1
1,0,0.981660008430480957,0.00874000042676925659,0.981029987335205078,-0.0381800010800361633,0.975650012493133545,-0.0569900013506412506,0.959469974040985107,-0.0697100013494491577,0.990040004253387451,-0.0450699999928474426,0.947130024433135986,-0.111019998788833618,0.933690011501312256,-0.127900004386901855,0.942170023918151855,-0.115829996764659882,0.796819984912872314,-0.192000001668930054,0.882740020751953125,-0.173869997262954712,0.862569987773895264,-0.187389999628067017,0.884869992733001709,-0.196889996528625488,0.818130016326904297,-0.211359992623329163,0.785459995269775391,-0.238639995455741882,0.769110023975372314,-0.230949997901916504,0.743229985237121582,-0.239020004868507385
1,0,0.834270000457763672,0.391209989786148071,0.540400028228759766,0.785790026187896729,0.123259998857975006,0.894020020961761475,-0.332210004329681396,0.835780024528503418,-0.700860023498535156,0.595640003681182861,-0.866219997406005859,0.219089999794960022,-0.844420015811920166,-0.241640001535415649,-0.597140014171600342,-0.618939995765686035,-0.193540006875991821,-0.877870023250579834,0.124389998614788055,-0.890640020370483398,0.511089980602264404,-0.724539995193481445,0.791429996490478516,-0.27733999490737915,0.830079972743988037,0.0871800035238265991,0.665920019149780273,0.490790009498596191,0.37542000412940979,0.700110018253326416,-0.0398299992084503174,0.794439971446990967
1,0,1,0.0665500015020370483,1,-0.183880001306533813,1,-0.273200005292892456,1,-0.431069999933242798,1,-0.413489997386932373,0.962320029735565186,-0.518739998340606689,0.907109975814819336,-0.590170025825500488,0.892300009727478027,-0.664740025997161865,0.698759973049163818,-0.709969997406005859,0.706449985504150391,-0.763199985027313232,0.630810022354125977,-0.805440008640289307,0.558669984340667725,-0.891279995441436768,0.472110003232955933,-0.865000009536743164,0.40303000807762146,-0.83674997091293335,0.309960007667541504,-0.890929996967315674,0.229949995875358582,-0.891579985618591309
1,0,0.881099998950958252,0,0.948170006275177002,-0.0274400003254413605,0.935980021953582764,-0.0121999997645616531,0.902440011501312256,0.0182900000363588333,0.902440011501312256,0.0182900000363588333,0.939019978046417236,0.00915000028908252716,0.957319974899291992,0.00304999994114041328,1,0.0274400003254413605,0.94207000732421875,-0.0121999997645616531,0.908540010452270508,0.0243900008499622345,0.914629995822906494,0.0548800006508827209,0.996949970722198486,0.048780001699924469,0.896659970283508301,0.022260000929236412,0.908540010452270508,0.00915000028908252716,1,0.0548800006508827209,0.975610017776489258,-0.0121999997645616531
0,0,-1,1,-1,-1,0,0,-1,1,1,-1,-1,-1,-1,1,0,0,-1,-1,-1,1,0,0,1,-1,1,1,1,-1,1,1,0,0
1,0,1,0.0352899990975856781,1,0.182809993624687195,1,0.269679993391036987,1,0.250679999589920044,1,0.28777998685836792,1,0.38642999529838562,1,0.3167400062084198,1,0.657010018825531006,1,0.538460016250610352,1,0.612670004367828369,1,0.594569981098175049,0.895929992198944092,0.683260023593902588,0.895020008087158203,0.713739991188049316,0.856109976768493652,0.671490013599395752,0.743889987468719482,0.856109976768493652,0.71492999792098999,0.758369982242584229
1,0,0.90931999683380127,0.087909996509552002,0.865279972553253174,0.168880000710487366,1,0.16597999632358551,0.551869988441467285,0.681540012359619141,0.702069997787475586,0.367190003395080566,0.162860006093978882,0.427390009164810181,0.576200008392333984,0.460860013961791992,0.510670006275177002,0.49617999792098999,0.316390007734298706,0.129669994115829468,0.378239989280700684,0.544619977474212646,0.31273999810218811,0.558260023593902588,0.248559996485710144,0.565270006656646729,0.186259999871253967,0.56604999303817749,0.126350000500679016,0.561010003089904785,0.0692699998617172241,0.550610005855560303,0.121370002627372742,0.677389979362487793
1,0,0.946489989757537842,0.00891999993473291397,0.972869992256164551,-0.00260000000707805157,0.989220023155212402,0.00371999992057681084,0.958010017871856689,0.0159799996763467789,0.940540015697479248,0.0353000015020370483,0.972130000591278076,0.0471899993717670441,0.986249983310699463,0.0185800008475780487,0.942770004272460938,0.07135000079870224,0.985509991645812988,-0.00706000020727515221,0.977699995040893555,0.0498000010848045349,0.963580012321472168,0.0709799975156784058,0.932739973068237305,0.0810099989175796509,0.952430009841918945,0.0435599982738494873,0.974730014801025391,0.00817999988794326782,0.978450000286102295,0.0706100016832351685,1,-0.00260000000707805157
1,0,0.868889987468719482,-0.0711100026965141296,1,-0.0249400008469820023,1,-0.0688899978995323181,0.877780020236968994,0.00221999990753829479,0.835560023784637451,-0.0644399970769882202,1,-0.0728700011968612671,1,-0.200000002980232239,0.868889987468719482,0.0533300004899501801,0.879999995231628418,-0.0377800017595291138,1,-0.115259997546672821,1,-0.186670005321502686,0.844439983367919922,0.0355600006878376007,1,-0.14161999523639679,0.822220027446746826,-0.14666999876499176,1,-0.156090006232261658,1,-0.442220002412796021
1,0,1,0.0246099997311830521,0.996720016002655029,0.048610001802444458,0.975449979305267334,0.0714299976825714111,0.61744999885559082,-1,0.910359978675842285,0.111469998955726624,0.884620010852813721,0.536400020122528076,0.820770025253295898,0.141369998455047607,0.769289970397949219,0.151889994740486145,1,0.410030007362365723,0.658500015735626221,0.16370999813079834,0.601379990577697754,0.165160000324249268,0.544459998607635498,0.163900002837181091,0.488669991493225098,0.160190001130104065,0.434810012578964233,0.154359996318817139,0.383520007133483887,0.146770000457763672,1,1
0,0,0,0,0,0,0,0,0,0,0,0,0,0,0,0,0,0,0,0,0,0,0,0,0,0,1,-1,0,0,0,0,0,0
1,0,0.25,0.166669994592666626,0.466670006513595581,0.266669988632202148,0.190359994769096375,0.239659994840621948,0.077660001814365387,0.199389994144439697,0.0107000004500150681,0.149220004677772522,-0.0236699990928173065,0.101879999041557312,-0.0368500016629695892,0.0631700009107589722,-0.0376599989831447601,0.0345799997448921204,-0.0322999991476535797,0.0153200002387166023,-0.0247399993240833282,0.0035699999425560236,-0.0172600001096725464,-0.00273000006563961506,-0.0109700001776218414,-0.00539000006392598152,-0.00620999978855252266,-0.00585999991744756699,-0.00294000003486871719,-0.00520000001415610313,-0.000890000024810433388,-0.00407999986782670021,0.000250000011874362826,-0.00291000003926455975
1,0,0.901160001754760742,0.16606999933719635,0.792990028858184814,0.373789995908737183,0.729900002479553223,0.505150020122528076,0.597840011119842529,0.729969978332519531,0.443029999732971191,0.811519980430603027,0.244120001792907715,0.874930024147033691,0.0643799975514411926,0.850380003452301025,-0.126110002398490906,0.873960018157958984,-0.287389993667602539,0.79616999626159668,-0.466349989175796509,0.659240007400512695,-0.571349978446960449,0.538049995899200439,-0.681590020656585693,0.399509996175765991,-0.718439996242523193,0.258350014686584473,-0.7236899733543396,0.11218000203371048,-0.714749991893768311,-0.0552500002086162567,-0.676989972591400146,-0.199039995670318604
1,0,1,-1,1,1,1,1,1,-0.5,1,1,1,1,1,1,0,0,1,1,1,1,1,-1,1,1,1,0.625,1,-0.75,-0.75,1,1,1
1,0,0.5,0,0.386959999799728394,0.104350000619888306,0.491299986839294434,0.0652199983596801758,0.469570010900497437,-0.0391299985349178314,0.356519997119903564,-0.126090005040168762,0.456519991159439087,0.0478300005197525024,0.504350006580352783,0.0260899998247623444,0.356519997119903564,0.195649996399879456,0.42173999547958374,0.147829994559288025,0.42173999547958374,-0.0260899998247623444,0.321740001440048218,-0.113040000200271606,0.473910003900527954,-0.00870000012218952179,0.417890012264251709,0.0690800026059150696,0.386959999799728394,0.0391299985349178314,0.352169990539550781,0.147829994559288025,0.447829991579055786,0.173910006880760193
1,0,0.958819985389709473,0.101290002465248108,1,-0.019179999828338623,0.983129978179931641,0.0255500003695487976,0.969739973545074463,-0.0931600034236907959,0.989549994468688965,-0.0271600000560283661,0.979799985885620117,-0.0309599991887807846,1,-0.0534299984574317932,1,-0.0517899990081787109,0.938399970531463623,0.0155699998140335083,0.976199984550476074,-0.0928400009870529175,0.978890001773834229,-0.0531800016760826111,0.91566997766494751,-0.156749993562698364,0.956770002841949463,-0.0699499994516372681,0.909780025482177734,0.0130700003355741501,1,-0.107969999313354492,0.931439995765686035,-0.0688799992203712463
0,0,0,0,0,0,0,0,0,0,0,0,-1,-1,0,0,1,0.75,0,0,0,0,-1,1,0,0,1,-1,-1,-1,1,1,0,0
1,0,0.88853001594543457,0.0163100007921457291,0.920069992542266846,0.0130500001832842827,0.924419999122619629,0.0135899996384978294,0.89178997278213501,-0.102229997515678406,0.901030004024505615,-0.0842799991369247437,0.93040001392364502,-0.0103299999609589577,0.930939972400665283,-0.0891800001263618469,0.860249996185302734,-0.0505699999630451202,0.894509971141815186,-0.0402400009334087372,0.884180009365081787,-0.121260002255439758,0.889069974422454834,-0.119089998304843903,0.829800009727478027,-0.141379997134208679,0.864530026912689209,-0.118079997599124908,0.855359971523284912,-0.130510002374649048,0.835240006446838379,-0.124519996345043182,0.867860019207000732,-0.122349999845027924
1,0,1,0.0980200022459030151,1,0.251010000705718994,0.983900010585784912,0.330440014600753784,0.803650021553039551,0.530200004577636719,0.749769985675811768,0.602970004081726074,0.569369971752166748,0.719420015811920166,0.553110003471374512,0.740790009498596191,0.294519990682601929,0.821929991245269775,0.211370006203651428,0.797770023345947266,0.0970899984240531921,0.821619987487792969,-0.017340000718832016,0.79869997501373291,-0.15143999457359314,0.755959987640380859,-0.22838999330997467,0.691869974136352539,-0.317129999399185181,0.609480023384094238,-0.402909994125366211,0.545220017433166504,-0.428149998188018799,0.445340007543563843
1,0,0,0,0,0,0,0,-1,1,0,0,1,0.373329997062683105,-0.119999997317790985,-0.119999997317790985,0,0,-1,-1,0,0,1,-1,0,0,1,0.226669996976852417,0,0,0,0,0,0
1,0,0.936689972877502441,-0.00190000003203749657,0.607609987258911133,0.432040005922317505,0.923139989376068115,-0.401289999485015869,0.931230008602142334,0.16828000545501709,0.961969971656799316,0.0906099975109100342,0.996760010719299316,0.0817200019955635071,0.915859997272491455,0.0509699992835521698,0.84627997875213623,-0.253239989280700684,0.87379002571105957,-0.14482000470161438,0.848710000514984131,0.261330008506774902,0.750810027122497559,-0.0364100001752376556,0.845470011234283447,-0.0258900001645088196,0.872929990291595459,-0.0230199992656707764,0.98544001579284668,0.0938500016927719116,0.783169984817504883,-0.10193999856710434,0.858410000801086426,-0.147249996662139893
1,0,0.980019986629486084,0.000750000006519258022,1,0,0.989820003509521484,-0.000750000006519258022,0.947210013866424561,0.0239400006830692291,0.976999998092651367,0.0212999992072582245,0.978879988193511963,0.030729999765753746,0.99169999361038208,0.0233800001442432404,0.939289987087249756,0.0571300014853477478,0.935519993305206299,0.0527900010347366333,0.977379977703094482,0.0552400015294551849,1,0.0624100007116794586,0.941550016403198242,0.0810699984431266785,0.967090010643005371,0.0725499987602233887,0.957009971141815186,0.0808800011873245239,0.98189997673034668,0.0812600031495094299,0.972469985485076904,0.0861599966883659363
1,0,0.310339987277984619,-0.103450000286102295,0.241380006074905396,-0.103450000286102295,0.20690000057220459,-0.0689700022339820862,0.0740500018000602722,-0.0543100014328956604,0.0364900007843971252,-0.0368900001049041748,0.0170699991285800934,-0.0238300003111362457,0.00741000007838010788,-0.0148200001567602158,0.0028099999763071537,-0.00892999954521656036,0.00078000000212341547,-0.00522999977692961693,-2.99999992421362549e-05,-0.00298999994993209839,-0.000280000007478520274,-0.00165999995078891516,-0.000310000003082677722,-0.000899999984540045261,-0.000250000011874362826,-0.000479999987874180079,-0.000180000002728775144,-0.000239999993937090039,-0.00011999999696854502,-0.00011999999696854502,-7.99999979790300131e-05,-5.99999984842725098e-05
1,0,0.881789982318878174,0.434909999370574951,0.595730006694793701,0.776549994945526123,0.196720004081726074,0.945370018482208252,-0.241029992699623108,0.925440013408660889,-0.625259995460510254,0.712570011615753174,-0.864430010318756104,0.336519986391067505,-0.923839986324310303,-0.0533800013363361359,-0.773559987545013428,-0.447070002555847168,-0.46950000524520874,-0.732850015163421631,-0.102370001375675201,-0.822170019149780273,0.263839989900588989,-0.775699973106384277,0.559840023517608643,-0.559099972248077393,0.721469998359680176,-0.24433000385761261,0.724780023097991943,0.0959900021553039551,0.581369996070861816,0.389149993658065796,0.347490012645721436,0.576560020446777344
1,0,1,0.515150010585784912,0.454549998044967651,0.333330005407333374,0.0606100000441074371,0.363640010356903076,-0.32104000449180603,0.730620026588439941,-0.454549998044967651,0.484849989414215088,-0.575760006904602051,0,-0.575760006904602051,-0.121210001409053802,-0.333330005407333374,-0.484849989414215088,-0.090910002589225769,-0.848479986190795898,0.484849989414215088,-0.575760006904602051,0.575760006904602051,-0.424239993095397949,1,-0.393940001726150513,0.729610025882720947,0.123309999704360962,0.969699978828430176,0.575760006904602051,0.242420002818107605,0.363640010356903076,0.090910002589225769,0.333330005407333374
1,0,1,-0.924530029296875,1,0.754719972610473633,0.490570008754730225,-0.0566000007092952728,0.622640013694763184,0,1,-0.000539999979082494974,0.452829986810684204,0.0754700005054473877,0.622640013694763184,-0.0566000007092952728,0.988780021667480469,-0.000850000011269003153,0.528299987316131592,0,0.528299987316131592,0.0754700005054473877,0.951900005340576172,-0.0011200000299140811,1,0.792450010776519775,0.92192000150680542,-0.00127999996766448021,0.943400025367736816,-1,1,0.433959990739822388,0.433959990739822388,-0.113210000097751617
1,0,1,0.0801300033926963806,0.967750012874603271,-0.00481999991461634636,0.966830015182495117,-0.00722000002861022949,0.879800021648406982,-0.039230000227689743,1,0.0141899995505809784,0.961860001087188721,-0.014360000379383564,0.959469974040985107,-0.0167100001126527786,0.984969973564147949,0.0100199999287724495,0.911520004272460938,-0.0884800031781196594,0.950160026550292969,-0.0236399993300437927,0.946359992027282715,-0.0259099993854761124,0.981639981269836426,0.020029999315738678,0.937720000743865967,-0.0303399991244077682,1,-0.0584300011396408081,0.927739977836608887,-0.0346399992704391479,0.922259986400604248,-0.0367299988865852356
1,0,1,-0.0373000018298625946,1,-0.0738300010561943054,0.996010005474090576,-0.11039000004529953,0.998380005359649658,-0.0993100032210350037,0.989409983158111572,-0.138139992952346802,0.966740012168884277,-0.216949999332427979,0.952880024909973145,-0.250990003347396851,0.912360012531280518,-0.344000011682510376,0.905809998512268066,-0.321520000696182251,0.89990997314453125,-0.346909999847412109,0.878740012645721436,-0.376430004835128784,0.86212998628616333,-0.429899990558624268,0.83171999454498291,-0.431219995021820068,0.814329981803894043,-0.425929993391036987,0.779190003871917725,-0.479770004749298096,0.751150012016296387,-0.501519978046417236
1,0,0.618570029735565186,0.108499996364116669,0.706939995288848877,-0.0693499967455863953,0.703580021858215332,0.0167800001800060272,0.742730021476745605,0.00224000005982816219,0.710290014743804932,0.157719999551773071,0.715879976749420166,-0.00224000005982816219,0.797540009021759033,0.0659999996423721313,0.836690008640289307,-0.165549993515014648,0.686800003051757812,-0.0905999988317489624,0.625280022621154785,-0.0134199997410178185,0.609619975090026855,0.11744999885559082,0.712530016899108887,-0.0950800031423568726,0.698450028896331787,-0.0167299993336200714,0.633109986782073975,0.0480999983847141266,0.788590013980865479,-0.051449999213218689,0.652130007743835449,-0.0469800010323524475
1,0,1,1,1,-1,1,-1,1,1,1,1,1,1,1,-1,1,1,1,1,1,1,1,1,1,1,1,0.5,0,0,1,-1,1,-1
1,0,0.916670024394989014,0.291669994592666626,0.833329975605010986,-0.166669994592666626,0.708329975605010986,0.25,0.875,-0.0833299979567527771,0.916670024394989014,0.0416699983179569244,0.833329975605010986,0.125,0.708329975605010986,0,0.875,0.0416699983179569244,1,0.0833299979567527771,0.666670024394989014,-0.0833299979567527771,0.75,0.166669994592666626,0.833329975605010986,-0.125,0.837960004806518555,0.0550299994647502899,1,0.208330005407333374,0.708329975605010986,0,0.708329975605010986,0.0416699983179569244
1,0,0.988219976425170898,0.0218700002878904343,0.931020021438598633,0.340999990701675415,0.839039981365203857,0.352219998836517334,0.747060000896453857,0.489060014486312866,0.735840022563934326,0.518790006637573242,0.550759971141815186,0.601790010929107666,0.43130001425743103,0.662370026111602783,0.317999988794326782,0.704429984092712402,0.283789992332458496,0.688730001449584961,0.0751499980688095093,0.736959993839263916,0.0633800029754638672,0.712840020656585693,-0.164890006184577942,0.697139978408813477,-0.165560007095336914,0.605099976062774658,-0.162090003490447998,0.558049976825714111,-0.347169995307922363,0.441949993371963501,-0.334829986095428467,0.374650001525878906
1,0,1,-0.147540003061294556,1,0.0491800010204315186,0.573769986629486084,-0.0163899995386600494,0.655740022659301758,0.0163899995386600494,0.852460026741027832,-0.0327900014817714691,0.721310019493103027,0,0.68852001428604126,-0.163929998874664307,0.196720004081726074,-0.147540003061294556,0.655579984188079834,-0.171759992837905884,0.672129988670349121,0.0327900014817714691,1,-0.295080006122589111,0.31147998571395874,-0.34426000714302063,0.523850023746490479,-0.203250005841255188,0.327870011329650879,-0.0327900014817714691,0.27869001030921936,-0.442620009183883667,0.491800010204315186,-0.0655699968338012695
1,0,0.94700998067855835,-0.00033999999868683517,0.932070016860961914,-0.0322699993848800659,0.951770007610321045,-0.0343099981546401978,0.955839991569519043,0.0244600009173154831,0.941240012645721436,0.0176599994301795959,0.925949990749359131,0.0468799993395805359,0.93954002857208252,-0.01460999995470047,0.948369979858398438,0.020039999857544899,0.937839984893798828,0.013930000364780426,0.914059996604919434,0.076770000159740448,0.894699990749359131,0.0614800006151199341,0.939880013465881348,0.0319299995899200439,0.924889981746673584,0.0254200007766485214,0.921199977397918701,0.022420000284910202,0.924589991569519043,0.00442000012844800949,0.926970005035400391,-0.0057700001634657383
1,0,0.960870027542114258,0.0861999988555908203,0.967599987983703613,0.192790001630783081,0.960259974002838135,0.274509996175765991,0.980440020561218262,0.350520014762878418,0.928669989109039307,0.462810009717941284,0.862649977207183838,0.525170028209686279,0.828199982643127441,0.587939977645874023,0.732420027256011963,0.690649986267089844,0.69002997875213623,0.731400012969970703,0.544730007648468018,0.688199996948242188,0.483390003442764282,0.761969983577728271,0.406150013208389282,0.746890008449554443,0.334010004997253418,0.837960004806518555,0.249439999461174011,0.860610008239746094,0.137559995055198669,0.868350028991699219,0.0904799997806549072,0.862850010395050049
1,0,0.875779986381530762,0.0372699983417987823,0.899510025978088379,0.00343000004068017006,0.892099976539611816,0.00510000018402934074,0.863349974155426025,0,0.950309991836547852,0.0745299980044364929,0.870209991931915283,0.0099400002509355545,0.863030016422271729,0.0115099996328353882,0.838509976863861084,-0.0621099993586540222,0.857140004634857178,0.0248399991542100906,0.841820001602172852,0.0160300005227327347,0.834860026836395264,0.017489999532699585,0.795029997825622559,-0.0434800013899803162,0.821110010147094727,0.0203300006687641144,0.819880008697509766,0.0869600027799606323,0.807569980621337891,0.0230800006538629532,0.800880014896392822,0.0244100000709295273
1,0,0.470899999141693115,0.227510005235671997,0.423280000686645508,0.335979998111724854,0.256610006093978882,0.476190000772476196,0.0185199994593858719,0.494709998369216919,-0.0211599990725517273,0.539680004119873047,-0.341269999742507935,0.31216999888420105,-0.412699997425079346,0.325399994850158691,-0.515869975090026855,0.0687799975275993347,-0.5,-0.116400003433227539,-0.148149996995925903,-0.145500004291534424,-0.148149996995925903,-0.380950003862380981,-0.232800006866455078,0.00264999992214143276,0.0357399992644786835,-0.317389994859695435,0.158730000257492065,-0.216930001974105835,0.248679995536804199,-0.243389993906021118,0.267199993133544922,0.0423300005495548248
1,0,1,-0.0660400018095970154,1,0.629369974136352539,1,0.095569998025894165,1,0.202800005674362183,1,-1,1,-0.4055899977684021,1,-0.158509999513626099,1,0.04895000159740448,1,-0.615379989147186279,1,-0.265729993581771851,1,-1,1,-0.580420017242431641,1,-0.813719987869262695,1,-1,1,-0.78554999828338623,1,-0.482520014047622681
0,0,0,0,0,0,0,0,0,0,0,0,0,0,0,0,0,0,0,0,0,0,0,0,0,0,1,1,0,0,0,0,0,0
1,0,0.847100019454956055,0.13533000648021698,0.73637998104095459,-0.0615100003778934479,0.87872999906539917,0.0825999975204467773,0.889280021190643311,-0.0913899987936019897,0.787349998950958252,0.0667800009250640869,0.806680023670196533,-0.0035099999513477087,0.792620003223419189,-0.0105400001630187035,0.85764002799987793,-0.045690000057220459,0.871699988842010498,-0.0351499989628791809,0.817219972610473633,-0.0948999971151351929,0.710020005702972412,0.0439400002360343933,0.864669978618621826,-0.151140004396438599,0.811469972133636475,-0.0482200011610984802,0.782069981098175049,-0.0070299999788403511,0.757470011711120605,-0.0667800009250640869,0.85764002799987793,-0.0615100003778934479
1,0,1,0.549019992351531982,0.627449989318847656,1,0.0196100007742643356,1,-0.490200012922286987,0.921570003032684326,-0.823530018329620361,0.58824002742767334,-1,0.117650002241134644,-0.960780024528503418,-0.333330005407333374,-0.647059977054595947,-0.686269998550415039,-0.235290005803108215,-0.862749993801116943,0.352939993143081665,-1,0.745100021362304688,-0.725489974021911621,0.921570003032684326,-0.215690001845359802,0.928740024566650391,0.218759998679161072,0.725489974021911621,0.568629980087280273,0.235290005803108215,0.901960015296936035,-0.117650002241134644,0.901960015296936035
1,0,1,0.677839994430541992,0.813090026378631592,0.820209980010986328,0.430189996957778931,1,0.206190004944801331,0.805410027503967285,-0.438719987869262695,1,-0.791350007057189941,0.770919978618621826,-1,0.402680009603500366,-0.390460014343261719,-0.586340010166168213,-0.979070007801055908,-0.428220003843307495,-0.730830013751983643,-0.763390004634857178,-0.376709997653961182,-0.97491002082824707,0.413659989833831787,-1,0.417780011892318726,-0.932959973812103271,0.257730007171630859,-1,0.935699999332427979,-0.352219998836517334,0.988160014152526855,0.0344600006937980652
1,0,1,0.0246099997311830521,0.996720016002655029,0.048610001802444458,0.975449979305267334,0.0714299976825714111,0.61744999885559082,-1,0.910359978675842285,0.111469998955726624,0.884620010852813721,0.536400020122528076,0.820770025253295898,0.141369998455047607,0.769289970397949219,0.151889994740486145,1,0.410030007362365723,0.658500015735626221,0.16370999813079834,0.601379990577697754,0.165160000324249268,0.544459998607635498,0.163900002837181091,0.488669991493225098,0.160190001130104065,0.434810012578964233,0.154359996318817139,0.383520007133483887,0.146770000457763672,1,1
1,0,1,-0.0117899999022483826,1,-0.00343000004068017006,1,-0.0156500004231929779,1,-0.0156500004231929779,1,-0.0280900001525878906,1,-0.0218700002878904343,0.998279988765716553,-0.0308699999004602432,0.995280027389526367,-0.0323799997568130493,0.993139982223510742,-0.0345200002193450928,1,-0.0388099998235702515,1,-0.0503900013864040375,1,-0.0493099987506866455,0.998420000076293945,-0.0552700012922286987,0.994000017642974854,-0.0630400031805038452,0.990570008754730225,-0.0649700015783309937,0.989709973335266113,-0.0666799992322921753
1,0,0.857360005378723145,0.000750000006519258022,0.819270014762878418,-0.0567599982023239136,0.775210022926330566,-0.0418200008571147919,0.843169987201690674,0.0903699994087219238,0.862580001354217529,0.119489997625350952,0.88050997257232666,-0.0612399987876415253,0.783420026302337646,0.0351000018417835236,0.837189972400665283,-0.067960001528263092,0.835699975490570068,-0.141900002956390381,0.88125002384185791,0.0119500001892447472,0.905149996280670166,0.02239999920129776,0.796859979629516602,-0.0194199997931718826,0.823830008506774902,-0.0367799997329711914,0.88125002384185791,-0.0642300024628639221,0.73935997486114502,-0.0194199997931718826,0.790889978408813477,-0.0918599963188171387
1,0,0.931469976902008057,0.292820006608963013,0.799170017242431641,0.5575600266456604,0.599520027637481689,0.715960025787353516,0.26203000545501709,0.926509976387023926,0.0463600009679794312,0.967480003833770752,-0.232370004057884216,0.95130002498626709,-0.559260010719299316,0.810180008411407471,-0.733290016651153564,0.623849987983703613,-0.909950017929077148,0.361999988555908203,-0.922540009021759033,0.0604000017046928406,-0.936179995536804199,-0.198379993438720703,-0.831920027732849121,-0.469060003757476807,-0.651650011539459229,-0.695559978485107422,-0.412230014801025391,-0.857249975204467773,-0.135900005698204041,-0.939530014991760254,0.100069999694824219,-0.94823002815246582
0,0,1,1,1,-1,1,1,-1,1,0,0,1,1,0,0,0,0,-1,1,-1,1,1,1,1,-1,1,1,1,1,1,-1,-1,1
1,0,0.0586600005626678467,-0.0083799995481967926,0.0670399963855743408,0.0083799995481967926,0,-0.0111699998378753662,0.00559000018984079361,-0.0391100011765956879,0.0167599990963935852,-0.0754199996590614319,-0.00559000018984079361,0.0530700013041496277,0.0642499998211860657,-0.0335199981927871704,0,0.0949700027704238892,-0.0642499998211860657,0.0754199996590614319,-0.0474900007247924805,0.025140000507235527,0.0279300007969141006,-0.00559000018984079361,0.0083799995481967926,0.00559000018984079361,0.103349998593330383,-0.0083799995481967926,0.030729999765753746,-0.00279000005684792995,0.0446900017559528351,0,0.0474900007247924805,-0.0335199981927871704
1,0,0.0640399977564811707,-0.152710005640983582,-0.0443300008773803711,0.0591100007295608521,0.0837400034070014954,-0.0246300008147954941,-0.014779999852180481,0.187189996242523193,0.0640399977564811707,0,0.123149998486042023,-0.0985200032591819763,0.0591100007295608521,0,0.019700000062584877,-0.0295599997043609619,-0.128079995512962341,-0.20690000057220459,0.0689700022339820862,0.014779999852180481,0.0689700022339820862,0.0295599997043609619,0.0788199976086616516,0.162560001015663147,0.280790001153945923,-0.0492600016295909882,-0.0591100007295608521,-0.0935999974608421326,0.0443300008773803711,0.0541899986565113068,0.073890000581741333,-0.108369998633861542
1,0,0.0166699998080730438,-0.356249988079071045,0,0,0,0,0,0,0,0,0,0,0.122919999063014984,-0.550000011920928955,0.228129997849464417,0.828130006790161133,1,-0.422919988632202148,0,0,0.0833299979567527771,-1,-0.106250002980232239,-0.166669994592666626,1,-0.766669988632202148,-1,0.188539996743202209,0,0,1,-0.272920012474060059
0,0,1,-1,1,1,1,-1,1,1,1,-1,1,-1,1,-1,1,1,1,1,1,1,1,-1,1,1,1,1,1,1,1,1,1,-1
1,0,0.615379989147186279,0.189229995012283325,0.781570017337799072,0.0177999995648860931,0.774860024452209473,0.0264699999243021011,0.650770008563995361,-0.103079997003078461,0.77538001537322998,0.0799999982118606567,0.739610016345977783,0.050599999725818634,0.723219990730285645,0.0577600002288818359,0.686150014400482178,-0.0892300009727478027,0.616919994354248047,0.163080006837844849,0.662329971790313721,0.0757300034165382385,0.638779997825622559,0.080410003662109375,0.601540029048919678,-0.0723100006580352783,0.588029980659484863,0.0876699984073638916,0.550769984722137451,0.256920009851455688,0.533890008926391602,0.0920699983835220337,0.506089985370635986,0.0932200029492378235
1,0,1,0.065379999577999115,1,0.207460001111030579,1,0.262809991836547852,0.930509984493255615,0.322129994630813599,0.867730021476745605,0.390390008687973022,0.754739999771118164,0.500819981098175049,0.795549988746643066,0.523209989070892334,0.659539997577667236,0.60755997896194458,0.576189994812011719,0.629989981651306152,0.478069990873336792,0.671350002288818359,0.405530005693435669,0.688399970531463623,0.34384000301361084,0.720820009708404541,0.277119994163513184,0.723860025405883789,0.192959994077682495,0.706820011138916016,0.11371999979019165,0.726880013942718506,0.0698999986052513123,0.714439988136291504
1,0,1,-0.284280002117156982,1,-0.25345999002456665,0.946229994297027588,-0.35093998908996582,1,-0.305660009384155273,0.927359998226165771,-0.490570008754730225,0.908179998397827148,-0.441190004348754883,0.757229983806610107,-0.588989973068237305,0.69748002290725708,-0.580190002918243408,0.596229970455169678,-0.575789988040924072,0.684589982032775879,-0.709749996662139893,0.544650018215179443,-0.873269975185394287,0.492139995098114014,-0.733330011367797852,0.355040013790130615,-0.760540008544921875,0.263520002365112305,-0.782389998435974121,0.166040003299713135,-0.731450021266937256,0.139939993619918823,-0.699999988079071045
0,0,-1,-1,0,0,-1,1,1,-0.375,0,0,0,0,0,0,1,-1,-1,-1,1,-1,0,0,1,-1,-1,1,-1,-1,0,0,-1,1
1,0,0.898350000381469727,0.351570010185241699,0.673330008983612061,0.622330009937286377,0.438980013132095337,0.943530023097991943,-0.0364300012588500977,0.805100023746490479,-0.228379994630813599,0.753340005874633789,-0.251370012760162354,0.488160014152526855,-0.573769986629486084,0.284150004386901855,-0.667500019073486328,0.105910003185272217,-0.473589986562728882,-0.0619300007820129395,-0.810559988021850586,-0.060109999030828476,-0.331970006227493286,-0.475919991731643677,-0.12896999716758728,-0.536199986934661865,0.0715800002217292786,-0.519249975681304932,0.243210002779960632,-0.434780001640319824,0.3658599853515625,-0.300570011138916016,0.428050011396408081,0.13297000527381897
1,0,0.958819985389709473,0.101290002465248108,1,-0.019179999828338623,0.983129978179931641,0.0255500003695487976,0.969739973545074463,-0.0931600034236907959,0.989549994468688965,-0.0271600000560283661,0.979799985885620117,-0.0309599991887807846,1,-0.0534299984574317932,1,-0.0517899990081787109,0.938399970531463623,0.0155699998140335083,0.976199984550476074,-0.0928400009870529175,0.978890001773834229,-0.0531800016760826111,0.91566997766494751,-0.156749993562698364,0.956770002841949463,-0.0699499994516372681,0.909780025482177734,0.0130700003355741501,1,-0.107969999313354492,0.931439995765686035,-0.0688799992203712463
1,0,1,-1,1,1,-1,1,1,-1,1,-1,-1,-1,-1,1,1,1,1,1,-1,1,1,-1,1,-1,1,1,1,1,-1,1,-1,1
1,0,0.798470020294189453,0.382649987936019897,0.808040022850036621,-0.169640004634857178,1,-0.0765300020575523376,0.981509983539581299,-0.0739800035953521729,0.702170014381408691,0.206630006432533264,0.997449994087219238,0.0210500005632638931,0.982140004634857178,0.0248700007796287537,1,-0.130740001797676086,0.95662999153137207,0.0771699994802474976,1,0.00190999999176710844,0.903060019016265869,0.308039993047714233,1,-0.145410001277923584,1,-0.00394000019878149033,0.756380021572113037,0.0790800005197525024,1,-0.1875,1,-0.0573999993503093719
1,0,0.25,0.166669994592666626,0.466670006513595581,0.266669988632202148,0.190359994769096375,0.239659994840621948,0.077660001814365387,0.199389994144439697,0.0107000004500150681,0.149220004677772522,-0.0236699990928173065,0.101879999041557312,-0.0368500016629695892,0.0631700009107589722,-0.0376599989831447601,0.0345799997448921204,-0.0322999991476535797,0.0153200002387166023,-0.0247399993240833282,0.0035699999425560236,-0.0172600001096725464,-0.00273000006563961506,-0.0109700001776218414,-0.00539000006392598152,-0.00620999978855252266,-0.00585999991744756699,-0.00294000003486871719,-0.00520000001415610313,-0.000890000024810433388,-0.00407999986782670021,0.000250000011874362826,-0.00291000003926455975
1,0,1,0.233950003981590271,0.914040029048919678,0.520129978656768799,0.780200004577636719,0.721440017223358154,0.476599991321563721,0.842220008373260498,0.276389986276626587,0.917299985885620117,0.0946699976921081543,0.882480025291442871,-0.219799995422363281,0.914040029048919678,-0.341679990291595459,0.755169987678527832,-0.513599991798400879,0.645269989967346191,-0.645269989967346191,0.446139991283416748,-0.741020023822784424,0.291619986295700073,-0.708379983901977539,0.0359099991619586945,-0.717310011386871338,-0.119429998099803925,-0.649619996547698975,-0.281830012798309326,-0.512510001659393311,-0.44505000114440918,-0.374320000410079956,-0.533190011978149414
1,0,0.883050024509429932,-0.219960004091262817,1,0.363730013370513916,0.824029982089996338,0.192059993743896484,0.850859999656677246,0.0590099990367889404,0.905579984188079834,-0.0429200008511543274,0.851930022239685059,0.25,0.778970003128051758,0.25321999192237854,0.692059993743896484,0.579400002956390381,0.710300028324127197,0.390560001134872437,0.731760025024414062,0.275750011205673218,1,0.348710000514984131,0.567600011825561523,0.520389974117279053,0.698109984397888184,0.532350003719329834,0.809010028839111328,0.585839986801147461,0.430260002613067627,0.709230005741119385,0.52360999584197998,0.541849970817565918
1,0,0.5,0,0.386959999799728394,0.104350000619888306,0.491299986839294434,0.0652199983596801758,0.469570010900497437,-0.0391299985349178314,0.356519997119903564,-0.126090005040168762,0.456519991159439087,0.0478300005197525024,0.504350006580352783,0.0260899998247623444,0.356519997119903564,0.195649996399879456,0.42173999547958374,0.147829994559288025,0.42173999547958374,-0.0260899998247623444,0.321740001440048218,-0.113040000200271606,0.473910003900527954,-0.00870000012218952179,0.417890012264251709,0.0690800026059150696,0.386959999799728394,0.0391299985349178314,0.352169990539550781,0.147829994559288025,0.447829991579055786,0.173910006880760193
1,0,0.850130021572113037,0.0180900003761053085,0.922110021114349365,0.0145600000396370888,0.920459985733032227,0.0218000002205371857,0.927649974822998047,0.0800999999046325684,0.875970005989074707,0.113700002431869507,0.911610007286071777,0.0432000011205673218,0.907379984855651855,0.0501799993216991425,0.873390018939971924,0.0284199994057416916,0.958660006523132324,0,0.890969991683959961,0.0704699978232383728,0.884299993515014648,0.0769700035452842712,0.837209999561309814,0.108529999852180481,0.869229972362518311,0.0895000025629997253,0.875970005989074707,0.0878600031137466431,0.851979970932006836,0.101340003311634064,0.842580020427703857,0.106980003416538239
