0.0731000006198883057,0.124899998307228088,0.166500002145767212,0.149599999189376831,0.144299998879432678,0.277000010013580322,0.255499988794326782,0.171200007200241089,0.0465999990701675415,0.111400000751018524,0.173899993300437927,0.316000014543533325,0.324900001287460327,0.216399997472763062,0.203099995851516724,0.257999986410140991,0.179600000381469727,0.242200002074241638,0.360900014638900757,0.180999994277954102,0.260399997234344482,0.657199978828430176,0.973399996757507324,0.975700020790100098,0.807900011539459229,0.652100026607513428,0.491499990224838257,0.536300003528594971,0.764900028705596924,0.52499997615814209,0.510100007057189941,0.421900004148483276,0.416000008583068848,0.190599992871284485,0.0222999993711709976,0.421900004148483276,0.549600005149841309,0.24830000102519989,0.203400000929832458,0.272899985313415527,0.283699989318847656,0.446299999952316284,0.317799985408782959,0.0807000026106834412,0.119199998676776886,0.213400006294250488,0.324099987745285034,0.294499993324279785,0.147400006651878357,0.0210999995470046997,0.0361000001430511475,0.0443999990820884705,0.0230000000447034836,0.0289999991655349731,0.014100000262260437,0.0161000005900859833,0.0176999997347593307,0.0194000005722045898,0.0207000002264976501,0.0057000000961124897
0.0206000003963708878,0.0131999999284744263,0.0533000007271766663,0.0568999983370304108,0.064699999988079071,0.143199995160102844,0.13439999520778656,0.204099997878074646,0.157100006937980652,0.157299995422363281,0.232700005173683167,0.178499996662139893,0.150700002908706665,0.191599994897842407,0.206100001931190491,0.230700001120567322,0.236000001430511475,0.129899993538856506,0.38119998574256897,0.585799992084503174,0.449699997901916504,0.487599998712539673,1,0.867500007152557373,0.471799999475479126,0.534099996089935303,0.619700014591217041,0.714299976825714111,0.560500025749206543,0.372799992561340332,0.248099997639656067,0.192100003361701965,0.138600006699562073,0.33250001072883606,0.288300007581710815,0.322800010442733765,0.260699987411499023,0.203999996185302734,0.239600002765655518,0.131899997591972351,0.068300001323223114,0.0333999991416931152,0.0715999975800514221,0.0975999981164932251,0.0786999985575675964,0.0522000007331371307,0.0500000007450580597,0.023099999874830246,0.0220999997109174728,0.0143999997526407242,0.0307000000029802322,0.0386000014841556549,0.014700000174343586,0.00179999996908009052,0.00999999977648258209,0.00960000045597553253,0.00769999995827674866,0.0179999992251396179,0.0109000001102685928,0.00700000021606683731
0.0331000015139579773,0.042300000786781311,0.0474000014364719391,0.0817999988794326782,0.0834999978542327881,0.0755999982357025146,0.0373999997973442078,0.0961000025272369385,0.0548000000417232513,0.0193000007420778275,0.0896999984979629517,0.173399999737739563,0.193599998950958252,0.280299991369247437,0.33129999041557312,0.501999974250793457,0.635999977588653564,0.709599971771240234,0.833299994468688965,0.873000025749206543,0.807299971580505371,0.750699996948242188,0.752600014209747314,0.729799985885620117,0.617699980735778809,0.494599997997283936,0.453099995851516724,0.409900009632110596,0.453999996185302734,0.412400007247924805,0.313899993896484375,0.319400012493133545,0.369199991226196289,0.377600014209747314,0.446900010108947754,0.477699995040893555,0.471599996089935303,0.466399997472763062,0.389299988746643066,0.425500005483627319,0.406399995088577271,0.371199995279312134,0.386299997568130493,0.280200004577636719,0.128299996256828308,0.111699998378753662,0.130300000309944153,0.0786999985575675964,0.0436000004410743713,0.02239999920129776,0.0132999997586011887,0.00779999978840351105,0.0174000002443790436,0.0175999999046325684,0.00380000006407499313,0.0129000004380941391,0.00659999996423721313,0.00439999997615814209,0.013399999588727951,0.00920000020414590836
0.042300000786781311,0.0320999994874000549,0.0709000006318092346,0.0108000002801418304,0.107000000774860382,0.0973000004887580872,0.0961000025272369385,0.132300004363059998,0.246199995279312134,0.269600003957748413,0.341199994087219238,0.42919999361038208,0.368200004100799561,0.393999993801116943,0.29649999737739563,0.317200005054473877,0.282499998807907104,0.305000007152557373,0.240799993276596069,0.541999995708465576,0.680199980735778809,0.63200002908706665,0.582400023937225342,0.68049997091293335,0.598399996757507324,0.841199994087219238,0.991100013256072998,0.918699979782104492,0.800499975681304932,0.671299993991851807,0.563199996948242188,0.733200013637542725,0.603799998760223389,0.257499992847442627,0.0348999984562397003,0.179900005459785461,0.303900003433227539,0.476000010967254639,0.575600028038024902,0.425399988889694214,0.504599988460540771,0.717899978160858154,0.616299986839294434,0.566299974918365479,0.574899971485137939,0.359299987554550171,0.252600014209747314,0.229900002479553223,0.127100005745887756,0.0355999991297721863,0.0366999991238117218,0.0175999999046325684,0.00350000010803341866,0.00930000003427267075,0.0120999999344348907,0.00749999983236193657,0.00559999980032444,0.002099999925121665,0.0043000001460313797,0.00170000002253800631
0.011900000274181366,0.0582000017166137695,0.0623000003397464752,0.0599999986588954926,0.139699995517730713,0.188299998641014099,0.142199993133544922,0.144700005650520325,0.0487000010907649994,0.0864000022411346436,0.214300006628036499,0.372000008821487427,0.266499996185302734,0.211300000548362732,0.11029999703168869,0.113600000739097595,0.193399995565414429,0.414200007915496826,0.3278999924659729,0.62220001220703125,0.746800005435943604,0.767599999904632568,0.786700010299682617,0.825299978256225586,1,0.948099970817565918,0.753899991512298584,0.600799977779388428,0.543699979782104492,0.538699984550476074,0.561900019645690918,0.514100015163421631,0.60839998722076416,0.562099993228912354,0.595600008964538574,0.607800006866455078,0.502499997615814209,0.282900005578994751,0.047699999064207077,0.281100004911422729,0.342200011014938354,0.514699995517730713,0.437200009822845459,0.246999993920326233,0.170800000429153442,0.134299993515014648,0.0838000029325485229,0.075499996542930603,0.0304000005125999451,0.00740000000223517418,0.00689999992027878761,0.00249999994412064552,0.0103000001981854439,0.00740000000223517418,0.0122999995946884155,0.00689999992027878761,0.00760000012814998627,0.00730000017210841179,0.00300000002607703209,0.0137999998405575752
0.0293000005185604095,0.0644000023603439331,0.0390000008046627045,0.0173000004142522812,0.0476000010967254639,0.0816000029444694519,0.099299997091293335,0.0315000005066394806,0.0736000016331672668,0.086000002920627594,0.0414000004529953003,0.0472000017762184143,0.0834999978542327881,0.0938000008463859558,0.146599993109703064,0.0808999985456466675,0.117899999022483826,0.217899993062019348,0.332599997520446777,0.325800001621246338,0.211099997162818909,0.230199992656707764,0.336100012063980103,0.425900012254714966,0.460900008678436279,0.260600000619888306,0.087399996817111969,0.286199986934661865,0.560599982738494873,0.834399998188018799,0.809599995613098145,0.72500002384185791,0.804799973964691162,0.943499982357025146,1,0.896000027656555176,0.551599979400634766,0.303700000047683716,0.233799993991851807,0.238199993968009949,0.331800013780593872,0.38209998607635498,0.157499998807907104,0.222800001502037048,0.158199995756149292,0.143299996852874756,0.163399994373321533,0.113300003111362457,0.056699998676776886,0.0132999997586011887,0.017000000923871994,0.00350000010803341866,0.00520000001415610313,0.00829999987035989761,0.00779999978840351105,0.00749999983236193657,0.0104999998584389687,0.0160000007599592209,0.00949999969452619553,0.00109999999403953552
0.0293000005185604095,0.0377999991178512573,0.0256999991834163666,0.00620000017806887627,0.0130000002682209015,0.0612000003457069397,0.0895000025629997253,0.11069999635219574,0.0973000004887580872,0.0750999972224235535,0.0527999997138977051,0.120899997651576996,0.176300004124641418,0.203899994492530823,0.272700011730194092,0.232099995017051697,0.267599999904632568,0.293399989604949951,0.329499989748001099,0.490999996662139893,0.540199995040893555,0.625699996948242188,0.682600021362304688,0.752699971199035645,0.850399971008300781,0.893800020217895508,0.992799997329711914,0.913399994373321533,0.708000004291534424,0.631799995899200439,0.612600028514862061,0.463800013065338135,0.279700011014938354,0.172099992632865906,0.166500002145767212,0.256099998950958252,0.273499995470046997,0.320899993181228638,0.272399991750717163,0.187999993562698364,0.155200004577636719,0.252200007438659668,0.212099999189376831,0.180099993944168091,0.147300004959106445,0.0680999979376792908,0.109099999070167542,0.0918999984860420227,0.0397000014781951904,0.00930000003427267075,0.00760000012814998627,0.00650000013411045074,0.00719999987632036209,0.0108000002801418304,0.00510000018402934074,0.0102000003680586815,0.00410000002011656761,0.00549999997019767761,0.00499999988824129105,0.00870000012218952179
0.0317000001668930054,0.0956000015139579773,0.132100000977516174,0.140799999237060547,0.167400002479553223,0.171000003814697266,0.0731000006198883057,0.140100002288818359,0.208299994468688965,0.35130000114440918,0.178599998354911804,0.065800003707408905,0.05130000039935112,0.375200003385543823,0.541899979114532471,0.544000029563903809,0.514999985694885254,0.426200002431869507,0.202399998903274536,0.423299998044967651,0.772300004959106445,0.97350001335144043,0.93900001049041748,0.555899977684020996,0.526799976825714111,0.682600021362304688,0.571300029754638672,0.542900025844573975,0.217700004577636719,0.214900001883506775,0.581099987030029297,0.632300019264221191,0.29649999737739563,0.187299996614456177,0.296900004148483276,0.516300022602081299,0.615299999713897705,0.428299993276596069,0.547900021076202393,0.613300025463104248,0.501699984073638916,0.237700000405311584,0.195700004696846008,0.17489999532699585,0.130400002002716064,0.0597000010311603546,0.112400002777576447,0.104699999094009399,0.0507000014185905457,0.0159000009298324585,0.0195000004023313522,0.0200999993830919266,0.0248000007122755051,0.0131000000983476639,0.00700000021606683731,0.0137999998405575752,0.00920000020414590836,0.0142999999225139618,0.00359999993816018105,0.0103000001981854439
0.0164000000804662704,0.0173000004142522812,0.0346999987959861755,0.00700000021606683731,0.0186999998986721039,0.0671000033617019653,0.10559999942779541,0.0697000026702880859,0.0961999967694282532,0.0251000002026557922,0.0800999999046325684,0.10559999942779541,0.126599997282028198,0.0890000015497207642,0.0197999998927116394,0.113300003111362457,0.282599985599517822,0.323399990797042847,0.323799997568130493,0.433299988508224487,0.60680001974105835,0.765200018882751465,0.920300006866455078,0.971899986267089844,0.920700013637542725,0.754499971866607666,0.828899979591369629,0.890699982643127441,0.730899989604949951,0.689599990844726562,0.582899987697601318,0.493499994277954102,0.310099989175796509,0.0306000001728534698,0.0243999995291233063,0.110799998044967651,0.159400001168251038,0.137099996209144592,0.0696000009775161743,0.045200001448392868,0.0619999989867210388,0.142100006341934204,0.159700006246566772,0.13840000331401825,0.037200000137090683,0.0688000023365020752,0.0866999998688697815,0.05130000039935112,0.00920000020414590836,0.0197999998927116394,0.0118000004440546036,0.00899999961256980896,0.0222999993711709976,0.0178999993950128555,0.00839999970048666,0.00680000009015202522,0.00319999991916120052,0.00350000010803341866,0.00559999980032444,0.00400000018998980522
0.0162000004202127457,0.025299999862909317,0.0262000001966953278,0.0386000014841556549,0.0644999966025352478,0.0472000017762184143,0.10559999942779541,0.138799995183944702,0.0597999989986419678,0.133399993181228638,0.296900004148483276,0.475400000810623169,0.567700028419494629,0.569000005722045898,0.642099976539611816,0.74870002269744873,0.89990001916885376,1,0.968999981880187988,0.903199970722198486,0.768499970436096191,0.699800014495849609,0.664399981498718262,0.596400022506713867,0.371100008487701416,0.0921000018715858459,0.0480999983847141266,0.0876000002026557922,0.104000002145767212,0.171399995684623718,0.326400011777877808,0.46119999885559082,0.393900007009506226,0.504999995231628418,0.483300000429153442,0.351099997758865356,0.231900006532669067,0.402900010347366333,0.367599993944168091,0.150999993085861206,0.0745000019669532776,0.139500007033348083,0.155200004577636719,0.0377000011503696442,0.063600003719329834,0.0443000011146068573,0.0263999998569488525,0.0222999993711709976,0.0186999998986721039,0.00769999995827674866,0.0137000000104308128,0.0071000000461935997,0.00820000004023313522,0.0231999997049570084,0.0197999998927116394,0.00740000000223517418,0.00350000010803341866,0.00999999977648258209,0.00480000022798776627,0.00190000003203749657
0.0114000001922249794,0.0221999995410442352,0.0269000008702278137,0.0384000018239021301,0.121699996292591095,0.206200003623962402,0.148900002241134644,0.0929000005125999451,0.13500000536441803,0.179900005459785461,0.248600006103515625,0.297300010919570923,0.367199987173080444,0.439399987459182739,0.525799989700317383,0.675499975681304932,0.7401999831199646,0.828400015830993652,0.903299987316131592,0.95840001106262207,1,0.998199999332427979,0.889900028705596924,0.749300003051757812,0.636699974536895752,0.674399971961975098,0.72070002555847168,0.682099997997283936,0.551199972629547119,0.478899985551834106,0.392399996519088745,0.253300011157989502,0.108900003135204315,0.138999998569488525,0.255100011825561523,0.330099999904632568,0.281800001859664917,0.214200004935264587,0.226600006222724915,0.214200004935264587,0.235400006175041199,0.287099987268447876,0.259600013494491577,0.192499995231628418,0.125599995255470276,0.100299999117851257,0.0951000005006790161,0.120999999344348907,0.0728000029921531677,0.0174000002443790436,0.0212999992072582245,0.0269000008702278137,0.0152000002562999725,0.0256999991834163666,0.00970000028610229492,0.00410000002011656761,0.00499999988824129105,0.0144999995827674866,0.0103000001981854439,0.00249999994412064552
0.0203000009059906006,0.0120999999344348907,0.0379999987781047821,0.0127999996766448021,0.0537000000476837158,0.087399996817111969,0.102099999785423279,0.0851999968290328979,0.113600000739097595,0.17470000684261322,0.219799995422363281,0.272100001573562622,0.210500001907348633,0.172700002789497375,0.203999996185302734,0.178599998354911804,0.131799995899200439,0.225999996066093445,0.235799998044967651,0.310699999332427979,0.390599995851516724,0.363099992275238037,0.480899989604949951,0.653100013732910156,0.781199991703033447,0.839500010013580322,0.917999982833862305,0.976899981498718262,0.893700003623962402,0.702199995517730713,0.64999997615814209,0.506900012493133545,0.390300005674362183,0.300900012254714966,0.156499996781349182,0.0984999984502792358,0.219999998807907104,0.224299997091293335,0.273600012063980103,0.21520000696182251,0.243799999356269836,0.315400004386901855,0.21119999885559082,0.0991000011563301086,0.0593999996781349182,0.194000005722045898,0.193700000643730164,0.108199998736381531,0.03359999880194664,0.0176999997347593307,0.0208999998867511749,0.013399999588727951,0.00939999986439943314,0.00469999993219971657,0.00449999980628490448,0.00419999985024333,0.00279999990016222,0.00359999993816018105,0.00130000000353902578,0.00159999995958060026
0.0138999996706843376,0.0221999995410442352,0.00889999978244304657,0.0108000002801418304,0.0215000007301568985,0.0136000001803040504,0.0658999979496002197,0.0953999981284141541,0.0785999968647956848,0.101499997079372406,0.126100003719329834,0.0828000009059906006,0.0493000000715255737,0.0847999975085258484,0.151399999856948853,0.139599993824958801,0.106600001454353333,0.192300006747245789,0.299100011587142944,0.324699997901916504,0.379700005054473877,0.565800011157989502,0.748300015926361084,0.875699996948242188,0.904799997806549072,0.751100003719329834,0.685800015926361084,0.704299986362457275,0.586399972438812256,0.377299994230270386,0.22059999406337738,0.262800008058547974,0.267199993133544922,0.290699988603591919,0.198200002312660217,0.228799998760223389,0.318599998950958252,0.287099987268447876,0.292100012302398682,0.280600011348724365,0.268200010061264038,0.21119999885559082,0.151299998164176941,0.178900003433227539,0.185000002384185791,0.171700000762939453,0.0898000001907348633,0.0656000003218650818,0.0445000007748603821,0.0109999999403953552,0.00240000011399388313,0.00620000017806887627,0.00719999987632036209,0.011300000362098217,0.00120000005699694157,0.00219999998807907104,0.00249999994412064552,0.00590000022202730179,0.00389999989420175552,0.00480000022798776627
0.0331000015139579773,0.042300000786781311,0.0474000014364719391,0.0817999988794326782,0.0834999978542327881,0.0755999982357025146,0.0373999997973442078,0.0961000025272369385,0.0548000000417232513,0.0193000007420778275,0.0896999984979629517,0.173399999737739563,0.193599998950958252,0.280299991369247437,0.33129999041557312,0.501999974250793457,0.635999977588653564,0.709599971771240234,0.833299994468688965,0.873000025749206543,0.807299971580505371,0.750699996948242188,0.752600014209747314,0.729799985885620117,0.617699980735778809,0.494599997997283936,0.453099995851516724,0.409900009632110596,0.453999996185302734,0.412400007247924805,0.313899993896484375,0.319400012493133545,0.369199991226196289,0.377600014209747314,0.446900010108947754,0.477699995040893555,0.471599996089935303,0.466399997472763062,0.389299988746643066,0.425500005483627319,0.406399995088577271,0.371199995279312134,0.386299997568130493,0.280200004577636719,0.128299996256828308,0.111699998378753662,0.130300000309944153,0.0786999985575675964,0.0436000004410743713,0.02239999920129776,0.0132999997586011887,0.00779999978840351105,0.0174000002443790436,0.0175999999046325684,0.00380000006407499313,0.0129000004380941391,0.00659999996423721313,0.00439999997615814209,0.013399999588727951,0.00920000020414590836
0.0122999995946884155,0.030899999663233757,0.0168999992311000824,0.0313000008463859558,0.0357999987900257111,0.0102000003680586815,0.0182000007480382919,0.0579000003635883331,0.112199999392032623,0.0834999978542327881,0.0548000000417232513,0.0847000032663345337,0.202600002288818359,0.255699992179870605,0.187000006437301636,0.203199997544288635,0.146300002932548523,0.284900009632110596,0.582400023937225342,0.772800028324127197,0.785199999809265137,0.851499974727630615,0.531199991703033447,0.365299999713897705,0.59729999303817749,0.827499985694885254,1,0.867299973964691162,0.630100011825561523,0.459100008010864258,0.393999993801116943,0.257600009441375732,0.281699985265731812,0.264099985361099243,0.275700002908706665,0.269800007343292236,0.399399995803833008,0.457599997520446777,0.393999993801116943,0.252200007438659668,0.178200006484985352,0.135399997234344482,0.0516000017523765564,0.0337000004947185516,0.0894000008702278137,0.0860999971628189087,0.0872000008821487427,0.0445000007748603821,0.013399999588727951,0.0217000003904104233,0.0187999997287988663,0.0132999997586011887,0.0264999996870756149,0.02239999920129776,0.00740000000223517418,0.0118000004440546036,0.00260000000707805157,0.00920000020414590836,0.000899999984540045261,0.00439999997615814209
0.00389999989420175552,0.00630000000819563866,0.0152000002562999725,0.03359999880194664,0.0309999994933605194,0.0284000001847743988,0.0395999997854232788,0.0272000003606081009,0.0322999991476535797,0.045200001448392868,0.0491999983787536621,0.0996000021696090698,0.142399996519088745,0.119400002062320709,0.0627999976277351379,0.090700000524520874,0.117700003087520599,0.142900004982948303,0.122299998998641968,0.110399998724460602,0.184699997305870056,0.371499985456466675,0.438199996948242188,0.570699989795684814,0.665400028228759766,0.747600018978118896,0.7653999924659729,0.855499982833862305,0.972000002861022949,0.9221000075340271,0.750199973583221436,0.720899999141693115,0.775699973106384277,0.605499982833862305,0.502099990844726562,0.449900001287460327,0.394699990749359131,0.428099989891052246,0.442699998617172241,0.374900013208389282,0.197200000286102295,0.0511000007390975952,0.0793000012636184692,0.126900002360343933,0.153300002217292786,0.0689999982714653015,0.0401999987661838531,0.0533999986946582794,0.0228000003844499588,0.00730000017210841179,0.00620000017806887627,0.00620000017806887627,0.0120000001043081284,0.00520000001415610313,0.00559999980032444,0.00930000003427267075,0.00419999985024333,0.000300000014249235392,0.00529999984428286552,0.00359999993816018105
0.0207000002264976501,0.053500000387430191,0.0333999991416931152,0.0817999988794326782,0.0740000009536743164,0.0324000008404254913,0.0917999967932701111,0.107000000774860382,0.15530000627040863,0.123400002717971802,0.179600000381469727,0.178700000047683716,0.124700002372264862,0.25769999623298645,0.337000012397766113,0.398999989032745361,0.16470000147819519,0.226600006222724915,0.321900010108947754,0.535600006580352783,0.815900027751922607,1,0.870100021362304688,0.688899993896484375,0.629899978637695312,0.573800027370452881,0.570699989795684814,0.597599983215332031,0.430099993944168091,0.205799996852874756,0.100000001490116119,0.224700003862380981,0.230800002813339233,0.397700011730194092,0.331699997186660767,0.172600001096725464,0.142900004982948303,0.216800004243850708,0.196700006723403931,0.214000001549720764,0.367399990558624268,0.202299997210502625,0.0777999982237815857,0.0925000011920928955,0.238800004124641418,0.340000003576278687,0.259400010108947754,0.110200002789497375,0.0910999998450279236,0.0461999997496604919,0.0171000007539987564,0.00329999998211860657,0.00499999988824129105,0.0189999993890523911,0.0103000001981854439,0.0120999999344348907,0.00419999985024333,0.00899999961256980896,0.00700000021606683731,0.0098999999463558197
0.0071000000461935997,0.0103000001981854439,0.0135000003501772881,0.0494000017642974854,0.025299999862909317,0.0806000009179115295,0.0701000019907951355,0.0737999975681304932,0.0116999996826052666,0.0898000001907348633,0.0288999993354082108,0.155399993062019348,0.143700003623962402,0.103500001132488251,0.142399996519088745,0.122699998319149017,0.0891999974846839905,0.204699993133544922,0.082699999213218689,0.152400001883506775,0.303099989891052246,0.160799995064735413,0.0666999965906143188,0.142599999904632568,0.0395000018179416656,0.165299996733665466,0.339899986982345581,0.48550000786781311,0.520600020885467529,0.550800025463104248,0.610199987888336182,0.598900020122528076,0.67640000581741333,0.889699995517730713,1,0.951699972152709961,0.845899999141693115,0.707300007343292236,0.669700026512145996,0.632600009441375732,0.510200023651123047,0.416099995374679565,0.281599998474121094,0.170499995350837708,0.142100006341934204,0.0970999971032142639,0.0878999978303909302,0.0863000005483627319,0.0355000011622905731,0.0232999995350837708,0.0252000000327825546,0.0043000001460313797,0.00480000022798776627,0.00760000012814998627,0.0124000003561377525,0.0104999998584389687,0.00540000014007091522,0.00319999991916120052,0.00730000017210841179,0.00630000000819563866
0.00389999989420175552,0.00630000000819563866,0.0152000002562999725,0.03359999880194664,0.0309999994933605194,0.0284000001847743988,0.0395999997854232788,0.0272000003606081009,0.0322999991476535797,0.045200001448392868,0.0491999983787536621,0.0996000021696090698,0.142399996519088745,0.119400002062320709,0.0627999976277351379,0.090700000524520874,0.117700003087520599,0.142900004982948303,0.122299998998641968,0.110399998724460602,0.184699997305870056,0.371499985456466675,0.438199996948242188,0.570699989795684814,0.665400028228759766,0.747600018978118896,0.7653999924659729,0.855499982833862305,0.972000002861022949,0.9221000075340271,0.750199973583221436,0.720899999141693115,0.775699973106384277,0.605499982833862305,0.502099990844726562,0.449900001287460327,0.394699990749359131,0.428099989891052246,0.442699998617172241,0.374900013208389282,0.197200000286102295,0.0511000007390975952,0.0793000012636184692,0.126900002360343933,0.153300002217292786,0.0689999982714653015,0.0401999987661838531,0.0533999986946582794,0.0228000003844499588,0.00730000017210841179,0.00620000017806887627,0.00620000017806887627,0.0120000001043081284,0.00520000001415610313,0.00559999980032444,0.00930000003427267075,0.00419999985024333,0.000300000014249235392,0.00529999984428286552,0.00359999993816018105
0.0270000007003545761,0.0163000002503395081,0.0340999998152256012,0.0247000008821487427,0.0821999981999397278,0.125599995255470276,0.132300004363059998,0.158399999141693115,0.201700001955032349,0.212200000882148743,0.221000000834465027,0.239899992942810059,0.296400010585784912,0.406100004911422729,0.509500026702880859,0.551199972629547119,0.661300003528594971,0.68040001392364502,0.652000010013580322,0.678799986839294434,0.781099975109100342,0.836899995803833008,0.896899998188018799,0.985599994659423828,1,0.939499974250793457,0.891700029373168945,0.810500025749206543,0.682799994945526123,0.557200014591217041,0.430099993944168091,0.333900004625320435,0.20350000262260437,0.0798000022768974304,0.0808999985456466675,0.152500003576278687,0.26260000467300415,0.245600000023841858,0.197999998927116394,0.241200000047683716,0.240899994969367981,0.190099999308586121,0.207699999213218689,0.176699995994567871,0.111900001764297485,0.0778999999165534973,0.13439999520778656,0.0960000008344650269,0.0597999989986419678,0.0329999998211860657,0.019700000062584877,0.0188999995589256287,0.020400000736117363,0.00850000046193599701,0.0043000001460313797,0.00920000020414590836,0.0137999998405575752,0.00939999986439943314,0.0104999998584389687,0.00930000003427267075
0.0126000000163912773,0.0518999993801116943,0.0621000006794929504,0.0518000014126300812,0.107199996709823608,0.258700013160705566,0.230399996042251587,0.206699997186660767,0.341600000858306885,0.428400009870529175,0.301499992609024048,0.12070000171661377,0.329899996519088745,0.570699989795684814,0.696200013160705566,0.97509998083114624,1,0.929300010204315186,0.620999991893768311,0.458600014448165894,0.500100016593933105,0.503199994564056396,0.708199977874755859,0.842000007629394531,0.810899972915649414,0.768999993801116943,0.810500025749206543,0.620299994945526123,0.235599994659423828,0.259499996900558472,0.629899978637695312,0.676199972629547119,0.29030001163482666,0.439300000667572021,0.852900028228759766,0.71799999475479126,0.480100005865097046,0.585600018501281738,0.499300003051757812,0.286599993705749512,0.0601000003516674042,0.116700001060962677,0.27369999885559082,0.281199991703033447,0.207800000905990601,0.0659999996423721313,0.049100000411272049,0.0344999991357326508,0.0172000005841255188,0.028699999675154686,0.00270000007003545761,0.0208000000566244125,0.00480000022798776627,0.0198999997228384018,0.0126000000163912773,0.00219999998807907104,0.00370000000111758709,0.00340000004507601261,0.0114000001922249794,0.00769999995827674866
0.115000002086162567,0.116300001740455627,0.0865999981760978699,0.0357999987900257111,0.0231999997049570084,0.12669999897480011,0.24169999361038208,0.266099989414215088,0.434599995613098145,0.537800014019012451,0.381599992513656616,0.0991000011563301086,0.0615999996662139893,0.179499998688697815,0.390700012445449829,0.360199987888336182,0.304100006818771362,0.242799997329711914,0.405999988317489624,0.839500010013580322,0.977699995040893555,0.46799999475479126,0.0610000006854534149,0.214300006628036499,0.134800001978874207,0.28540000319480896,0.161699995398521423,0.264899998903274536,0.456499993801116943,0.650200009346008301,0.28479999303817749,0.329600006341934204,0.537000000476837158,0.662699997425079346,0.862600028514862061,0.854700028896331787,0.78479999303817749,0.901600003242492676,0.882700026035308838,0.608600020408630371,0.280999988317489624,0.0905999988317489624,0.117700003087520599,0.26940000057220459,0.521399974822998047,0.423200011253356934,0.23399999737739563,0.192800000309944153,0.109200000762939453,0.0507000014185905457,0.0228000003844499588,0.0098999999463558197,0.00650000013411045074,0.00850000046193599701,0.0165999997407197952,0.0109999999403953552,0.0189999993890523911,0.014100000262260437,0.00680000009015202522,0.0086000002920627594
0.0225000008940696716,0.00190000003203749657,0.00749999983236193657,0.00970000028610229492,0.0445000007748603821,0.0905999988317489624,0.0888999998569488525,0.0654999986290931702,0.162400007247924805,0.145199999213218689,0.144199997186660767,0.0948000028729438782,0.061799999326467514,0.164100006222724915,0.070799998939037323,0.0843999981880187988,0.259000003337860107,0.267899990081787109,0.309399992227554321,0.467799991369247437,0.59579998254776001,0.724500000476837158,0.877300024032592773,0.921400010585784912,0.928200006484985352,0.994199991226196289,1,0.907100021839141846,0.854499995708465576,0.729300022125244141,0.64990001916885376,0.607100009918212891,0.558799982070922852,0.596700012683868408,0.627499997615814209,0.54589998722076416,0.478599995374679565,0.396499991416931152,0.208700001239776611,0.165099993348121643,0.183599993586540222,0.0652000010013580322,0.0758000016212463379,0.0485999993979930878,0.0353000015020370483,0.0296999998390674591,0.0241000000387430191,0.0379000008106231689,0.011900000274181366,0.00730000017210841179,0.00510000018402934074,0.00340000004507601261,0.0129000004380941391,0.00999999977648258209,0.00439999997615814209,0.0057000000961124897,0.00300000002607703209,0.00350000010803341866,0.002099999925121665,0.00270000007003545761
0.0443000011146068573,0.0445999987423419952,0.0234999991953372955,0.100800000131130219,0.225199997425079346,0.26109999418258667,0.206100001931190491,0.166800007224082947,0.180099993944168091,0.308299988508224487,0.379400014877319336,0.536400020122528076,0.617299973964691162,0.784200012683868408,0.839200019836425781,0.901600003242492676,1,0.891099989414215088,0.875299990177154541,0.788600027561187744,0.715600013732910156,0.758099973201751709,0.637199997901916504,0.321000009775161743,0.207599997520446777,0.227899998426437378,0.330900013446807861,0.284700006246566772,0.194900006055831909,0.167099997401237488,0.102499999105930328,0.136199995875358582,0.22120000422000885,0.112400002777576447,0.167699992656707764,0.1039000004529953,0.25619998574256897,0.262400001287460327,0.223600000143051147,0.118000000715255737,0.11029999703168869,0.283100008964538574,0.238499999046325684,0.0254999995231628418,0.196700006723403931,0.148300006985664368,0.0434000007808208466,0.0627000033855438232,0.05130000039935112,0.0472999997437000275,0.0248000007122755051,0.0274000000208616257,0.0205000005662441254,0.014100000262260437,0.0185000002384185791,0.00549999997019767761,0.00449999980628490448,0.0115000000223517418,0.0152000002562999725,0.00999999977648258209
0.0307999998331069946,0.0339000001549720764,0.020199999213218689,0.0888999998569488525,0.15700000524520874,0.174999997019767761,0.0920000001788139343,0.135299995541572571,0.159299999475479126,0.279500007629394531,0.333600014448165894,0.293999999761581421,0.160799995064735413,0.333499997854232788,0.49849998950958252,0.729499995708465576,0.735000014305114746,0.825299978256225586,0.87929999828338623,0.965699970722198486,1,0.87070000171661377,0.647099971771240234,0.59729999303817749,0.821799993515014648,0.775499999523162842,0.61110001802444458,0.419499993324279785,0.298999994993209839,0.135399997234344482,0.243799999356269836,0.562399983406066895,0.55549997091293335,0.696300029754638672,0.729799985885620117,0.702199995517730713,0.546800017356872559,0.142100006341934204,0.473800003528594971,0.640999972820281982,0.4375,0.317799985408782959,0.237700000405311584,0.280800014734268188,0.137400001287460327,0.113600000739097595,0.103399999439716339,0.0688000023365020752,0.0421999990940093994,0.0116999996826052666,0.00700000021606683731,0.0166999995708465576,0.0126999998465180397,0.0137999998405575752,0.00899999961256980896,0.00510000018402934074,0.00289999996311962605,0.0121999997645616531,0.00559999980032444,0.00200000009499490261
0.0155999995768070221,0.0209999997168779373,0.028200000524520874,0.059599999338388443,0.0461999997496604919,0.0778999999165534973,0.136500000953674316,0.0780000016093254089,0.103799998760223389,0.156700000166893005,0.247600004076957703,0.278299987316131592,0.289600014686584473,0.295599997043609619,0.318899989128112793,0.18919999897480011,0.172999992966651917,0.222599998116493225,0.242699995636940002,0.314900010824203491,0.410199999809265137,0.380800008773803711,0.489600002765655518,0.629199981689453125,0.751900017261505127,0.798500001430511475,0.883000016212463379,0.991500020027160645,0.922299981117248535,0.698099970817565918,0.61669999361038208,0.506900012493133545,0.392100006341934204,0.352400004863739014,0.218299999833106995,0.124499998986721039,0.159199997782707214,0.162599995732307434,0.235599994659423828,0.24830000102519989,0.243699997663497925,0.271499991416931152,0.118400000035762787,0.115699999034404755,0.144899994134902954,0.188299998641014099,0.195399999618530273,0.149200007319450378,0.0511000007390975952,0.0154999997466802597,0.0188999995589256287,0.0149999996647238731,0.00600000005215406418,0.00820000004023313522,0.00910000037401914597,0.00380000006407499313,0.00559999980032444,0.00559999980032444,0.00480000022798776627,0.00240000011399388313
0.0206000003963708878,0.0131999999284744263,0.0533000007271766663,0.0568999983370304108,0.064699999988079071,0.143199995160102844,0.13439999520778656,0.204099997878074646,0.157100006937980652,0.157299995422363281,0.232700005173683167,0.178499996662139893,0.150700002908706665,0.191599994897842407,0.206100001931190491,0.230700001120567322,0.236000001430511475,0.129899993538856506,0.38119998574256897,0.585799992084503174,0.449699997901916504,0.487599998712539673,1,0.867500007152557373,0.471799999475479126,0.534099996089935303,0.619700014591217041,0.714299976825714111,0.560500025749206543,0.372799992561340332,0.248099997639656067,0.192100003361701965,0.138600006699562073,0.33250001072883606,0.288300007581710815,0.322800010442733765,0.260699987411499023,0.203999996185302734,0.239600002765655518,0.131899997591972351,0.068300001323223114,0.0333999991416931152,0.0715999975800514221,0.0975999981164932251,0.0786999985575675964,0.0522000007331371307,0.0500000007450580597,0.023099999874830246,0.0220999997109174728,0.0143999997526407242,0.0307000000029802322,0.0386000014841556549,0.014700000174343586,0.00179999996908009052,0.00999999977648258209,0.00960000045597553253,0.00769999995827674866,0.0179999992251396179,0.0109000001102685928,0.00700000021606683731
0.0310999993234872818,0.049100000411272049,0.0692000016570091248,0.0830999985337257385,0.00789999961853027344,0.0199999995529651642,0.0980999991297721863,0.101599998772144318,0.202500000596046448,0.0767000019550323486,0.176699995994567871,0.255499988794326782,0.281199991703033447,0.27219998836517334,0.322699993848800659,0.346300005912780762,0.539499998092651367,0.791100025177001953,0.906400024890899658,0.870100021362304688,0.767199993133544922,0.295700013637542725,0.414799988269805908,0.604300022125244141,0.317799985408782959,0.348199993371963501,0.615800023078918457,0.804899990558624268,0.628899991512298584,0.499900013208389282,0.583000004291534424,0.666000008583068848,0.412400007247924805,0.126000002026557922,0.248699992895126343,0.467599987983703613,0.538200020790100098,0.314999997615814209,0.213899999856948853,0.184799998998641968,0.167899996042251587,0.232800006866455078,0.101499997079372406,0.0712999999523162842,0.0615000016987323761,0.0778999999165534973,0.0760999992489814758,0.0844999998807907104,0.0592000000178813934,0.00680000009015202522,0.00889999978244304657,0.00870000012218952179,0.00319999991916120052,0.0130000002682209015,0.0187999997287988663,0.0100999996066093445,0.0229000002145767212,0.0182000007480382919,0.00460000010207295418,0.00380000006407499313
0.0234999991953372955,0.0219999998807907104,0.0166999995708465576,0.0516000017523765564,0.0746000036597251892,0.112099997699260712,0.125799998641014099,0.171700000762939453,0.307399988174438477,0.319900006055831909,0.294600009918212891,0.248400002717971802,0.250999987125396729,0.180600002408027649,0.141299992799758911,0.301899999380111694,0.363499999046325684,0.388700008392333984,0.29800000786781311,0.221900001168251038,0.162400007247924805,0.134299993515014648,0.204600006341934204,0.379099994897842407,0.577099978923797607,0.754499971866607666,0.840600013732910156,0.854700028896331787,0.903599977493286133,1,0.964600026607513428,0.791199982166290283,0.641200006008148193,0.59859997034072876,0.683499991893768311,0.777100026607513428,0.808399975299835205,0.742600023746490479,0.629499971866607666,0.57080000638961792,0.443300008773803711,0.336100012063980103,0.379500001668930054,0.495000004768371582,0.437299996614456177,0.240400001406669617,0.112800002098083496,0.165399998426437378,0.0932999998331069946,0.0225000008940696716,0.0214000009000301361,0.0220999997109174728,0.0152000002562999725,0.00829999987035989761,0.00579999992623925209,0.00230000005103647709,0.0057000000961124897,0.00520000001415610313,0.00270000007003545761,0.002099999925121665
0.0178999993950128555,0.0136000001803040504,0.040800001472234726,0.0632999986410140991,0.059599999338388443,0.0807999968528747559,0.209000006318092346,0.346500009298324585,0.527599990367889404,0.596499979496002197,0.625400006771087646,0.45070001482963562,0.369300007820129395,0.286399990320205688,0.163499996066093445,0.0421999990940093994,0.178499996662139893,0.439399987459182739,0.694999992847442627,0.80970001220703125,0.855000019073486328,0.871699988842010498,0.860099971294403076,0.920099973678588867,0.872900009155273438,0.808399975299835205,0.8694000244140625,0.841099977493286133,0.579299986362457275,0.375400006771087646,0.34850001335144043,0.463899999856948853,0.649500012397766113,0.690100014209747314,0.566600024700164795,0.518800020217895508,0.505999982357025146,0.388500005006790161,0.376199990510940552,0.373800009489059448,0.260500013828277588,0.159099996089935303,0.1875,0.226699993014335632,0.157700002193450928,0.121100001037120819,0.0882999971508979797,0.0850000008940696716,0.0355000011622905731,0.0219000000506639481,0.0086000002920627594,0.0122999995946884155,0.00600000005215406418,0.0186999998986721039,0.0110999997705221176,0.0126000000163912773,0.00810000021010637283,0.0154999997466802597,0.0160000007599592209,0.00850000046193599701
0.0441999994218349457,0.047699999064207077,0.00490000005811452866,0.0581000000238418579,0.0277999993413686752,0.0678000003099441528,0.1664000004529953,0.149000003933906555,0.0974000021815299988,0.126800000667572021,0.110899999737739563,0.237499997019767761,0.200699999928474426,0.214000001549720764,0.110899999737739563,0.203600004315376282,0.246800005435943604,0.668200016021728516,0.834500014781951904,0.825200021266937256,0.801699995994567871,0.898199975490570068,0.966400027275085449,0.851499974727630615,0.66259998083114624,0.324099987745285034,0.205400004982948303,0.566900014877319336,0.572600007057189941,0.487699985504150391,0.753199994564056396,0.759999990463256836,0.518499970436096191,0.412000000476837158,0.555999994277954102,0.5569000244140625,0.133599996566772461,0.383100003004074097,0.461100012063980103,0.432999998331069946,0.255600005388259888,0.146599993109703064,0.348899990320205688,0.265899986028671265,0.0944000035524368286,0.136999994516372681,0.13439999520778656,0.0416000001132488251,0.071900002658367157,0.0636999979615211487,0.0209999997168779373,0.020400000736117363,0.0216000005602836609,0.0135000003501772881,0.00549999997019767761,0.00730000017210841179,0.00800000037997961044,0.0104999998584389687,0.00590000022202730179,0.0104999998584389687
0.0261000003665685654,0.0265999995172023773,0.0222999993711709976,0.0749000012874603271,0.136399999260902405,0.151299998164176941,0.13160000741481781,0.165399998426437378,0.186399996280670166,0.201299995183944702,0.289000004529953003,0.365000009536743164,0.351000010967254639,0.349500000476837158,0.432500004768371582,0.539799988269805908,0.62370002269744873,0.687600016593933105,0.732900023460388184,0.810699999332427979,0.839600026607513428,0.863200008869171143,0.874700009822845459,0.960699975490570068,0.971599996089935303,0.912100017070770264,0.857599973678588867,0.879800021648406982,0.772000014781951904,0.571099996566772461,0.42640000581741333,0.28600001335144043,0.311399996280670166,0.206599995493888855,0.116499997675418854,0.0185000002384185791,0.130199998617172241,0.247999995946884155,0.163699999451637268,0.11029999703168869,0.214399993419647217,0.203299999237060547,0.188700005412101746,0.136999994516372681,0.13760000467300415,0.0307000000029802322,0.0373000018298625946,0.0606000013649463654,0.0399000011384487152,0.0168999992311000824,0.0135000003501772881,0.0221999995410442352,0.017500000074505806,0.0126999998465180397,0.00219999998807907104,0.0124000003561377525,0.00540000014007091522,0.002099999925121665,0.00279999990016222,0.00230000005103647709
0.0307999998331069946,0.0339000001549720764,0.020199999213218689,0.0888999998569488525,0.15700000524520874,0.174999997019767761,0.0920000001788139343,0.135299995541572571,0.159299999475479126,0.279500007629394531,0.333600014448165894,0.293999999761581421,0.160799995064735413,0.333499997854232788,0.49849998950958252,0.729499995708465576,0.735000014305114746,0.825299978256225586,0.87929999828338623,0.965699970722198486,1,0.87070000171661377,0.647099971771240234,0.59729999303817749,0.821799993515014648,0.775499999523162842,0.61110001802444458,0.419499993324279785,0.298999994993209839,0.135399997234344482,0.243799999356269836,0.562399983406066895,0.55549997091293335,0.696300029754638672,0.729799985885620117,0.702199995517730713,0.546800017356872559,0.142100006341934204,0.473800003528594971,0.640999972820281982,0.4375,0.317799985408782959,0.237700000405311584,0.280800014734268188,0.137400001287460327,0.113600000739097595,0.103399999439716339,0.0688000023365020752,0.0421999990940093994,0.0116999996826052666,0.00700000021606683731,0.0166999995708465576,0.0126999998465180397,0.0137999998405575752,0.00899999961256980896,0.00510000018402934074,0.00289999996311962605,0.0121999997645616531,0.00559999980032444,0.00200000009499490261
0.0116999996826052666,0.00689999992027878761,0.0278999991714954376,0.0582999996840953827,0.0914999991655349731,0.12669999897480011,0.157700002193450928,0.192699998617172241,0.236100003123283386,0.21690000593662262,0.118000000715255737,0.0754000023007392883,0.278200000524520874,0.375800013542175293,0.509299993515014648,0.659200012683868408,0.707099974155426025,0.753199994564056396,0.835699975490570068,0.859300017356872559,0.961499989032745361,0.983799993991851807,0.870500028133392334,0.640299975872039795,0.506699979305267334,0.539499998092651367,0.693400025367736816,0.848699986934661865,0.821300029754638672,0.596199989318847656,0.294999986886978149,0.275799989700317383,0.288500010967254639,0.189300000667572021,0.144600003957748413,0.0954999998211860657,0.0887999981641769409,0.0835999995470046997,0.0894000008702278137,0.154699996113777161,0.231800004839897156,0.222499996423721313,0.103500001132488251,0.172099992632865906,0.201700001955032349,0.178700000047683716,0.111199997365474701,0.0397999994456768036,0.0305000003427267075,0.00839999970048666,0.00389999989420175552,0.00529999984428286552,0.00289999996311962605,0.00200000009499490261,0.00130000000353902578,0.00289999996311962605,0.00200000009499490261,0.00620000017806887627,0.00260000000707805157,0.00520000001415610313
0.0441999994218349457,0.047699999064207077,0.00490000005811452866,0.0581000000238418579,0.0277999993413686752,0.0678000003099441528,0.1664000004529953,0.149000003933906555,0.0974000021815299988,0.126800000667572021,0.110899999737739563,0.237499997019767761,0.200699999928474426,0.214000001549720764,0.110899999737739563,0.203600004315376282,0.246800005435943604,0.668200016021728516,0.834500014781951904,0.825200021266937256,0.801699995994567871,0.898199975490570068,0.966400027275085449,0.851499974727630615,0.66259998083114624,0.324099987745285034,0.205400004982948303,0.566900014877319336,0.572600007057189941,0.487699985504150391,0.753199994564056396,0.759999990463256836,0.518499970436096191,0.412000000476837158,0.555999994277954102,0.5569000244140625,0.133599996566772461,0.383100003004074097,0.461100012063980103,0.432999998331069946,0.255600005388259888,0.146599993109703064,0.348899990320205688,0.265899986028671265,0.0944000035524368286,0.136999994516372681,0.13439999520778656,0.0416000001132488251,0.071900002658367157,0.0636999979615211487,0.0209999997168779373,0.020400000736117363,0.0216000005602836609,0.0135000003501772881,0.00549999997019767761,0.00730000017210841179,0.00800000037997961044,0.0104999998584389687,0.00590000022202730179,0.0104999998584389687
0.0529999993741512299,0.088500000536441803,0.199699997901916504,0.260399997234344482,0.322499990463256836,0.224700003862380981,0.0617000013589859009,0.228699997067451477,0.0949999988079071045,0.0740000009536743164,0.160999998450279236,0.222599998116493225,0.270300000905990601,0.336499989032745361,0.426600009202957153,0.414400011301040649,0.565500020980834961,0.692099988460540771,0.854700028896331787,0.923399984836578369,0.917100012302398682,1,0.953199982643127441,0.910099983215332031,0.833700001239776611,0.705299973487854004,0.653400003910064697,0.448300004005432129,0.246000006794929504,0.202000007033348083,0.144600003957748413,0.0993999987840652466,0.150999993085861206,0.239199995994567871,0.443399995565414429,0.502300024032592773,0.444099992513656616,0.457100003957748413,0.392699986696243286,0.289999991655349731,0.340799987316131592,0.499000012874603271,0.363200008869171143,0.138699993491172791,0.180000007152557373,0.129899993538856506,0.0522999987006187439,0.0816999971866607666,0.0469000004231929779,0.0114000001922249794,0.0298999994993209839,0.0243999995291233063,0.0198999997228384018,0.0256999991834163666,0.00820000004023313522,0.0151000004261732101,0.0171000007539987564,0.0146000003442168236,0.013399999588727951,0.00559999980032444
0.0663999989628791809,0.0575000010430812836,0.0842000022530555725,0.037200000137090683,0.0458000004291534424,0.0771000012755393982,0.0771000012755393982,0.112999998033046722,0.235300004482269287,0.183799996972084045,0.28690001368522644,0.412900000810623169,0.364699989557266235,0.198400005698204041,0.284000009298324585,0.403899997472763062,0.583700001239776611,0.67919999361038208,0.608600020408630371,0.485799998044967651,0.324600011110305786,0.201299995183944702,0.208199992775917053,0.168599992990493774,0.248400002717971802,0.273600012063980103,0.298400014638900757,0.465499997138977051,0.699000000953674316,0.747399985790252686,0.795599997043609619,0.798099994659423828,0.671500027179718018,0.694199979305267334,0.744000017642974854,0.816900014877319336,0.891200006008148193,1,0.875299990177154541,0.706099987030029297,0.680299997329711914,0.589800000190734863,0.46180000901222229,0.36390000581741333,0.149200007319450378,0.12160000205039978,0.130600005388259888,0.119800001382827759,0.0577999986708164215,0.0234999991953372955,0.0135000003501772881,0.014100000262260437,0.0189999993890523911,0.0043000001460313797,0.00359999993816018105,0.00260000000707805157,0.00240000011399388313,0.0162000004202127457,0.0109000001102685928,0.00789999961853027344
0.0663999989628791809,0.0575000010430812836,0.0842000022530555725,0.037200000137090683,0.0458000004291534424,0.0771000012755393982,0.0771000012755393982,0.112999998033046722,0.235300004482269287,0.183799996972084045,0.28690001368522644,0.412900000810623169,0.364699989557266235,0.198400005698204041,0.284000009298324585,0.403899997472763062,0.583700001239776611,0.67919999361038208,0.608600020408630371,0.485799998044967651,0.324600011110305786,0.201299995183944702,0.208199992775917053,0.168599992990493774,0.248400002717971802,0.273600012063980103,0.298400014638900757,0.465499997138977051,0.699000000953674316,0.747399985790252686,0.795599997043609619,0.798099994659423828,0.671500027179718018,0.694199979305267334,0.744000017642974854,0.816900014877319336,0.891200006008148193,1,0.875299990177154541,0.706099987030029297,0.680299997329711914,0.589800000190734863,0.46180000901222229,0.36390000581741333,0.149200007319450378,0.12160000205039978,0.130600005388259888,0.119800001382827759,0.0577999986708164215,0.0234999991953372955,0.0135000003501772881,0.014100000262260437,0.0189999993890523911,0.0043000001460313797,0.00359999993816018105,0.00260000000707805157,0.00240000011399388313,0.0162000004202127457,0.0109000001102685928,0.00789999961853027344
0.00789999961853027344,0.0086000002920627594,0.00549999997019767761,0.0250000003725290298,0.0344000011682510376,0.0546000003814697266,0.0527999997138977051,0.0957999974489212036,0.10090000182390213,0.123999997973442078,0.109700001776218414,0.121500000357627869,0.187399998307228088,0.338299989700317383,0.322699993848800659,0.272300004959106445,0.394300013780593872,0.64319998025894165,0.727100014686584473,0.867299973964691162,0.967400014400482178,0.984700024127960205,0.948000013828277588,0.803600013256072998,0.683300018310546875,0.513599991798400879,0.308999985456466675,0.0832000002264976501,0.401899993419647217,0.234400004148483276,0.190500006079673767,0.123499996960163116,0.171700000762939453,0.235100001096725464,0.248899996280670166,0.364899992942810059,0.338200002908706665,0.158899992704391479,0.0988999977707862854,0.108900003135204315,0.10429999977350235,0.0838999971747398376,0.139100000262260437,0.0819000005722045898,0.0678000003099441528,0.0662999972701072693,0.120200000703334808,0.0692000016570091248,0.0152000002562999725,0.0265999995172023773,0.0174000002443790436,0.0175999999046325684,0.0126999998465180397,0.00879999995231628418,0.00980000011622905731,0.00190000003203749657,0.00590000022202730179,0.00579999992623925209,0.00590000022202730179,0.00319999991916120052
0.0331000015139579773,0.042300000786781311,0.0474000014364719391,0.0817999988794326782,0.0834999978542327881,0.0755999982357025146,0.0373999997973442078,0.0961000025272369385,0.0548000000417232513,0.0193000007420778275,0.0896999984979629517,0.173399999737739563,0.193599998950958252,0.280299991369247437,0.33129999041557312,0.501999974250793457,0.635999977588653564,0.709599971771240234,0.833299994468688965,0.873000025749206543,0.807299971580505371,0.750699996948242188,0.752600014209747314,0.729799985885620117,0.617699980735778809,0.494599997997283936,0.453099995851516724,0.409900009632110596,0.453999996185302734,0.412400007247924805,0.313899993896484375,0.319400012493133545,0.369199991226196289,0.377600014209747314,0.446900010108947754,0.477699995040893555,0.471599996089935303,0.466399997472763062,0.389299988746643066,0.425500005483627319,0.406399995088577271,0.371199995279312134,0.386299997568130493,0.280200004577636719,0.128299996256828308,0.111699998378753662,0.130300000309944153,0.0786999985575675964,0.0436000004410743713,0.02239999920129776,0.0132999997586011887,0.00779999978840351105,0.0174000002443790436,0.0175999999046325684,0.00380000006407499313,0.0129000004380941391,0.00659999996423721313,0.00439999997615814209,0.013399999588727951,0.00920000020414590836
0.102099999785423279,0.0829999968409538269,0.0577000007033348083,0.0627000033855438232,0.0635000020265579224,0.132799997925758362,0.0988000035285949707,0.178700000047683716,0.11990000307559967,0.136899992823600769,0.250900000333786011,0.263099998235702515,0.279599994421005249,0.297699987888336182,0.382299989461898804,0.312900006771087646,0.395599991083145142,0.209299996495246887,0.321799993515014648,0.334500014781951904,0.318399995565414429,0.288700014352798462,0.361000001430511475,0.256599992513656616,0.410600006580352783,0.459100008010864258,0.472200006246566772,0.72780001163482666,0.759100019931793213,0.657899975776672363,0.751399993896484375,0.66659998893737793,0.490299999713897705,0.596199989318847656,0.655200004577636719,0.401399999856948853,0.118799999356269836,0.324499994516372681,0.310699999332427979,0.135399997234344482,0.510900020599365234,0.798799991607666016,0.751699984073638916,0.550800025463104248,0.585799992084503174,0.729200005531311035,0.552200019359588623,0.333900004625320435,0.160799995064735413,0.0474999994039535522,0.100400000810623169,0.0709000006318092346,0.0317000001668930054,0.030899999663233757,0.0252000000327825546,0.00870000012218952179,0.0176999997347593307,0.0214000009000301361,0.0227000005543231964,0.010599999688565731
0.0195000004023313522,0.0142000000923871994,0.0181000009179115295,0.0406000018119812012,0.0390999987721443176,0.0249000005424022675,0.0891999974846839905,0.0973000004887580872,0.0839999988675117493,0.119099996984004974,0.152199998497962952,0.132200002670288086,0.143399998545646667,0.124399997293949127,0.0653000026941299438,0.0890000015497207642,0.122599996626377106,0.184599995613098145,0.388000011444091797,0.365799993276596069,0.229699999094009399,0.261000007390975952,0.419299989938735962,0.584800004959106445,0.564300000667572021,0.544799983501434326,0.47720000147819519,0.689700007438659668,0.979700028896331787,1,0.954599976539611816,0.883499979972839355,0.766200006008148193,0.654699981212615967,0.544700026512145996,0.459300011396408081,0.467900007963180542,0.198699995875358582,0.0698999986052513123,0.149299994111061096,0.171299993991851807,0.165399998426437378,0.259999990463256836,0.384600013494491577,0.375400006771087646,0.241400003433227539,0.10769999772310257,0.02239999920129776,0.0154999997466802597,0.0186999998986721039,0.0125000001862645149,0.00279999990016222,0.00669999979436397552,0.0120000001043081284,0.00120000005699694157,0.00219999998807907104,0.00579999992623925209,0.00419999985024333,0.00669999979436397552,0.00120000005699694157
0.0263999998569488525,0.0071000000461935997,0.0342000015079975128,0.0793000012636184692,0.10429999977350235,0.0782999992370605469,0.141699999570846558,0.117600001394748688,0.0452999994158744812,0.0944999977946281433,0.113200001418590546,0.0839999988675117493,0.0716999992728233337,0.196799993515014648,0.263300001621246338,0.419099986553192139,0.504999995231628418,0.671100020408630371,0.792200028896331787,0.838100016117095947,0.875899970531463623,0.942200005054473877,1,0.993099987506866455,0.957499980926513672,0.864700019359588623,0.721499979496002197,0.580099999904632568,0.496399998664855957,0.488599985837936401,0.407900005578994751,0.244299992918968201,0.176799997687339783,0.247199997305870056,0.351799994707107544,0.376199990510940552,0.290899991989135742,0.231099992990493774,0.31679999828338623,0.355399996042251587,0.374099999666213989,0.444299995899200439,0.326099991798400879,0.196299999952316284,0.0864000022411346436,0.168799996376037598,0.199100002646446228,0.121699996292591095,0.0627999976277351379,0.0322999991476535797,0.025299999862909317,0.0214000009000301361,0.0262000001966953278,0.0176999997347593307,0.00370000000111758709,0.00680000009015202522,0.0120999999344348907,0.00769999995827674866,0.00779999978840351105,0.00659999996423721313
0.0071000000461935997,0.0103000001981854439,0.0135000003501772881,0.0494000017642974854,0.025299999862909317,0.0806000009179115295,0.0701000019907951355,0.0737999975681304932,0.0116999996826052666,0.0898000001907348633,0.0288999993354082108,0.155399993062019348,0.143700003623962402,0.103500001132488251,0.142399996519088745,0.122699998319149017,0.0891999974846839905,0.204699993133544922,0.082699999213218689,0.152400001883506775,0.303099989891052246,0.160799995064735413,0.0666999965906143188,0.142599999904632568,0.0395000018179416656,0.165299996733665466,0.339899986982345581,0.48550000786781311,0.520600020885467529,0.550800025463104248,0.610199987888336182,0.598900020122528076,0.67640000581741333,0.889699995517730713,1,0.951699972152709961,0.845899999141693115,0.707300007343292236,0.669700026512145996,0.632600009441375732,0.510200023651123047,0.416099995374679565,0.281599998474121094,0.170499995350837708,0.142100006341934204,0.0970999971032142639,0.0878999978303909302,0.0863000005483627319,0.0355000011622905731,0.0232999995350837708,0.0252000000327825546,0.0043000001460313797,0.00480000022798776627,0.00760000012814998627,0.0124000003561377525,0.0104999998584389687,0.00540000014007091522,0.00319999991916120052,0.00730000017210841179,0.00630000000819563866
0.0234999991953372955,0.0291000008583068848,0.0749000012874603271,0.0518999993801116943,0.0227000005543231964,0.0834000036120414734,0.0676999986171722412,0.200200006365776062,0.287600010633468628,0.367399990558624268,0.297399997711181641,0.0837000012397766113,0.191200003027915955,0.504000008106231689,0.635200023651123047,0.68040001392364502,0.750500023365020752,0.659500002861022949,0.450899988412857056,0.296400010585784912,0.401899993419647217,0.679400026798248291,0.829699993133544922,1,0.824000000953674316,0.711499989032745361,0.772599995136260986,0.61239999532699585,0.493600010871887207,0.564800024032592773,0.490599989891052246,0.181999996304512024,0.181099995970726013,0.11069999635219574,0.46029999852180481,0.665000021457672119,0.642300009727478027,0.216600000858306885,0.195099994540214539,0.494700014591217041,0.492500007152557373,0.404100000858306885,0.240199998021125793,0.139200001955032349,0.177900001406669617,0.194600000977516174,0.172299996018409729,0.152199998497962952,0.0929000005125999451,0.0178999993950128555,0.0241999998688697815,0.00829999987035989761,0.00370000000111758709,0.00949999969452619553,0.0104999998584389687,0.00300000002607703209,0.0131999999284744263,0.00680000009015202522,0.0108000002801418304,0.00899999961256980896
0.0107000004500150681,0.0452999994158744812,0.0288999993354082108,0.0712999999523162842,0.107500001788139343,0.101899996399879456,0.160600006580352783,0.211899995803833008,0.306100010871887207,0.293599992990493774,0.310400009155273438,0.343100011348724365,0.245600000023841858,0.188700005412101746,0.118400000035762787,0.208000004291534424,0.273600012063980103,0.327399998903274536,0.234400004148483276,0.126000002026557922,0.0575999990105628967,0.124099999666213989,0.323900014162063599,0.435699999332427979,0.573400020599365234,0.782500028610229492,0.925199985504150391,0.934899985790252686,0.934800028800964355,1,0.930800020694732666,0.847800016403198242,0.760500013828277588,0.703999996185302734,0.753899991512298584,0.799000024795532227,0.767300009727478027,0.595499992370605469,0.473100006580352783,0.48399999737739563,0.433999985456466675,0.395399987697601318,0.483700007200241089,0.537899971008300781,0.448500007390975952,0.267399996519088745,0.154100000858306885,0.135900005698204041,0.0940999984741210938,0.0261000003665685654,0.00789999961853027344,0.0164000000804662704,0.0120000001043081284,0.011300000362098217,0.002099999925121665,0.00970000028610229492,0.00719999987632036209,0.00600000005215406418,0.00170000002253800631,0.00359999993816018105
0.0715000033378601074,0.08489999920129776,0.0586999990046024323,0.0218000002205371857,0.0861999988555908203,0.180099993944168091,0.191599994897842407,0.189600005745887756,0.296000003814697266,0.418599992990493774,0.486699998378753662,0.52490001916885376,0.595899999141693115,0.685500025749206543,0.857299983501434326,0.971800029277801514,0.869300007820129395,0.871100008487701416,0.895399987697601318,0.992200016975402832,0.898000001907348633,0.815800011157989502,0.837300002574920654,0.754100024700164795,0.589299976825714111,0.548799991607666016,0.564300000667572021,0.540600001811981201,0.478300005197525024,0.443899989128112793,0.369800001382827759,0.257400006055831909,0.14779999852180481,0.174300000071525574,0.122900001704692841,0.158800005912780762,0.180299997329711914,0.143600001931190491,0.166700005531311035,0.263000011444091797,0.223399996757507324,0.123899996280670166,0.0869000032544136047,0.209199994802474976,0.149900004267692566,0.0675999969244003296,0.0899000018835067749,0.0926999971270561218,0.065800003707408905,0.0086000002920627594,0.0216000005602836609,0.0153000000864267349,0.0120999999344348907,0.00960000045597553253,0.0196000002324581146,0.00419999985024333,0.00659999996423721313,0.0098999999463558197,0.00829999987035989761,0.0124000003561377525
0.0353000015020370483,0.0712999999523162842,0.0326000005006790161,0.0272000003606081009,0.0370000004768371582,0.0791999995708465576,0.108300000429153442,0.0687000006437301636,0.0297999996691942215,0.0879999995231628418,0.107799999415874481,0.09790000319480896,0.224999994039535522,0.281899988651275635,0.209900006651878357,0.123999997973442078,0.169900000095367432,0.0939000025391578674,0.109099999070167542,0.14100000262260437,0.126800000667572021,0.315100014209747314,0.143000006675720215,0.226400002837181091,0.575600028038024902,0.78759998083114624,0.715799987316131592,0.599799990653991699,0.558300018310546875,0.629499971866607666,0.765900015830993652,0.893999993801116943,0.843599975109100342,0.680700004100799561,0.837999999523162842,1,0.949699997901916504,0.786599993705749512,0.564700007438659668,0.347999989986419678,0.258500009775161743,0.230399996042251587,0.294800013303756714,0.336299985647201538,0.301699995994567871,0.219300001859664917,0.13160000741481781,0.107799999415874481,0.0559000000357627869,0.00350000010803341866,0.00980000011622905731,0.0163000002503395081,0.0241999998688697815,0.0043000001460313797,0.020199999213218689,0.0108000002801418304,0.00370000000111758709,0.00960000045597553253,0.00930000003427267075,0.00529999984428286552
0.0238000005483627319,0.031800001859664917,0.0421999990940093994,0.0399000011384487152,0.0788000002503395081,0.076600000262260437,0.0881000012159347534,0.114299997687339783,0.159400001168251038,0.204799994826316833,0.265199989080429077,0.310000002384185791,0.238100007176399231,0.19179999828338623,0.143000006675720215,0.173500001430511475,0.17810000479221344,0.285199999809265137,0.503600001335144043,0.616599977016448975,0.761600017547607422,0.8125,0.77929997444152832,0.878799974918365479,0.881299972534179688,0.947000026702880859,1,0.973900020122528076,0.844600021839141846,0.61510002613067627,0.430200010538101196,0.316500008106231689,0.28690001368522644,0.201700001955032349,0.120600000023841858,0.0271000005304813385,0.0579999983310699463,0.126200005412101746,0.107199996709823608,0.108199998736381531,0.0359999984502792358,0.119699999690055847,0.206100001931190491,0.205400004982948303,0.187800005078315735,0.204699993133544922,0.171599999070167542,0.10689999908208847,0.047699999064207077,0.017000000923871994,0.0186000000685453415,0.00960000045597553253,0.0071000000461935997,0.00839999970048666,0.00380000006407499313,0.00260000000707805157,0.00279999990016222,0.00130000000353902578,0.00350000010803341866,0.00600000005215406418
0.0208999998867511749,0.0261000003665685654,0.0120000001043081284,0.0768000036478042603,0.106399998068809509,0.167999997735023499,0.301600009202957153,0.345999985933303833,0.331400007009506226,0.412499994039535522,0.394300013780593872,0.133399993181228638,0.462199985980987549,0.996999979019165039,0.913699984550476074,0.829200029373168945,0.699400007724761963,0.782500028610229492,0.878899991512298584,0.85009998083114624,0.892000019550323486,0.9473000168800354,1,0.897499978542327881,0.780600011348724365,0.832099974155426025,0.650200009346008301,0.454800009727478027,0.473199993371963501,0.339100003242492676,0.274699985980987549,0.0978000015020370483,0.047699999064207077,0.140300005674362183,0.183400005102157593,0.214800000190734863,0.127100005745887756,0.191200003027915955,0.339100003242492676,0.344399988651275635,0.236900001764297485,0.119499996304512024,0.266499996185302734,0.258700013160705566,0.13930000364780426,0.108300000429153442,0.138300001621246338,0.132100000977516174,0.10689999908208847,0.0324999988079071045,0.0315999984741210938,0.0057000000961124897,0.0159000009298324585,0.00850000046193599701,0.037200000137090683,0.0100999996066093445,0.0126999998465180397,0.0287999995052814484,0.0129000004380941391,0.00230000005103647709
0.034000001847743988,0.0625,0.0381000004708766937,0.0256999991834163666,0.0441000014543533325,0.102700002491474152,0.128700003027915955,0.185000002384185791,0.264699995517730713,0.411700010299682617,0.524500012397766113,0.534099996089935303,0.55540001392364502,0.391499996185302734,0.294999986886978149,0.307500004768371582,0.302100002765655518,0.271899998188018799,0.54430001974105835,0.793200016021728516,0.875100016593933105,0.86669999361038208,0.710699975490570068,0.691100001335144043,0.728699982166290283,0.879199981689453125,1,0.981599986553192139,0.898400008678436279,0.604799985885620117,0.493400007486343384,0.537100017070770264,0.458600014448165894,0.290800005197525024,0.0773999989032745361,0.224900007247924805,0.160199999809265137,0.395799994468688965,0.611699998378753662,0.519599974155426025,0.232099995017051697,0.437000006437301636,0.379700005054473877,0.432200014591217041,0.489199995994567871,0.190099999308586121,0.0939999967813491821,0.136399999260902405,0.0905999988317489624,0.0143999997526407242,0.0329000018537044525,0.014100000262260437,0.00190000003203749657,0.00669999979436397552,0.0098999999463558197,0.00419999985024333,0.0057000000961124897,0.00510000018402934074,0.00329999998211860657,0.00579999992623925209
0.0131000000983476639,0.0386999994516372681,0.0329000018537044525,0.00779999978840351105,0.0720999985933303833,0.134100005030632019,0.162599995732307434,0.190200001001358032,0.261000007390975952,0.319299995899200439,0.346799999475479126,0.373800009489059448,0.305500000715255737,0.19259999692440033,0.138500005006790161,0.212200000882148743,0.275799989700317383,0.457599997520446777,0.64869999885559082,0.715399980545043945,0.800999999046325684,0.792400002479553223,0.87929999828338623,1,0.986500024795532227,0.94739997386932373,0.94739997386932373,0.931500017642974854,0.832599997520446777,0.621299982070922852,0.377200007438659668,0.282200008630752563,0.204199999570846558,0.218999996781349182,0.22229999303817749,0.13269999623298645,0.0520999990403652191,0.061799999326467514,0.141599997878074646,0.145999997854232788,0.0846000015735626221,0.105499997735023499,0.163900002837181091,0.191599994897842407,0.208499997854232788,0.233500003814697266,0.196400001645088196,0.129999995231628418,0.0632999986410140991,0.0183000005781650543,0.0137000000104308128,0.0149999996647238731,0.00760000012814998627,0.00319999991916120052,0.00370000000111758709,0.0071000000461935997,0.00400000018998980522,0.000899999984540045261,0.00150000001303851604,0.00850000046193599701
0.0441999994218349457,0.047699999064207077,0.00490000005811452866,0.0581000000238418579,0.0277999993413686752,0.0678000003099441528,0.1664000004529953,0.149000003933906555,0.0974000021815299988,0.126800000667572021,0.110899999737739563,0.237499997019767761,0.200699999928474426,0.214000001549720764,0.110899999737739563,0.203600004315376282,0.246800005435943604,0.668200016021728516,0.834500014781951904,0.825200021266937256,0.801699995994567871,0.898199975490570068,0.966400027275085449,0.851499974727630615,0.66259998083114624,0.324099987745285034,0.205400004982948303,0.566900014877319336,0.572600007057189941,0.487699985504150391,0.753199994564056396,0.759999990463256836,0.518499970436096191,0.412000000476837158,0.555999994277954102,0.5569000244140625,0.133599996566772461,0.383100003004074097,0.461100012063980103,0.432999998331069946,0.255600005388259888,0.146599993109703064,0.348899990320205688,0.265899986028671265,0.0944000035524368286,0.136999994516372681,0.13439999520778656,0.0416000001132488251,0.071900002658367157,0.0636999979615211487,0.0209999997168779373,0.020400000736117363,0.0216000005602836609,0.0135000003501772881,0.00549999997019767761,0.00730000017210841179,0.00800000037997961044,0.0104999998584389687,0.00590000022202730179,0.0104999998584389687
0.0164000000804662704,0.0627000033855438232,0.0737999975681304932,0.0608000010251998901,0.0232999995350837708,0.104800000786781311,0.133799999952316284,0.0644000023603439331,0.152199998497962952,0.0780000016093254089,0.179100006818771362,0.268099993467330933,0.178800001740455627,0.1039000004529953,0.197999998927116394,0.323399990797042847,0.374799996614456177,0.258599996566772461,0.368000000715255737,0.350800007581710815,0.560599982738494873,0.523100018501281738,0.546899974346160889,0.695399999618530273,0.635200023651123047,0.675700008869171143,0.849900007247924805,0.802500009536743164,0.656300008296966553,0.859099984169006348,0.665499985218048096,0.536899983882904053,0.311800003051757812,0.376300007104873657,0.280099987983703613,0.0874999985098838806,0.33190000057220459,0.423700004816055298,0.180099993944168091,0.374300003051757812,0.462700009346008301,0.161400005221366882,0.249400004744529724,0.32019999623298645,0.226500004529953003,0.114600002765655518,0.0476000010967254639,0.094300001859664917,0.082400001585483551,0.0171000007539987564,0.0243999995291233063,0.0258000008761882782,0.0142999999225139618,0.022600000724196434,0.0186999998986721039,0.0185000002384185791,0.0109999999403953552,0.00939999986439943314,0.00779999978840351105,0.01119999960064888
0.0175999999046325684,0.0172000005841255188,0.0500999987125396729,0.0285000000149011612,0.0262000001966953278,0.0351000018417835236,0.0362000018358230591,0.053500000387430191,0.0258000008761882782,0.0474000014364719391,0.0526000000536441803,0.185399994254112244,0.104000002145767212,0.0948000028729438782,0.0912000015377998352,0.168799996376037598,0.156800001859664917,0.0375000014901161194,0.13160000741481781,0.2085999995470047,0.197600007057189941,0.0945999994874000549,0.196500003337860107,0.124200001358985901,0.0615999996662139893,0.214100003242492676,0.464199990034103394,0.647099971771240234,0.634000003337860107,0.610700011253356934,0.704599976539611816,0.53759998083114624,0.593400001525878906,0.844299972057342529,0.948099970817565918,0.970499992370605469,0.776600003242492676,0.631299972534179688,0.575999975204467773,0.614799976348876953,0.545000016689300537,0.481299996376037598,0.340600013732910156,0.191599994897842407,0.113399997353553772,0.0640000030398368835,0.0910999998450279236,0.0979999974370002747,0.0562999993562698364,0.0186999998986721039,0.00879999995231628418,0.00419999985024333,0.017500000074505806,0.0171000007539987564,0.00789999961853027344,0.00499999988824129105,0.01119999960064888,0.0178999993950128555,0.0294000003486871719,0.00630000000819563866
0.0635000020265579224,0.0709000006318092346,0.0452999994158744812,0.0333000011742115021,0.0185000002384185791,0.126000002026557922,0.101499997079372406,0.19179999828338623,0.33619999885559082,0.389999985694885254,0.467400014400482178,0.563199996948242188,0.550599992275238037,0.434300005435943604,0.305200010538101196,0.349200010299682617,0.397500008344650269,0.387499988079071045,0.527999997138977051,0.719799995422363281,0.770200014114379883,0.856199979782104492,0.868799984455108643,0.92360001802444458,1,0.966199994087219238,0.982200026512145996,0.736000001430511475,0.415800005197525024,0.291799992322921753,0.328000009059906006,0.368999987840652466,0.344999998807907104,0.286300003528594971,0.0864000022411346436,0.372399985790252686,0.464899986982345581,0.348800003528594971,0.181700006127357483,0.114200003445148468,0.12200000137090683,0.262100011110305786,0.446099996566772461,0.472600013017654419,0.326299995183944702,0.142299994826316833,0.0390000008046627045,0.0406000018119812012,0.0310999993234872818,0.0086000002920627594,0.0153999999165534973,0.00480000022798776627,0.00249999994412064552,0.00870000012218952179,0.00719999987632036209,0.00949999969452619553,0.0086000002920627594,0.00850000046193599701,0.00400000018998980522,0.00510000018402934074
0.00910000037401914597,0.0212999992072582245,0.0206000003963708878,0.0505000017583370209,0.0657000020146369934,0.0794999971985816956,0.0970000028610229492,0.0872000008821487427,0.0742999985814094543,0.0837000012397766113,0.157900005578994751,0.0898000001907348633,0.030899999663233757,0.185599997639656067,0.296900004148483276,0.203199997544288635,0.126399993896484375,0.16550000011920929,0.166099995374679565,0.209099993109703064,0.231000006198883057,0.446000009775161743,0.663399994373321533,0.693300008773803711,0.766300022602081299,0.820599973201751709,0.704900026321411133,0.755999982357025146,0.746599972248077393,0.638700008392333984,0.4846000075340271,0.332800000905990601,0.535600006580352783,0.874100029468536377,0.857299983501434326,0.671800017356872559,0.344599992036819458,0.314999997615814209,0.270200014114379883,0.259799987077713013,0.274199992418289185,0.359400004148483276,0.438199996948242188,0.246000006794929504,0.0758000016212463379,0.0186999998986721039,0.0797000005841255188,0.0747999995946884155,0.0366999991238117218,0.0154999997466802597,0.0299999993294477463,0.01119999960064888,0.01119999960064888,0.0102000003680586815,0.00260000000707805157,0.00970000028610229492,0.00980000011622905731,0.0043000001460313797,0.0071000000461935997,0.0108000002801418304
0.0220999997109174728,0.00650000013411045074,0.0164000000804662704,0.0487000010907649994,0.0518999993801116943,0.08489999920129776,0.0812000036239624023,0.183300003409385681,0.222800001502037048,0.180999994277954102,0.2549000084400177,0.298400014638900757,0.262400001287460327,0.189300000667572021,0.0667999982833862305,0.26660001277923584,0.427399992942810059,0.629100024700164795,0.778199970722198486,0.768599987030029297,0.809899985790252686,0.849300026893615723,0.944000005722045898,0.944999992847442627,0.965499997138977051,0.804499983787536621,0.496899992227554321,0.395999997854232788,0.385600000619888306,0.557399988174438477,0.730899989604949951,0.854900002479553223,0.942499995231628418,0.872600018978118896,0.667299985885620117,0.469399988651275635,0.154599994421005249,0.174799993634223938,0.360700011253356934,0.520799994468688965,0.517700016498565674,0.370200008153915405,0.224000006914138794,0.0816000029444694519,0.0395000018179416656,0.0785000026226043701,0.105200000107288361,0.103399999439716339,0.0763999968767166138,0.0216000005602836609,0.0166999995708465576,0.00889999978244304657,0.00510000018402934074,0.00150000001303851604,0.00749999983236193657,0.00579999992623925209,0.00159999995958060026,0.00700000021606683731,0.00740000000223517418,0.00380000006407499313
0.0228000003844499588,0.010599999688565731,0.0130000002682209015,0.0842000022530555725,0.111699998378753662,0.150600001215934753,0.177599996328353882,0.0996999964118003845,0.142800003290176392,0.222699999809265137,0.262100011110305786,0.310900002717971802,0.285899996757507324,0.331600010395050049,0.375499993562698364,0.449900001287460327,0.476500004529953003,0.625400006771087646,0.730400025844573975,0.870199978351593018,0.934899985790252686,0.961399972438812256,0.91259998083114624,0.944299995899200439,1,0.945500016212463379,0.881500005722045898,0.751999974250793457,0.706799983978271484,0.59859997034072876,0.385699987411499023,0.250999987125396729,0.216199994087219238,0.096799999475479126,0.132300004363059998,0.13439999520778656,0.224999994039535522,0.324400007724761963,0.393900007009506226,0.380600005388259888,0.325800001621246338,0.365399986505508423,0.298299998044967651,0.177900001406669617,0.153500005602836609,0.11990000307559967,0.0958999991416931152,0.0764999985694885254,0.0649000033736228943,0.0313000008463859558,0.0185000002384185791,0.00980000011622905731,0.0177999995648860931,0.00769999995827674866,0.00740000000223517418,0.00949999969452619553,0.00549999997019767761,0.00449999980628490448,0.00630000000819563866,0.00389999989420175552
0.0414000004529953003,0.0436000004410743713,0.0447000004351139069,0.0843999981880187988,0.0419000014662742615,0.121500000357627869,0.200200006365776062,0.151600003242492676,0.0817999988794326782,0.19750000536441803,0.230900004506111145,0.302500009536743164,0.39379999041557312,0.504999995231628418,0.587199985980987549,0.66100001335144043,0.74169999361038208,0.800599992275238037,0.845600008964538574,0.793900012969970703,0.880400002002716064,0.838400006294250488,0.785199999809265137,0.847899973392486572,0.743399977684020996,0.643299996852874756,0.55140000581741333,0.351900011301040649,0.31679999828338623,0.334600001573562622,0.205599993467330933,0.103200003504753113,0.31679999828338623,0.404000014066696167,0.428200006484985352,0.453799992799758911,0.370400011539459229,0.374099999666213989,0.383899986743927002,0.34940001368522644,0.437999993562698364,0.426499992609024048,0.28540000319480896,0.280800014734268188,0.239500001072883606,0.0368999987840652466,0.0804999992251396179,0.0540999993681907654,0.0176999997347593307,0.00650000013411045074,0.0221999995410442352,0.00449999980628490448,0.0136000001803040504,0.011300000362098217,0.00529999984428286552,0.0164999999105930328,0.014100000262260437,0.00769999995827674866,0.0245999991893768311,0.0197999998927116394
0.0262000001966953278,0.0582000017166137695,0.109899997711181641,0.108300000429153442,0.0974000021815299988,0.22800000011920929,0.243100002408027649,0.377099990844726562,0.559800028800964355,0.6194000244140625,0.63330000638961792,0.705999970436096191,0.554400026798248291,0.53200000524520874,0.647899985313415527,0.6930999755859375,0.675899982452392578,0.755100011825561523,0.892899990081787109,0.861899971961975098,0.797399997711181641,0.67369997501373291,0.429300010204315186,0.364800006151199341,0.533100008964538574,0.241300001740455627,0.50700002908706665,0.853299975395202637,0.603600025177001953,0.851400017738342285,0.851199984550476074,0.504499971866607666,0.186199992895126343,0.27090001106262207,0.423200011253356934,0.304300010204315186,0.611599981784820557,0.675599992275238037,0.53750002384185791,0.471899986267089844,0.464700013399124146,0.258700013160705566,0.21289999783039093,0.222200006246566772,0.211099997162818909,0.0175999999046325684,0.134800001978874207,0.074400000274181366,0.0130000002682209015,0.010599999688565731,0.00329999998211860657,0.0231999997049570084,0.0165999997407197952,0.00949999969452619553,0.0179999992251396179,0.0243999995291233063,0.0315999984741210938,0.0164000000804662704,0.00949999969452619553,0.00779999978840351105
0.0108000002801418304,0.0086000002920627594,0.00579999992623925209,0.0460000000894069672,0.0751999989151954651,0.0886999964714050293,0.101499997079372406,0.0494000017642974854,0.0472000017762184143,0.0392999984323978424,0.110600002110004425,0.141200006008148193,0.220200002193450928,0.297600001096725464,0.411599993705749512,0.475400000810623169,0.538999974727630615,0.627900004386901855,0.705999970436096191,0.791800022125244141,0.949299991130828857,1,0.964500010013580322,0.943199992179870605,0.865800023078918457,0.789499998092651367,0.650099992752075195,0.44920000433921814,0.473899990320205688,0.615299999713897705,0.49290001392364502,0.319499999284744263,0.37349998950958252,0.333600014448165894,0.105200000107288361,0.0671000033617019653,0.0379000008106231689,0.0461000017821788788,0.169400006532669067,0.21690000593662262,0.167699992656707764,0.0644000023603439331,0.0159000009298324585,0.0777999982237815857,0.0653000026941299438,0.0209999997168779373,0.0509000010788440704,0.0386999994516372681,0.0262000001966953278,0.0100999996066093445,0.0161000005900859833,0.00289999996311962605,0.00779999978840351105,0.0114000001922249794,0.00829999987035989761,0.00579999992623925209,0.000300000014249235392,0.00230000005103647709,0.00260000000707805157,0.00270000007003545761
0.0331000015139579773,0.042300000786781311,0.0474000014364719391,0.0817999988794326782,0.0834999978542327881,0.0755999982357025146,0.0373999997973442078,0.0961000025272369385,0.0548000000417232513,0.0193000007420778275,0.0896999984979629517,0.173399999737739563,0.193599998950958252,0.280299991369247437,0.33129999041557312,0.501999974250793457,0.635999977588653564,0.709599971771240234,0.833299994468688965,0.873000025749206543,0.807299971580505371,0.750699996948242188,0.752600014209747314,0.729799985885620117,0.617699980735778809,0.494599997997283936,0.453099995851516724,0.409900009632110596,0.453999996185302734,0.412400007247924805,0.313899993896484375,0.319400012493133545,0.369199991226196289,0.377600014209747314,0.446900010108947754,0.477699995040893555,0.471599996089935303,0.466399997472763062,0.389299988746643066,0.425500005483627319,0.406399995088577271,0.371199995279312134,0.386299997568130493,0.280200004577636719,0.128299996256828308,0.111699998378753662,0.130300000309944153,0.0786999985575675964,0.0436000004410743713,0.02239999920129776,0.0132999997586011887,0.00779999978840351105,0.0174000002443790436,0.0175999999046325684,0.00380000006407499313,0.0129000004380941391,0.00659999996423721313,0.00439999997615814209,0.013399999588727951,0.00920000020414590836
0.0098999999463558197,0.048399999737739563,0.0298999994993209839,0.0296999998390674591,0.0652000010013580322,0.10769999772310257,0.236300006508827209,0.238499999046325684,0.00749999983236193657,0.188199996948242188,0.145600005984306335,0.18919999897480011,0.317600011825561523,0.134000003337860107,0.21690000593662262,0.245800003409385681,0.258899986743927002,0.278600007295608521,0.229800000786781311,0.0656000003218650818,0.144099995493888855,0.117899999022483826,0.166800007224082947,0.178299993276596069,0.247600004076957703,0.256999999284744263,0.103600002825260162,0.535600006580352783,0.71240001916885376,0.629100024700164795,0.475600004196166992,0.601499974727630615,0.72079998254776001,0.623399972915649414,0.572499990463256836,0.752300024032592773,0.871200025081634521,0.925199985504150391,0.970899999141693115,0.929700016975402832,0.899500012397766113,0.791100025177001953,0.560000002384185791,0.283800005912780762,0.440699994564056396,0.550700008869171143,0.433099985122680664,0.290499985218048096,0.198100000619888306,0.0778999999165534973,0.0395999997854232788,0.0173000004142522812,0.0148999998345971107,0.0115000000223517418,0.020199999213218689,0.0138999996706843376,0.00289999996311962605,0.0160000007599592209,0.010599999688565731,0.013399999588727951
0.0522000007331371307,0.0436999984085559845,0.0179999992251396179,0.0292000006884336472,0.0351000018417835236,0.117100000381469727,0.125699996948242188,0.117799997329711914,0.125799998641014099,0.252900004386901855,0.271600008010864258,0.23739999532699585,0.187800005078315735,0.0983000025153160095,0.068300001323223114,0.150299996137619019,0.172299996018409729,0.233899995684623718,0.196199998259544373,0.139500007033348083,0.316399991512298584,0.588800013065338135,0.763100028038024902,0.84729999303817749,0.942399978637695312,0.998600006103515625,0.969900012016296387,1,0.862999975681304932,0.697899997234344482,0.771700024604797363,0.730499982833862305,0.519699990749359131,0.178599998354911804,0.109800003468990326,0.144600003957748413,0.106600001454353333,0.143999993801116943,0.192900002002716064,0.0324999988079071045,0.149000003933906555,0.0328000001609325409,0.0537000000476837158,0.130899995565414429,0.090999998152256012,0.0756999999284744263,0.105899997055530548,0.100500002503395081,0.053500000387430191,0.0234999991953372955,0.0154999997466802597,0.0160000007599592209,0.00289999996311962605,0.00510000018402934074,0.00620000017806887627,0.00889999978244304657,0.0140000004321336746,0.0137999998405575752,0.00769999995827674866,0.00310000008903443813
0.0190999992191791534,0.0173000004142522812,0.0291000008583068848,0.0300999991595745087,0.0463000014424324036,0.0689999982714653015,0.0575999990105628967,0.11029999703168869,0.24230000376701355,0.313400000333786011,0.478599995374679565,0.523899972438812256,0.439300000667572021,0.344000011682510376,0.28690001368522644,0.388900011777877808,0.442000001668930054,0.389200001955032349,0.408800005912780762,0.500599980354309082,0.727100014686584473,0.938499987125396729,1,0.983099997043609619,0.993200004100799561,0.916100025177001953,0.823700010776519775,0.695699989795684814,0.453599989414215088,0.328099995851516724,0.252200007438659668,0.396400004625320435,0.415399998426437378,0.330799996852874756,0.144500002264976501,0.192300006747245789,0.32080000638961792,0.336699992418289185,0.568300008773803711,0.550499975681304932,0.323100000619888306,0.04479999840259552,0.31310001015663147,0.338699996471405029,0.412999987602233887,0.36390000581741333,0.20690000057220459,0.0859000012278556824,0.0599999986588954926,0.0266999993473291397,0.0125000001862645149,0.00400000018998980522,0.0136000001803040504,0.0137000000104308128,0.0172000005841255188,0.0131999999284744263,0.0109999999403953552,0.0121999997645616531,0.0114000001922249794,0.00680000009015202522
0.0122999995946884155,0.030899999663233757,0.0168999992311000824,0.0313000008463859558,0.0357999987900257111,0.0102000003680586815,0.0182000007480382919,0.0579000003635883331,0.112199999392032623,0.0834999978542327881,0.0548000000417232513,0.0847000032663345337,0.202600002288818359,0.255699992179870605,0.187000006437301636,0.203199997544288635,0.146300002932548523,0.284900009632110596,0.582400023937225342,0.772800028324127197,0.785199999809265137,0.851499974727630615,0.531199991703033447,0.365299999713897705,0.59729999303817749,0.827499985694885254,1,0.867299973964691162,0.630100011825561523,0.459100008010864258,0.393999993801116943,0.257600009441375732,0.281699985265731812,0.264099985361099243,0.275700002908706665,0.269800007343292236,0.399399995803833008,0.457599997520446777,0.393999993801116943,0.252200007438659668,0.178200006484985352,0.135399997234344482,0.0516000017523765564,0.0337000004947185516,0.0894000008702278137,0.0860999971628189087,0.0872000008821487427,0.0445000007748603821,0.013399999588727951,0.0217000003904104233,0.0187999997287988663,0.0132999997586011887,0.0264999996870756149,0.02239999920129776,0.00740000000223517418,0.0118000004440546036,0.00260000000707805157,0.00920000020414590836,0.000899999984540045261,0.00439999997615814209
0.023099999874830246,0.0351000018417835236,0.00300000002607703209,0.0304000005125999451,0.0339000001549720764,0.086000002920627594,0.173800006508827209,0.135100007057189941,0.106299996376037598,0.0346999987959861755,0.0575000010430812836,0.138199999928474426,0.227400004863739014,0.403800010681152344,0.522300004959106445,0.68470001220703125,0.752099990844726562,0.776000022888183594,0.770799994468688965,0.862699985504150391,1,0.887300014495849609,0.805700004100799561,0.875999987125396729,0.906599998474121094,0.94300001859664917,0.884599983692169189,0.64999997615814209,0.296999990940093994,0.24230000376701355,0.299199998378753662,0.228499993681907654,0.227699995040893555,0.152899995446205139,0.103699997067451477,0.0351999998092651367,0.10729999840259552,0.137299999594688416,0.133100003004074097,0.145400002598762512,0.111500002443790436,0.0439999997615814209,0.0762000009417533875,0.138099998235702515,0.0830999985337257385,0.0653999969363212585,0.0843999981880187988,0.0595000013709068298,0.0496999993920326233,0.0313000008463859558,0.0153999999165534973,0.010599999688565731,0.00970000028610229492,0.00219999998807907104,0.00520000001415610313,0.00719999987632036209,0.00559999980032444,0.00380000006407499313,0.0043000001460313797,0.00300000002607703209
0.026000000536441803,0.0362999998033046722,0.0136000001803040504,0.0272000003606081009,0.0214000009000301361,0.0337999984622001648,0.0654999986290931702,0.140000000596046448,0.184300005435943604,0.235400006175041199,0.272000014781951904,0.244200006127357483,0.166500002145767212,0.03359999880194664,0.130199998617172241,0.170800000429153442,0.217700004577636719,0.317499995231628418,0.371399998664855957,0.455199986696243286,0.569999992847442627,0.739700019359588623,0.806200027465820312,0.883700013160705566,0.943199992179870605,1,0.9375,0.760299980640411377,0.712300002574920654,0.835799992084503174,0.762199997901916504,0.456699997186660767,0.17149999737739563,0.154899999499320984,0.164100006222724915,0.186900004744529724,0.265500009059906006,0.171299993991851807,0.0958999991416931152,0.0768000036478042603,0.0847000032663345337,0.207599997520446777,0.250499993562698364,0.186199992895126343,0.143900007009506226,0.14699999988079071,0.0991000011563301086,0.00410000002011656761,0.0153999999165534973,0.0115999998524785042,0.0181000009179115295,0.0146000003442168236,0.0129000004380941391,0.00469999993219971657,0.00389999989420175552,0.00609999988228082657,0.00400000018998980522,0.00359999993816018105,0.00609999988228082657,0.0115000000223517418
0.0164000000804662704,0.0173000004142522812,0.0346999987959861755,0.00700000021606683731,0.0186999998986721039,0.0671000033617019653,0.10559999942779541,0.0697000026702880859,0.0961999967694282532,0.0251000002026557922,0.0800999999046325684,0.10559999942779541,0.126599997282028198,0.0890000015497207642,0.0197999998927116394,0.113300003111362457,0.282599985599517822,0.323399990797042847,0.323799997568130493,0.433299988508224487,0.60680001974105835,0.765200018882751465,0.920300006866455078,0.971899986267089844,0.920700013637542725,0.754499971866607666,0.828899979591369629,0.890699982643127441,0.730899989604949951,0.689599990844726562,0.582899987697601318,0.493499994277954102,0.310099989175796509,0.0306000001728534698,0.0243999995291233063,0.110799998044967651,0.159400001168251038,0.137099996209144592,0.0696000009775161743,0.045200001448392868,0.0619999989867210388,0.142100006341934204,0.159700006246566772,0.13840000331401825,0.037200000137090683,0.0688000023365020752,0.0866999998688697815,0.05130000039935112,0.00920000020414590836,0.0197999998927116394,0.0118000004440546036,0.00899999961256980896,0.0222999993711709976,0.0178999993950128555,0.00839999970048666,0.00680000009015202522,0.00319999991916120052,0.00350000010803341866,0.00559999980032444,0.00400000018998980522
0.0122999995946884155,0.00219999998807907104,0.0196000002324581146,0.0206000003963708878,0.0179999992251396179,0.0491999983787536621,0.00329999998211860657,0.0397999994456768036,0.079099997878074646,0.0474999994039535522,0.115199998021125793,0.052000001072883606,0.119199998676776886,0.194299995899200439,0.184000000357627869,0.207699999213218689,0.195600003004074097,0.163000002503395081,0.121799997985363007,0.101700000464916229,0.135399997234344482,0.315699994564056396,0.464500010013580322,0.590600013732910156,0.67760002613067627,0.811900019645690918,0.859399974346160889,0.922800004482269287,0.838699996471405029,0.723800003528594971,0.629199981689453125,0.51810002326965332,0.462900012731552124,0.525499999523162842,0.514699995517730713,0.392899990081787109,0.127900004386901855,0.0410999990999698639,0.0859000012278556824,0.113099999725818634,0.130600005388259888,0.175699993968009949,0.264800012111663818,0.195500001311302185,0.0656000003218650818,0.0579999983310699463,0.0318999998271465302,0.0300999991595745087,0.0272000003606081009,0.00740000000223517418,0.0148999998345971107,0.0125000001862645149,0.013399999588727951,0.00260000000707805157,0.00380000006407499313,0.00179999996908009052,0.011300000362098217,0.00579999992623925209,0.00469999993219971657,0.0071000000461935997
0.0107000004500150681,0.0452999994158744812,0.0288999993354082108,0.0712999999523162842,0.107500001788139343,0.101899996399879456,0.160600006580352783,0.211899995803833008,0.306100010871887207,0.293599992990493774,0.310400009155273438,0.343100011348724365,0.245600000023841858,0.188700005412101746,0.118400000035762787,0.208000004291534424,0.273600012063980103,0.327399998903274536,0.234400004148483276,0.126000002026557922,0.0575999990105628967,0.124099999666213989,0.323900014162063599,0.435699999332427979,0.573400020599365234,0.782500028610229492,0.925199985504150391,0.934899985790252686,0.934800028800964355,1,0.930800020694732666,0.847800016403198242,0.760500013828277588,0.703999996185302734,0.753899991512298584,0.799000024795532227,0.767300009727478027,0.595499992370605469,0.473100006580352783,0.48399999737739563,0.433999985456466675,0.395399987697601318,0.483700007200241089,0.537899971008300781,0.448500007390975952,0.267399996519088745,0.154100000858306885,0.135900005698204041,0.0940999984741210938,0.0261000003665685654,0.00789999961853027344,0.0164000000804662704,0.0120000001043081284,0.011300000362098217,0.002099999925121665,0.00970000028610229492,0.00719999987632036209,0.00600000005215406418,0.00170000002253800631,0.00359999993816018105
0.0228000003844499588,0.0852999985218048096,0.100000001490116119,0.0428000018000602722,0.111699998378753662,0.165099993348121643,0.159700006246566772,0.211600005626678467,0.329499989748001099,0.351700007915496826,0.333000004291534424,0.364300012588500977,0.402000010013580322,0.473100006580352783,0.519599974155426025,0.657299995422363281,0.842599987983703613,0.847599983215332031,0.834399998188018799,0.845300018787384033,0.79989999532699585,0.853699982166290283,0.964200019836425781,1,0.935699999332427979,0.940900027751922607,0.90700000524520874,0.710399985313415527,0.63200002908706665,0.566699981689453125,0.350100010633468628,0.244699999690055847,0.16979999840259552,0.328999996185302734,0.367399990558624268,0.233099997043609619,0.241300001740455627,0.255600005388259888,0.18919999897480011,0.194000005722045898,0.307399988174438477,0.278499990701675415,0.0307999998331069946,0.123800002038478851,0.185399994254112244,0.175300002098083496,0.107900001108646393,0.0728000029921531677,0.0241999998688697815,0.0190999992191791534,0.0159000009298324585,0.0172000005841255188,0.0190999992191791534,0.026000000536441803,0.0140000004321336746,0.0125000001862645149,0.0115999998524785042,0.00930000003427267075,0.00120000005699694157,0.00359999993816018105
0.034000001847743988,0.0625,0.0381000004708766937,0.0256999991834163666,0.0441000014543533325,0.102700002491474152,0.128700003027915955,0.185000002384185791,0.264699995517730713,0.411700010299682617,0.524500012397766113,0.534099996089935303,0.55540001392364502,0.391499996185302734,0.294999986886978149,0.307500004768371582,0.302100002765655518,0.271899998188018799,0.54430001974105835,0.793200016021728516,0.875100016593933105,0.86669999361038208,0.710699975490570068,0.691100001335144043,0.728699982166290283,0.879199981689453125,1,0.981599986553192139,0.898400008678436279,0.604799985885620117,0.493400007486343384,0.537100017070770264,0.458600014448165894,0.290800005197525024,0.0773999989032745361,0.224900007247924805,0.160199999809265137,0.395799994468688965,0.611699998378753662,0.519599974155426025,0.232099995017051697,0.437000006437301636,0.379700005054473877,0.432200014591217041,0.489199995994567871,0.190099999308586121,0.0939999967813491821,0.136399999260902405,0.0905999988317489624,0.0143999997526407242,0.0329000018537044525,0.014100000262260437,0.00190000003203749657,0.00669999979436397552,0.0098999999463558197,0.00419999985024333,0.0057000000961124897,0.00510000018402934074,0.00329999998211860657,0.00579999992623925209
0.0261000003665685654,0.0265999995172023773,0.0222999993711709976,0.0749000012874603271,0.136399999260902405,0.151299998164176941,0.13160000741481781,0.165399998426437378,0.186399996280670166,0.201299995183944702,0.289000004529953003,0.365000009536743164,0.351000010967254639,0.349500000476837158,0.432500004768371582,0.539799988269805908,0.62370002269744873,0.687600016593933105,0.732900023460388184,0.810699999332427979,0.839600026607513428,0.863200008869171143,0.874700009822845459,0.960699975490570068,0.971599996089935303,0.912100017070770264,0.857599973678588867,0.879800021648406982,0.772000014781951904,0.571099996566772461,0.42640000581741333,0.28600001335144043,0.311399996280670166,0.206599995493888855,0.116499997675418854,0.0185000002384185791,0.130199998617172241,0.247999995946884155,0.163699999451637268,0.11029999703168869,0.214399993419647217,0.203299999237060547,0.188700005412101746,0.136999994516372681,0.13760000467300415,0.0307000000029802322,0.0373000018298625946,0.0606000013649463654,0.0399000011384487152,0.0168999992311000824,0.0135000003501772881,0.0221999995410442352,0.017500000074505806,0.0126999998465180397,0.00219999998807907104,0.0124000003561377525,0.00540000014007091522,0.002099999925121665,0.00279999990016222,0.00230000005103647709
0.0164000000804662704,0.0627000033855438232,0.0737999975681304932,0.0608000010251998901,0.0232999995350837708,0.104800000786781311,0.133799999952316284,0.0644000023603439331,0.152199998497962952,0.0780000016093254089,0.179100006818771362,0.268099993467330933,0.178800001740455627,0.1039000004529953,0.197999998927116394,0.323399990797042847,0.374799996614456177,0.258599996566772461,0.368000000715255737,0.350800007581710815,0.560599982738494873,0.523100018501281738,0.546899974346160889,0.695399999618530273,0.635200023651123047,0.675700008869171143,0.849900007247924805,0.802500009536743164,0.656300008296966553,0.859099984169006348,0.665499985218048096,0.536899983882904053,0.311800003051757812,0.376300007104873657,0.280099987983703613,0.0874999985098838806,0.33190000057220459,0.423700004816055298,0.180099993944168091,0.374300003051757812,0.462700009346008301,0.161400005221366882,0.249400004744529724,0.32019999623298645,0.226500004529953003,0.114600002765655518,0.0476000010967254639,0.094300001859664917,0.082400001585483551,0.0171000007539987564,0.0243999995291233063,0.0258000008761882782,0.0142999999225139618,0.022600000724196434,0.0186999998986721039,0.0185000002384185791,0.0109999999403953552,0.00939999986439943314,0.00779999978840351105,0.01119999960064888
0.0130000002682209015,0.000600000028498470783,0.00879999995231628418,0.0456000007688999176,0.0524999983608722687,0.0777999982237815857,0.0930999964475631714,0.0940999984741210938,0.171100005507469177,0.148300006985664368,0.153200000524520874,0.109999999403953552,0.0890000015497207642,0.123599998652935028,0.119699999690055847,0.114500001072883606,0.213699996471405029,0.283800005912780762,0.363999992609024048,0.542999982833862305,0.667299985885620117,0.797900021076202393,0.927299976348876953,0.90270000696182251,0.919200003147125244,1,0.982100009918212891,0.909200012683868408,0.818400025367736816,0.696200013160705566,0.589999973773956299,0.544700026512145996,0.514199972152709961,0.538900017738342285,0.553099989891052246,0.531799972057342529,0.482600003480911255,0.379000008106231689,0.183100000023841858,0.174999997019767761,0.167899996042251587,0.0674000009894371033,0.0608999989926815033,0.0375000014901161194,0.0533000007271766663,0.0277999993413686752,0.0178999993950128555,0.0114000001922249794,0.00730000017210841179,0.0115999998524785042,0.00920000020414590836,0.00779999978840351105,0.00410000002011656761,0.00130000000353902578,0.00109999999403953552,0.00449999980628490448,0.00389999989420175552,0.00219999998807907104,0.00230000005103647709,0.00159999995958060026
0.020199999213218689,0.0104000000283122063,0.0324999988079071045,0.0239000003784894943,0.0807000026106834412,0.152899995446205139,0.115400001406669617,0.0608000010251998901,0.131699994206428528,0.136999994516372681,0.0842999964952468872,0.0269000008702278137,0.125400006771087646,0.304600000381469727,0.558399975299835205,0.797299981117248535,0.834100008010864258,0.805700004100799561,0.861599981784820557,0.876900017261505127,0.941299974918365479,0.94029998779296875,0.940900027751922607,1,0.972500026226043701,0.930899977684020996,0.935100018978118896,0.731700003147125244,0.442099988460540771,0.324400007724761963,0.416099995374679565,0.461100012063980103,0.403100013732910156,0.300000011920928955,0.245900005102157593,0.134800001978874207,0.254099994897842407,0.225500002503395081,0.15979999303817749,0.148499995470046997,0.0844999998807907104,0.0568999983370304108,0.0855000019073486328,0.126200005412101746,0.115299999713897705,0.0570000000298023224,0.042599998414516449,0.0425000004470348358,0.0234999991953372955,0.000600000028498470783,0.0187999997287988663,0.0126999998465180397,0.00810000021010637283,0.00669999979436397552,0.0043000001460313797,0.00650000013411045074,0.00490000005811452866,0.00540000014007091522,0.00730000017210841179,0.00540000014007091522
0.0203000009059906006,0.0120999999344348907,0.0379999987781047821,0.0127999996766448021,0.0537000000476837158,0.087399996817111969,0.102099999785423279,0.0851999968290328979,0.113600000739097595,0.17470000684261322,0.219799995422363281,0.272100001573562622,0.210500001907348633,0.172700002789497375,0.203999996185302734,0.178599998354911804,0.131799995899200439,0.225999996066093445,0.235799998044967651,0.310699999332427979,0.390599995851516724,0.363099992275238037,0.480899989604949951,0.653100013732910156,0.781199991703033447,0.839500010013580322,0.917999982833862305,0.976899981498718262,0.893700003623962402,0.702199995517730713,0.64999997615814209,0.506900012493133545,0.390300005674362183,0.300900012254714966,0.156499996781349182,0.0984999984502792358,0.219999998807907104,0.224299997091293335,0.273600012063980103,0.21520000696182251,0.243799999356269836,0.315400004386901855,0.21119999885559082,0.0991000011563301086,0.0593999996781349182,0.194000005722045898,0.193700000643730164,0.108199998736381531,0.03359999880194664,0.0176999997347593307,0.0208999998867511749,0.013399999588727951,0.00939999986439943314,0.00469999993219971657,0.00449999980628490448,0.00419999985024333,0.00279999990016222,0.00359999993816018105,0.00130000000353902578,0.00159999995958060026
0.0234999991953372955,0.0219999998807907104,0.0166999995708465576,0.0516000017523765564,0.0746000036597251892,0.112099997699260712,0.125799998641014099,0.171700000762939453,0.307399988174438477,0.319900006055831909,0.294600009918212891,0.248400002717971802,0.250999987125396729,0.180600002408027649,0.141299992799758911,0.301899999380111694,0.363499999046325684,0.388700008392333984,0.29800000786781311,0.221900001168251038,0.162400007247924805,0.134299993515014648,0.204600006341934204,0.379099994897842407,0.577099978923797607,0.754499971866607666,0.840600013732910156,0.854700028896331787,0.903599977493286133,1,0.964600026607513428,0.791199982166290283,0.641200006008148193,0.59859997034072876,0.683499991893768311,0.777100026607513428,0.808399975299835205,0.742600023746490479,0.629499971866607666,0.57080000638961792,0.443300008773803711,0.336100012063980103,0.379500001668930054,0.495000004768371582,0.437299996614456177,0.240400001406669617,0.112800002098083496,0.165399998426437378,0.0932999998331069946,0.0225000008940696716,0.0214000009000301361,0.0220999997109174728,0.0152000002562999725,0.00829999987035989761,0.00579999992623925209,0.00230000005103647709,0.0057000000961124897,0.00520000001415610313,0.00270000007003545761,0.002099999925121665
0.0208000000566244125,0.0186000000685453415,0.0131000000983476639,0.0210999995470046997,0.0610000006854534149,0.0612999983131885529,0.0612000003457069397,0.050599999725818634,0.0988999977707862854,0.109300002455711365,0.106299996376037598,0.117899999022483826,0.129099994897842407,0.159099996089935303,0.167999997735023499,0.19179999828338623,0.161500006914138794,0.16470000147819519,0.139699995517730713,0.142599999904632568,0.242899999022483826,0.281599998474121094,0.428999990224838257,0.644299983978271484,0.906099975109100342,1,0.808700025081634521,0.611899971961975098,0.526000022888183594,0.367700010538101196,0.274599999189376831,0.101999998092651367,0.133900001645088196,0.158199995756149292,0.19519999623298645,0.178700000047683716,0.0428999997675418854,0.109600000083446503,0.176200002431869507,0.248099997639656067,0.314999997615814209,0.291999995708465576,0.190200001001358032,0.0696000009775161743,0.0758000016212463379,0.090999998152256012,0.0441000014543533325,0.0243999995291233063,0.0264999996870756149,0.00949999969452619553,0.0140000004321336746,0.00740000000223517418,0.00630000000819563866,0.00810000021010637283,0.00870000012218952179,0.00439999997615814209,0.00279999990016222,0.00190000003203749657,0.00490000005811452866,0.00230000005103647709
0.0126000000163912773,0.0518999993801116943,0.0621000006794929504,0.0518000014126300812,0.107199996709823608,0.258700013160705566,0.230399996042251587,0.206699997186660767,0.341600000858306885,0.428400009870529175,0.301499992609024048,0.12070000171661377,0.329899996519088745,0.570699989795684814,0.696200013160705566,0.97509998083114624,1,0.929300010204315186,0.620999991893768311,0.458600014448165894,0.500100016593933105,0.503199994564056396,0.708199977874755859,0.842000007629394531,0.810899972915649414,0.768999993801116943,0.810500025749206543,0.620299994945526123,0.235599994659423828,0.259499996900558472,0.629899978637695312,0.676199972629547119,0.29030001163482666,0.439300000667572021,0.852900028228759766,0.71799999475479126,0.480100005865097046,0.585600018501281738,0.499300003051757812,0.286599993705749512,0.0601000003516674042,0.116700001060962677,0.27369999885559082,0.281199991703033447,0.207800000905990601,0.0659999996423721313,0.049100000411272049,0.0344999991357326508,0.0172000005841255188,0.028699999675154686,0.00270000007003545761,0.0208000000566244125,0.00480000022798776627,0.0198999997228384018,0.0126000000163912773,0.00219999998807907104,0.00370000000111758709,0.00340000004507601261,0.0114000001922249794,0.00769999995827674866
0.0210999995470046997,0.0127999996766448021,0.00150000001303851604,0.0450000017881393433,0.0710999965667724609,0.156299993395805359,0.151800006628036499,0.120600000023841858,0.166600003838539124,0.134499996900558472,0.0785000026226043701,0.0366999991238117218,0.122699998319149017,0.261400014162063599,0.428000003099441528,0.612200021743774414,0.743499994277954102,0.813000023365020752,0.900600016117095947,0.960300028324127197,0.916199982166290283,0.913999974727630615,0.785099983215332031,0.513400018215179443,0.343899995088577271,0.328999996185302734,0.25709998607635498,0.368499994277954102,0.576499998569488525,0.619000017642974854,0.461299985647201538,0.361499994993209839,0.443399995565414429,0.386400014162063599,0.309300005435943604,0.213799998164176941,0.111199997365474701,0.138600006699562073,0.152300000190734863,0.0996000021696090698,0.164399996399879456,0.190200001001358032,0.131300002336502075,0.177599996328353882,0.200000002980232239,0.0764999985694885254,0.0727000012993812561,0.0749000012874603271,0.0449000000953674316,0.013399999588727951,0.0174000002443790436,0.0116999996826052666,0.00230000005103647709,0.00469999993219971657,0.00490000005811452866,0.00310000008903443813,0.00240000011399388313,0.00389999989420175552,0.00510000018402934074,0.00150000001303851604
0.0115999998524785042,0.0178999993950128555,0.0449000000953674316,0.109600000083446503,0.191300004720687866,0.0923999994993209839,0.0760999992489814758,0.109200000762939453,0.0756999999284744263,0.100599996745586395,0.25,0.398799985647201538,0.380899995565414429,0.475300014019012451,0.616500020027160645,0.646399974822998047,0.802399992942810059,0.920799970626831055,0.983200013637542725,0.963400006294250488,0.864600002765655518,0.832499980926513672,0.827600002288818359,0.800700008869171143,0.610199987888336182,0.485300004482269287,0.435499995946884155,0.430700004100799561,0.439900010824203491,0.38330000638961792,0.303200006484985352,0.303499996662139893,0.319700002670288086,0.229200005531311035,0.213100001215934753,0.234699994325637817,0.320100009441375732,0.445499986410140991,0.365500003099441528,0.271499991416931152,0.17470000684261322,0.17810000479221344,0.219899997115135193,0.10559999942779541,0.0573000013828277588,0.0307000000029802322,0.0237000007182359695,0.0469999983906745911,0.0102000003680586815,0.0057000000961124897,0.00310000008903443813,0.0163000002503395081,0.0098999999463558197,0.00839999970048666,0.0270000007003545761,0.0276999995112419128,0.00970000028610229492,0.00540000014007091522,0.0148000000044703484,0.00920000020414590836
0.0203000009059906006,0.0120999999344348907,0.0379999987781047821,0.0127999996766448021,0.0537000000476837158,0.087399996817111969,0.102099999785423279,0.0851999968290328979,0.113600000739097595,0.17470000684261322,0.219799995422363281,0.272100001573562622,0.210500001907348633,0.172700002789497375,0.203999996185302734,0.178599998354911804,0.131799995899200439,0.225999996066093445,0.235799998044967651,0.310699999332427979,0.390599995851516724,0.363099992275238037,0.480899989604949951,0.653100013732910156,0.781199991703033447,0.839500010013580322,0.917999982833862305,0.976899981498718262,0.893700003623962402,0.702199995517730713,0.64999997615814209,0.506900012493133545,0.390300005674362183,0.300900012254714966,0.156499996781349182,0.0984999984502792358,0.219999998807907104,0.224299997091293335,0.273600012063980103,0.21520000696182251,0.243799999356269836,0.315400004386901855,0.21119999885559082,0.0991000011563301086,0.0593999996781349182,0.194000005722045898,0.193700000643730164,0.108199998736381531,0.03359999880194664,0.0176999997347593307,0.0208999998867511749,0.013399999588727951,0.00939999986439943314,0.00469999993219971657,0.00449999980628490448,0.00419999985024333,0.00279999990016222,0.00359999993816018105,0.00130000000353902578,0.00159999995958060026
0.0335000008344650269,0.013399999588727951,0.0696000009775161743,0.118000000715255737,0.0348000004887580872,0.118000000715255737,0.194800004363059998,0.160699993371963501,0.303600013256072998,0.437200009822845459,0.553300023078918457,0.577099978923797607,0.702199995517730713,0.706700026988983154,0.736699998378753662,0.739099979400634766,0.862200021743774414,0.94580000638961792,0.878199994564056396,0.791299998760223389,0.575999975204467773,0.306100010871887207,0.0562999993562698364,0.0239000003784894943,0.255400002002716064,0.486200004816055298,0.502699971199035645,0.440200001001358032,0.284700006246566772,0.179700002074241638,0.356000006198883057,0.35220000147819519,0.332100003957748413,0.311199992895126343,0.363799989223480225,0.0754000023007392883,0.183400005102157593,0.181999996304512024,0.18150000274181366,0.159299999475479126,0.0575999990105628967,0.0953999981284141541,0.10859999805688858,0.0812000036239624023,0.0784000009298324585,0.0487000010907649994,0.0439000017940998077,0.0586000010371208191,0.0370000004768371582,0.0185000002384185791,0.0302000008523464203,0.0243999995291233063,0.0231999997049570084,0.00930000003427267075,0.0159000009298324585,0.0193000007420778275,0.00319999991916120052,0.0377000011503696442,0.0126000000163912773,0.0155999995768070221
0.0663999989628791809,0.0575000010430812836,0.0842000022530555725,0.037200000137090683,0.0458000004291534424,0.0771000012755393982,0.0771000012755393982,0.112999998033046722,0.235300004482269287,0.183799996972084045,0.28690001368522644,0.412900000810623169,0.364699989557266235,0.198400005698204041,0.284000009298324585,0.403899997472763062,0.583700001239776611,0.67919999361038208,0.608600020408630371,0.485799998044967651,0.324600011110305786,0.201299995183944702,0.208199992775917053,0.168599992990493774,0.248400002717971802,0.273600012063980103,0.298400014638900757,0.465499997138977051,0.699000000953674316,0.747399985790252686,0.795599997043609619,0.798099994659423828,0.671500027179718018,0.694199979305267334,0.744000017642974854,0.816900014877319336,0.891200006008148193,1,0.875299990177154541,0.706099987030029297,0.680299997329711914,0.589800000190734863,0.46180000901222229,0.36390000581741333,0.149200007319450378,0.12160000205039978,0.130600005388259888,0.119800001382827759,0.0577999986708164215,0.0234999991953372955,0.0135000003501772881,0.014100000262260437,0.0189999993890523911,0.0043000001460313797,0.00359999993816018105,0.00260000000707805157,0.00240000011399388313,0.0162000004202127457,0.0109000001102685928,0.00789999961853027344
0.0209999997168779373,0.0120999999344348907,0.0203000009059906006,0.103600002825260162,0.167500004172325134,0.0417999997735023499,0.0723000019788742065,0.0828000009059906006,0.0494000017642974854,0.068599998950958252,0.112499997019767761,0.17409999668598175,0.270999997854232788,0.308699995279312134,0.357499986886978149,0.499799996614456177,0.601100027561187744,0.647000014781951904,0.806699991226196289,0.900799989700317383,0.890600025653839111,0.933799982070922852,1,0.910199999809265137,0.849600017070770264,0.786700010299682617,0.768800020217895508,0.771799981594085693,0.626800000667572021,0.430099993944168091,0.207699999213218689,0.119800001382827759,0.165999993681907654,0.261799991130828857,0.386200010776519775,0.395799994468688965,0.324800014495849609,0.230199992656707764,0.324999988079071045,0.402200013399124146,0.434399992227554321,0.400799989700317383,0.337000012397766113,0.251800000667572021,0.210099995136260986,0.118100002408027649,0.115000002086162567,0.0549999997019767761,0.0293000005185604095,0.0183000005781650543,0.0104000000283122063,0.0116999996826052666,0.0100999996066093445,0.00609999988228082657,0.00310000008903443813,0.0098999999463558197,0.00800000037997961044,0.0107000004500150681,0.0161000005900859833,0.0132999997586011887
0.0368000008165836334,0.0403000004589557648,0.0317000001668930054,0.0293000005185604095,0.0820000022649765015,0.134200006723403931,0.116099998354911804,0.0662999972701072693,0.0154999997466802597,0.050599999725818634,0.0905999988317489624,0.254500001668930054,0.146400004625320435,0.127200007438659668,0.122299998998641968,0.166899994015693665,0.142399996519088745,0.128499999642372131,0.185699999332427979,0.113600000739097595,0.20690000057220459,0.0219000000506639481,0.23999999463558197,0.254700005054473877,0.0240000002086162567,0.192300006747245789,0.475300014019012451,0.700299978256225586,0.682500004768371582,0.644299983978271484,0.706300020217895508,0.537299990653991699,0.660099983215332031,0.870800018310546875,0.951799988746643066,0.960500001907348633,0.771200001239776611,0.677200019359588623,0.64310002326965332,0.671999990940093994,0.603500008583068848,0.515500009059906006,0.380199998617172241,0.227799996733665466,0.152199998497962952,0.0800999999046325684,0.0803999975323677063,0.0751999989151954651,0.0566000007092952728,0.017500000074505806,0.00579999992623925209,0.00910000037401914597,0.0160000007599592209,0.0160000007599592209,0.00810000021010637283,0.00700000021606683731,0.0135000003501772881,0.00669999979436397552,0.00779999978840351105,0.00680000009015202522
0.137099996209144592,0.122599996626377106,0.138500005006790161,0.148399993777275085,0.177599996328353882,0.142800003290176392,0.177300006151199341,0.216100007295608521,0.163000002503395081,0.206699997186660767,0.425700008869171143,0.548399984836578369,0.713100016117095947,0.700299978256225586,0.6776999831199646,0.793900012969970703,0.938199996948242188,0.892499983310699463,0.914600014686584473,0.78320002555847168,0.796000003814697266,0.798300027847290039,0.771600008010864258,0.661499977111816406,0.486000001430511475,0.557200014591217041,0.469700008630752563,0.56400001049041748,0.451700001955032349,0.336899995803833008,0.268400013446807861,0.233899995684623718,0.305200010538101196,0.301600009202957153,0.275299996137619019,0.104099996387958527,0.175699993968009949,0.315600007772445679,0.360300004482269287,0.273600012063980103,0.13009999692440033,0.245800003409385681,0.340400010347366333,0.175300002098083496,0.0679000020027160645,0.106200002133846283,0.0643000006675720215,0.0531999990344047546,0.0531000010669231415,0.0272000003606081009,0.0171000007539987564,0.0118000004440546036,0.0129000004380941391,0.0344000011682510376,0.00650000013411045074,0.00669999979436397552,0.00219999998807907104,0.00789999961853027344,0.0146000003442168236,0.00510000018402934074
0.026000000536441803,0.0362999998033046722,0.0136000001803040504,0.0272000003606081009,0.0214000009000301361,0.0337999984622001648,0.0654999986290931702,0.140000000596046448,0.184300005435943604,0.235400006175041199,0.272000014781951904,0.244200006127357483,0.166500002145767212,0.03359999880194664,0.130199998617172241,0.170800000429153442,0.217700004577636719,0.317499995231628418,0.371399998664855957,0.455199986696243286,0.569999992847442627,0.739700019359588623,0.806200027465820312,0.883700013160705566,0.943199992179870605,1,0.9375,0.760299980640411377,0.712300002574920654,0.835799992084503174,0.762199997901916504,0.456699997186660767,0.17149999737739563,0.154899999499320984,0.164100006222724915,0.186900004744529724,0.265500009059906006,0.171299993991851807,0.0958999991416931152,0.0768000036478042603,0.0847000032663345337,0.207599997520446777,0.250499993562698364,0.186199992895126343,0.143900007009506226,0.14699999988079071,0.0991000011563301086,0.00410000002011656761,0.0153999999165534973,0.0115999998524785042,0.0181000009179115295,0.0146000003442168236,0.0129000004380941391,0.00469999993219971657,0.00389999989420175552,0.00609999988228082657,0.00400000018998980522,0.00359999993816018105,0.00609999988228082657,0.0115000000223517418
0.0731000006198883057,0.124899998307228088,0.166500002145767212,0.149599999189376831,0.144299998879432678,0.277000010013580322,0.255499988794326782,0.171200007200241089,0.0465999990701675415,0.111400000751018524,0.173899993300437927,0.316000014543533325,0.324900001287460327,0.216399997472763062,0.203099995851516724,0.257999986410140991,0.179600000381469727,0.242200002074241638,0.360900014638900757,0.180999994277954102,0.260399997234344482,0.657199978828430176,0.973399996757507324,0.975700020790100098,0.807900011539459229,0.652100026607513428,0.491499990224838257,0.536300003528594971,0.764900028705596924,0.52499997615814209,0.510100007057189941,0.421900004148483276,0.416000008583068848,0.190599992871284485,0.0222999993711709976,0.421900004148483276,0.549600005149841309,0.24830000102519989,0.203400000929832458,0.272899985313415527,0.283699989318847656,0.446299999952316284,0.317799985408782959,0.0807000026106834412,0.119199998676776886,0.213400006294250488,0.324099987745285034,0.294499993324279785,0.147400006651878357,0.0210999995470046997,0.0361000001430511475,0.0443999990820884705,0.0230000000447034836,0.0289999991655349731,0.014100000262260437,0.0161000005900859833,0.0176999997347593307,0.0194000005722045898,0.0207000002264976501,0.0057000000961124897
0.0216000005602836609,0.0215000007301568985,0.0273000001907348633,0.0138999996706843376,0.0357000008225440979,0.0785000026226043701,0.0905999988317489624,0.0908000022172927856,0.115099996328353882,0.0973000004887580872,0.12030000239610672,0.110200002789497375,0.119199998676776886,0.176200002431869507,0.238999992609024048,0.213799998164176941,0.192900002002716064,0.176499992609024048,0.0746000036597251892,0.126499995589256287,0.200499996542930603,0.157100006937980652,0.260500013828277588,0.538600027561187744,0.843999981880187988,1,0.868399977684020996,0.674199998378753662,0.553699970245361328,0.463800013065338135,0.360900014638900757,0.205500006675720215,0.162000000476837158,0.209199994802474976,0.310000002384185791,0.234400004148483276,0.105800002813339233,0.0383000001311302185,0.0527999997138977051,0.129099994897842407,0.224099993705749512,0.191499993205070496,0.15870000422000885,0.0942000001668930054,0.0839999988675117493,0.0670000016689300537,0.0342000015079975128,0.0469000004231929779,0.0357000008225440979,0.0136000001803040504,0.00820000004023313522,0.0140000004321336746,0.00439999997615814209,0.00520000001415610313,0.00730000017210841179,0.002099999925121665,0.00469999993219971657,0.00240000011399388313,0.000899999984540045261,0.00170000002253800631
0.00949999969452619553,0.0307999998331069946,0.0538999997079372406,0.0410999990999698639,0.0612999983131885529,0.1039000004529953,0.101599998772144318,0.139400005340576172,0.259200006723403931,0.374500006437301636,0.422899991273880005,0.449900001287460327,0.540400028228759766,0.430299997329711914,0.333299994468688965,0.349599987268447876,0.342599987983703613,0.285100013017654419,0.406199991703033447,0.683300018310546875,0.764999985694885254,0.666999995708465576,0.570299983024597168,0.599500000476837158,0.648400008678436279,0.861400008201599121,0.98189997673034668,0.938000023365020752,0.843500018119812012,0.607400000095367432,0.54030001163482666,0.68900001049041748,0.597699999809265137,0.324400007724761963,0.0516000017523765564,0.315699994564056396,0.35899999737739563,0.388099998235702515,0.571600019931793213,0.431400001049041748,0.305099993944168091,0.439300000667572021,0.430200010538101196,0.483099997043609619,0.508400022983551025,0.19519999623298645,0.153899997472763062,0.203700006008148193,0.105400003492832184,0.0251000002026557922,0.0357000008225440979,0.0181000009179115295,0.00190000003203749657,0.0102000003680586815,0.0132999997586011887,0.00400000018998980522,0.00419999985024333,0.00300000002607703209,0.00310000008903443813,0.00329999998211860657
0.040800001472234726,0.0653000026941299438,0.0397000014781951904,0.0604000017046928406,0.0496000014245510101,0.181700006127357483,0.117799997329711914,0.102399997413158417,0.0582999996840953827,0.217600002884864807,0.245900005102157593,0.333200007677078247,0.308699995279312134,0.261299997568130493,0.323199987411499023,0.373100012540817261,0.420300006866455078,0.536400020122528076,0.706200003623962402,0.81959998607635498,0.883499979972839355,0.829900026321411133,0.760900020599365234,0.760500013828277588,0.836700022220611572,0.890500009059906006,0.765200018882751465,0.589699983596801758,0.303700000047683716,0.0822999998927116394,0.278699994087219238,0.724099993705749512,0.803200006484985352,0.805000007152557373,0.767599999904632568,0.746800005435943604,0.625299990177154541,0.172999992966651917,0.29159998893737793,0.500299990177154541,0.522000014781951904,0.482400000095367432,0.400400012731552124,0.387699991464614868,0.165099993348121643,0.0441999994218349457,0.0662999972701072693,0.0417999997735023499,0.0474999994039535522,0.0234999991953372955,0.00659999996423721313,0.00620000017806887627,0.0129000004380941391,0.0184000004082918167,0.00689999992027878761,0.0197999998927116394,0.0198999997228384018,0.0102000003680586815,0.00700000021606683731,0.00549999997019767761
0.0116999996826052666,0.00689999992027878761,0.0278999991714954376,0.0582999996840953827,0.0914999991655349731,0.12669999897480011,0.157700002193450928,0.192699998617172241,0.236100003123283386,0.21690000593662262,0.118000000715255737,0.0754000023007392883,0.278200000524520874,0.375800013542175293,0.509299993515014648,0.659200012683868408,0.707099974155426025,0.753199994564056396,0.835699975490570068,0.859300017356872559,0.961499989032745361,0.983799993991851807,0.870500028133392334,0.640299975872039795,0.506699979305267334,0.539499998092651367,0.693400025367736816,0.848699986934661865,0.821300029754638672,0.596199989318847656,0.294999986886978149,0.275799989700317383,0.288500010967254639,0.189300000667572021,0.144600003957748413,0.0954999998211860657,0.0887999981641769409,0.0835999995470046997,0.0894000008702278137,0.154699996113777161,0.231800004839897156,0.222499996423721313,0.103500001132488251,0.172099992632865906,0.201700001955032349,0.178700000047683716,0.111199997365474701,0.0397999994456768036,0.0305000003427267075,0.00839999970048666,0.00389999989420175552,0.00529999984428286552,0.00289999996311962605,0.00200000009499490261,0.00130000000353902578,0.00289999996311962605,0.00200000009499490261,0.00620000017806887627,0.00260000000707805157,0.00520000001415610313
0.040800001472234726,0.0653000026941299438,0.0397000014781951904,0.0604000017046928406,0.0496000014245510101,0.181700006127357483,0.117799997329711914,0.102399997413158417,0.0582999996840953827,0.217600002884864807,0.245900005102157593,0.333200007677078247,0.308699995279312134,0.261299997568130493,0.323199987411499023,0.373100012540817261,0.420300006866455078,0.536400020122528076,0.706200003623962402,0.81959998607635498,0.883499979972839355,0.829900026321411133,0.760900020599365234,0.760500013828277588,0.836700022220611572,0.890500009059906006,0.765200018882751465,0.589699983596801758,0.303700000047683716,0.0822999998927116394,0.278699994087219238,0.724099993705749512,0.803200006484985352,0.805000007152557373,0.767599999904632568,0.746800005435943604,0.625299990177154541,0.172999992966651917,0.29159998893737793,0.500299990177154541,0.522000014781951904,0.482400000095367432,0.400400012731552124,0.387699991464614868,0.165099993348121643,0.0441999994218349457,0.0662999972701072693,0.0417999997735023499,0.0474999994039535522,0.0234999991953372955,0.00659999996423721313,0.00620000017806887627,0.0129000004380941391,0.0184000004082918167,0.00689999992027878761,0.0197999998927116394,0.0198999997228384018,0.0102000003680586815,0.00700000021606683731,0.00549999997019767761
0.0192000009119510651,0.0606999993324279785,0.0377999991178512573,0.0773999989032745361,0.138799995183944702,0.0808999985456466675,0.0568000003695487976,0.0219000000506639481,0.103699997067451477,0.11860000342130661,0.12370000034570694,0.160099998116493225,0.351999998092651367,0.447899997234344482,0.376899987459182739,0.576099991798400879,0.642599999904632568,0.679000020027160645,0.715699970722198486,0.546599984169006348,0.539900004863739014,0.636200010776519775,0.784900009632110596,0.775600016117095947,0.578000009059906006,0.486200004816055298,0.41809999942779541,0.24570000171661377,0.0715999975800514221,0.0612999983131885529,0.181600004434585571,0.449299991130828857,0.597599983215332031,0.378500014543533325,0.249500006437301636,0.577099978923797607,0.885200023651123047,0.840900003910064697,0.356999993324279785,0.313300013542175293,0.6096000075340271,0.637799978256225586,0.27090001106262207,0.141900002956390381,0.126000002026557922,0.128800004720687866,0.0790000036358833313,0.0829000025987625122,0.052000001072883606,0.0216000005602836609,0.0359999984502792358,0.0331000015139579773,0.0131000000983476639,0.0120000001043081284,0.0108000002801418304,0.00240000011399388313,0.00449999980628490448,0.00370000000111758709,0.01119999960064888,0.00749999983236193657
0.0270000007003545761,0.0163000002503395081,0.0340999998152256012,0.0247000008821487427,0.0821999981999397278,0.125599995255470276,0.132300004363059998,0.158399999141693115,0.201700001955032349,0.212200000882148743,0.221000000834465027,0.239899992942810059,0.296400010585784912,0.406100004911422729,0.509500026702880859,0.551199972629547119,0.661300003528594971,0.68040001392364502,0.652000010013580322,0.678799986839294434,0.781099975109100342,0.836899995803833008,0.896899998188018799,0.985599994659423828,1,0.939499974250793457,0.891700029373168945,0.810500025749206543,0.682799994945526123,0.557200014591217041,0.430099993944168091,0.333900004625320435,0.20350000262260437,0.0798000022768974304,0.0808999985456466675,0.152500003576278687,0.26260000467300415,0.245600000023841858,0.197999998927116394,0.241200000047683716,0.240899994969367981,0.190099999308586121,0.207699999213218689,0.176699995994567871,0.111900001764297485,0.0778999999165534973,0.13439999520778656,0.0960000008344650269,0.0597999989986419678,0.0329999998211860657,0.019700000062584877,0.0188999995589256287,0.020400000736117363,0.00850000046193599701,0.0043000001460313797,0.00920000020414590836,0.0137999998405575752,0.00939999986439943314,0.0104999998584389687,0.00930000003427267075
0.00469999993219971657,0.00590000022202730179,0.00800000037997961044,0.0553999990224838257,0.0882999971508979797,0.127800002694129944,0.167400002479553223,0.137299999594688416,0.292199999094009399,0.346899986267089844,0.326499998569488525,0.326299995183944702,0.230100005865097046,0.125300005078315735,0.210199996829032898,0.240099996328353882,0.192800000309944153,0.167300000786781311,0.122800000011920929,0.0901999995112419128,0.155699998140335083,0.32910001277923584,0.526799976825714111,0.674000024795532227,0.790600001811981201,0.893800020217895508,0.939499974250793457,0.949299991130828857,0.903999984264373779,0.915099978446960449,0.882799983024597168,0.808600008487701416,0.71799999475479126,0.671999990940093994,0.644699990749359131,0.687900006771087646,0.624100029468536377,0.493600010871887207,0.414400011301040649,0.423999994993209839,0.454600006341934204,0.439200013875961304,0.432300001382827759,0.492100000381469727,0.470999985933303833,0.31959998607635498,0.224099993705749512,0.180600002408027649,0.098999999463558197,0.0251000002026557922,0.0129000004380941391,0.00949999969452619553,0.0126000000163912773,0.00689999992027878761,0.00389999989420175552,0.00680000009015202522,0.00600000005215406418,0.00449999980628490448,0.000199999994947575033,0.00289999996311962605
0.0190999992191791534,0.0173000004142522812,0.0291000008583068848,0.0300999991595745087,0.0463000014424324036,0.0689999982714653015,0.0575999990105628967,0.11029999703168869,0.24230000376701355,0.313400000333786011,0.478599995374679565,0.523899972438812256,0.439300000667572021,0.344000011682510376,0.28690001368522644,0.388900011777877808,0.442000001668930054,0.389200001955032349,0.408800005912780762,0.500599980354309082,0.727100014686584473,0.938499987125396729,1,0.983099997043609619,0.993200004100799561,0.916100025177001953,0.823700010776519775,0.695699989795684814,0.453599989414215088,0.328099995851516724,0.252200007438659668,0.396400004625320435,0.415399998426437378,0.330799996852874756,0.144500002264976501,0.192300006747245789,0.32080000638961792,0.336699992418289185,0.568300008773803711,0.550499975681304932,0.323100000619888306,0.04479999840259552,0.31310001015663147,0.338699996471405029,0.412999987602233887,0.36390000581741333,0.20690000057220459,0.0859000012278556824,0.0599999986588954926,0.0266999993473291397,0.0125000001862645149,0.00400000018998980522,0.0136000001803040504,0.0137000000104308128,0.0172000005841255188,0.0131999999284744263,0.0109999999403953552,0.0121999997645616531,0.0114000001922249794,0.00680000009015202522
0.0199999995529651642,0.0370999984443187714,0.0428000018000602722,0.0207000002264976501,0.0953999981284141541,0.0986000001430511475,0.153899997472763062,0.160099998116493225,0.310900002717971802,0.211099997162818909,0.160899996757507324,0.158199995756149292,0.223800003528594971,0.0644999966025352478,0.0659999996423721313,0.227300003170967102,0.310000002384185791,0.29989999532699585,0.507799983024597168,0.479699999094009399,0.578299999237060547,0.50709998607635498,0.432799994945526123,0.555000007152557373,0.671100020408630371,0.641499996185302734,0.710399985313415527,0.808000028133392334,0.679099977016448975,0.385699987411499023,0.130700007081031799,0.260399997234344482,0.512099981307983398,0.754700005054473877,0.853699982166290283,0.850700020790100098,0.669200003147125244,0.609700024127960205,0.494300007820129395,0.274399995803833008,0.0509999990463256836,0.283399999141693115,0.282499998807907104,0.425599992275238037,0.264099985361099243,0.138600006699562073,0.105099998414516449,0.134299993515014648,0.0383000001311302185,0.0324000008404254913,0.0231999997049570084,0.00270000007003545761,0.00650000013411045074,0.0159000009298324585,0.00719999987632036209,0.0166999995708465576,0.0179999992251396179,0.00839999970048666,0.00899999961256980896,0.00319999991916120052
0.0628999993205070496,0.106499999761581421,0.152600005269050598,0.122900001704692841,0.143700003623962402,0.11900000274181366,0.0883999988436698914,0.090700000524520874,0.210700005292892456,0.359699994325637817,0.546599984169006348,0.520500004291534424,0.512700021266937256,0.539499998092651367,0.655799984931945801,0.870500028133392334,0.978600025177001953,0.933499991893768311,0.791700005531311035,0.738300025463104248,0.690800011157989502,0.384999990463256836,0.0671000033617019653,0.0502000004053115845,0.271699994802474976,0.283899992704391479,0.223399996757507324,0.191100001335144043,0.040800001472234726,0.253100007772445679,0.197899997234344482,0.189099997282028198,0.243300005793571472,0.195600003004074097,0.266699999570846558,0.134000003337860107,0.10729999840259552,0.202299997210502625,0.179399996995925903,0.0227000005543231964,0.131300002336502075,0.17749999463558197,0.154899999499320984,0.162599995732307434,0.070799998939037323,0.0129000004380941391,0.0794999971985816956,0.0762000009417533875,0.0116999996826052666,0.00609999988228082657,0.0256999991834163666,0.00889999978244304657,0.0262000001966953278,0.0108000002801418304,0.0137999998405575752,0.0186999998986721039,0.0230000000447034836,0.0057000000961124897,0.011300000362098217,0.0131000000983476639
0.0129000004380941391,0.014100000262260437,0.030899999663233757,0.0375000014901161194,0.0767000019550323486,0.0786999985575675964,0.0662000030279159546,0.110799998044967651,0.177699998021125793,0.224500000476837158,0.243100002408027649,0.313400000333786011,0.320600003004074097,0.291700005531311035,0.224900007247924805,0.234699994325637817,0.214300006628036499,0.293900012969970703,0.489800006151199341,0.612699985504150391,0.753099977970123291,0.771799981594085693,0.743200004100799561,0.867299973964691162,0.930800020694732666,0.983600020408630371,1,0.959500014781951904,0.87220001220703125,0.68620002269744873,0.490099996328353882,0.328000009059906006,0.311500012874603271,0.19689999520778656,0.101899996399879456,0.0317000001668930054,0.0755999982357025146,0.090700000524520874,0.106600001454353333,0.137999996542930603,0.0665000006556510925,0.147499993443489075,0.246999993920326233,0.278800010681152344,0.27090001106262207,0.228300005197525024,0.181799992918968201,0.118500001728534698,0.0546000003814697266,0.0219000000506639481,0.020400000736117363,0.0124000003561377525,0.00930000003427267075,0.00719999987632036209,0.00190000003203749657,0.00270000007003545761,0.00540000014007091522,0.00170000002253800631,0.00240000011399388313,0.00289999996311962605
0.0238000005483627319,0.031800001859664917,0.0421999990940093994,0.0399000011384487152,0.0788000002503395081,0.076600000262260437,0.0881000012159347534,0.114299997687339783,0.159400001168251038,0.204799994826316833,0.265199989080429077,0.310000002384185791,0.238100007176399231,0.19179999828338623,0.143000006675720215,0.173500001430511475,0.17810000479221344,0.285199999809265137,0.503600001335144043,0.616599977016448975,0.761600017547607422,0.8125,0.77929997444152832,0.878799974918365479,0.881299972534179688,0.947000026702880859,1,0.973900020122528076,0.844600021839141846,0.61510002613067627,0.430200010538101196,0.316500008106231689,0.28690001368522644,0.201700001955032349,0.120600000023841858,0.0271000005304813385,0.0579999983310699463,0.126200005412101746,0.107199996709823608,0.108199998736381531,0.0359999984502792358,0.119699999690055847,0.206100001931190491,0.205400004982948303,0.187800005078315735,0.204699993133544922,0.171599999070167542,0.10689999908208847,0.047699999064207077,0.017000000923871994,0.0186000000685453415,0.00960000045597553253,0.0071000000461935997,0.00839999970048666,0.00380000006407499313,0.00260000000707805157,0.00279999990016222,0.00130000000353902578,0.00350000010803341866,0.00600000005215406418
0.0222999993711709976,0.0375000014901161194,0.048399999737739563,0.0474999994039535522,0.064699999988079071,0.0590999983251094818,0.0753000006079673767,0.00980000011622905731,0.0684000030159950256,0.14869999885559082,0.115599997341632843,0.165399998426437378,0.38330000638961792,0.359800010919570923,0.171299993991851807,0.113600000739097595,0.0348999984562397003,0.379599988460540771,0.74010002613067627,0.992500007152557373,0.980199992656707764,0.888999998569488525,0.671199977397918701,0.428600013256072998,0.337399989366531372,0.736599981784820557,0.961099982261657715,0.735300004482269287,0.485599994659423828,0.159400001168251038,0.300700008869171143,0.409599989652633667,0.317000001668930054,0.330500006675720215,0.340799987316131592,0.218600004911422729,0.246299996972084045,0.272599995136260986,0.167999997735023499,0.279199987649917603,0.255800008773803711,0.173999994993209839,0.212099999189376831,0.109899997711181641,0.0984999984502792358,0.127100005745887756,0.145899996161460876,0.116400003433227539,0.0776999965310096741,0.0439000017940998077,0.00609999988228082657,0.0144999995827674866,0.0127999996766448021,0.0144999995827674866,0.00579999992623925209,0.00490000005811452866,0.00650000013411045074,0.00930000003427267075,0.00590000022202730179,0.00219999998807907104
0.0628999993205070496,0.106499999761581421,0.152600005269050598,0.122900001704692841,0.143700003623962402,0.11900000274181366,0.0883999988436698914,0.090700000524520874,0.210700005292892456,0.359699994325637817,0.546599984169006348,0.520500004291534424,0.512700021266937256,0.539499998092651367,0.655799984931945801,0.870500028133392334,0.978600025177001953,0.933499991893768311,0.791700005531311035,0.738300025463104248,0.690800011157989502,0.384999990463256836,0.0671000033617019653,0.0502000004053115845,0.271699994802474976,0.283899992704391479,0.223399996757507324,0.191100001335144043,0.040800001472234726,0.253100007772445679,0.197899997234344482,0.189099997282028198,0.243300005793571472,0.195600003004074097,0.266699999570846558,0.134000003337860107,0.10729999840259552,0.202299997210502625,0.179399996995925903,0.0227000005543231964,0.131300002336502075,0.17749999463558197,0.154899999499320984,0.162599995732307434,0.070799998939037323,0.0129000004380941391,0.0794999971985816956,0.0762000009417533875,0.0116999996826052666,0.00609999988228082657,0.0256999991834163666,0.00889999978244304657,0.0262000001966953278,0.0108000002801418304,0.0137999998405575752,0.0186999998986721039,0.0230000000447034836,0.0057000000961124897,0.011300000362098217,0.0131000000983476639
0.0234999991953372955,0.0291000008583068848,0.0749000012874603271,0.0518999993801116943,0.0227000005543231964,0.0834000036120414734,0.0676999986171722412,0.200200006365776062,0.287600010633468628,0.367399990558624268,0.297399997711181641,0.0837000012397766113,0.191200003027915955,0.504000008106231689,0.635200023651123047,0.68040001392364502,0.750500023365020752,0.659500002861022949,0.450899988412857056,0.296400010585784912,0.401899993419647217,0.679400026798248291,0.829699993133544922,1,0.824000000953674316,0.711499989032745361,0.772599995136260986,0.61239999532699585,0.493600010871887207,0.564800024032592773,0.490599989891052246,0.181999996304512024,0.181099995970726013,0.11069999635219574,0.46029999852180481,0.665000021457672119,0.642300009727478027,0.216600000858306885,0.195099994540214539,0.494700014591217041,0.492500007152557373,0.404100000858306885,0.240199998021125793,0.139200001955032349,0.177900001406669617,0.194600000977516174,0.172299996018409729,0.152199998497962952,0.0929000005125999451,0.0178999993950128555,0.0241999998688697815,0.00829999987035989761,0.00370000000111758709,0.00949999969452619553,0.0104999998584389687,0.00300000002607703209,0.0131999999284744263,0.00680000009015202522,0.0108000002801418304,0.00899999961256980896
0.0408999994397163391,0.0421000011265277863,0.0573000013828277588,0.0130000002682209015,0.0183000005781650543,0.101899996399879456,0.105400003492832184,0.107000000774860382,0.230199992656707764,0.225899994373321533,0.237299993634223938,0.332300007343292236,0.38269999623298645,0.48399999737739563,0.681200027465820312,0.75550001859664917,0.952199995517730713,0.982599973678588867,0.887099981307983398,0.826799988746643066,0.756099998950958252,0.821699976921081543,0.696699976921081543,0.64440000057220459,0.694800019264221191,0.80140000581741333,0.605300009250640869,0.60839998722076416,0.887700021266937256,0.855700016021728516,0.556299984455108643,0.28970000147819519,0.363799989223480225,0.478599995374679565,0.290800005197525024,0.0899000018835067749,0.204300001263618469,0.170699998736381531,0.0406999997794628143,0.128600001335144043,0.15809999406337738,0.219099998474121094,0.170100003480911255,0.0970999971032142639,0.221699997782707214,0.273200005292892456,0.187399998307228088,0.106200002133846283,0.0665000006556510925,0.0405000001192092896,0.011300000362098217,0.00279999990016222,0.00359999993816018105,0.0104999998584389687,0.0120000001043081284,0.00870000012218952179,0.00609999988228082657,0.00609999988228082657,0.00300000002607703209,0.00779999978840351105
0.0261000003665685654,0.0265999995172023773,0.0222999993711709976,0.0749000012874603271,0.136399999260902405,0.151299998164176941,0.13160000741481781,0.165399998426437378,0.186399996280670166,0.201299995183944702,0.289000004529953003,0.365000009536743164,0.351000010967254639,0.349500000476837158,0.432500004768371582,0.539799988269805908,0.62370002269744873,0.687600016593933105,0.732900023460388184,0.810699999332427979,0.839600026607513428,0.863200008869171143,0.874700009822845459,0.960699975490570068,0.971599996089935303,0.912100017070770264,0.857599973678588867,0.879800021648406982,0.772000014781951904,0.571099996566772461,0.42640000581741333,0.28600001335144043,0.311399996280670166,0.206599995493888855,0.116499997675418854,0.0185000002384185791,0.130199998617172241,0.247999995946884155,0.163699999451637268,0.11029999703168869,0.214399993419647217,0.203299999237060547,0.188700005412101746,0.136999994516372681,0.13760000467300415,0.0307000000029802322,0.0373000018298625946,0.0606000013649463654,0.0399000011384487152,0.0168999992311000824,0.0135000003501772881,0.0221999995410442352,0.017500000074505806,0.0126999998465180397,0.00219999998807907104,0.0124000003561377525,0.00540000014007091522,0.002099999925121665,0.00279999990016222,0.00230000005103647709
0.0293000005185604095,0.0377999991178512573,0.0256999991834163666,0.00620000017806887627,0.0130000002682209015,0.0612000003457069397,0.0895000025629997253,0.11069999635219574,0.0973000004887580872,0.0750999972224235535,0.0527999997138977051,0.120899997651576996,0.176300004124641418,0.203899994492530823,0.272700011730194092,0.232099995017051697,0.267599999904632568,0.293399989604949951,0.329499989748001099,0.490999996662139893,0.540199995040893555,0.625699996948242188,0.682600021362304688,0.752699971199035645,0.850399971008300781,0.893800020217895508,0.992799997329711914,0.913399994373321533,0.708000004291534424,0.631799995899200439,0.612600028514862061,0.463800013065338135,0.279700011014938354,0.172099992632865906,0.166500002145767212,0.256099998950958252,0.273499995470046997,0.320899993181228638,0.272399991750717163,0.187999993562698364,0.155200004577636719,0.252200007438659668,0.212099999189376831,0.180099993944168091,0.147300004959106445,0.0680999979376792908,0.109099999070167542,0.0918999984860420227,0.0397000014781951904,0.00930000003427267075,0.00760000012814998627,0.00650000013411045074,0.00719999987632036209,0.0108000002801418304,0.00510000018402934074,0.0102000003680586815,0.00410000002011656761,0.00549999997019767761,0.00499999988824129105,0.00870000012218952179
0.0098999999463558197,0.048399999737739563,0.0298999994993209839,0.0296999998390674591,0.0652000010013580322,0.10769999772310257,0.236300006508827209,0.238499999046325684,0.00749999983236193657,0.188199996948242188,0.145600005984306335,0.18919999897480011,0.317600011825561523,0.134000003337860107,0.21690000593662262,0.245800003409385681,0.258899986743927002,0.278600007295608521,0.229800000786781311,0.0656000003218650818,0.144099995493888855,0.117899999022483826,0.166800007224082947,0.178299993276596069,0.247600004076957703,0.256999999284744263,0.103600002825260162,0.535600006580352783,0.71240001916885376,0.629100024700164795,0.475600004196166992,0.601499974727630615,0.72079998254776001,0.623399972915649414,0.572499990463256836,0.752300024032592773,0.871200025081634521,0.925199985504150391,0.970899999141693115,0.929700016975402832,0.899500012397766113,0.791100025177001953,0.560000002384185791,0.283800005912780762,0.440699994564056396,0.550700008869171143,0.433099985122680664,0.290499985218048096,0.198100000619888306,0.0778999999165534973,0.0395999997854232788,0.0173000004142522812,0.0148999998345971107,0.0115000000223517418,0.020199999213218689,0.0138999996706843376,0.00289999996311962605,0.0160000007599592209,0.010599999688565731,0.013399999588727951
0.0239000003784894943,0.0188999995589256287,0.0465999990701675415,0.0439999997615814209,0.0657000020146369934,0.0741999968886375427,0.137999996542930603,0.109899997711181641,0.13840000331401825,0.13760000467300415,0.0938000008463859558,0.0259000007063150406,0.149900004267692566,0.285100013017654419,0.574299991130828857,0.827799975872039795,0.866900026798248291,0.813099980354309082,0.904500007629394531,0.904600024223327637,1,0.997600018978118896,0.987200021743774414,0.976100027561187744,0.900900006294250488,0.972400009632110596,0.967499971389770508,0.763300001621246338,0.443399995565414429,0.382200002670288086,0.472699999809265137,0.400700002908706665,0.33809998631477356,0.317200005054473877,0.222200006246566772,0.073299996554851532,0.269199997186660767,0.188800007104873657,0.0711999982595443726,0.106200002133846283,0.0693999975919723511,0.0299999993294477463,0.0892999991774559021,0.145899996161460876,0.134800001978874207,0.0390999987721443176,0.0546000003814697266,0.0469000004231929779,0.0200999993830919266,0.00949999969452619553,0.0154999997466802597,0.00910000037401914597,0.0151000004261732101,0.00800000037997961044,0.00179999996908009052,0.00779999978840351105,0.00449999980628490448,0.00260000000707805157,0.00359999993816018105,0.00240000011399388313
0.0131999999284744263,0.00800000037997961044,0.0187999997287988663,0.014100000262260437,0.0436000004410743713,0.0667999982833862305,0.0608999989926815033,0.0131000000983476639,0.0899000018835067749,0.0922000035643577576,0.144500002264976501,0.147499993443489075,0.208700001239776611,0.255800008773803711,0.260300010442733765,0.198500007390975952,0.239399999380111694,0.313400000333786011,0.407700002193450928,0.4528999924659729,0.489300012588500977,0.566600024700164795,0.623399972915649414,0.674099981784820557,0.828199982643127441,0.882300019264221191,0.919600009918212891,0.896499991416931152,0.754899978637695312,0.67360001802444458,0.646300017833709717,0.500699996948242188,0.366299986839294434,0.229800000786781311,0.136199995875358582,0.212300002574920654,0.239500001072883606,0.267300009727478027,0.286500006914138794,0.206000000238418579,0.165900006890296936,0.263300001621246338,0.255199998617172241,0.169599995017051697,0.146699994802474976,0.128600001335144043,0.0926000028848648071,0.0715999975800514221,0.0324999988079071045,0.0258000008761882782,0.0136000001803040504,0.00439999997615814209,0.00279999990016222,0.002099999925121665,0.00219999998807907104,0.00480000022798776627,0.0137999998405575752,0.0140000004321336746,0.00279999990016222,0.00639999983832240105
0.00789999961853027344,0.0086000002920627594,0.00549999997019767761,0.0250000003725290298,0.0344000011682510376,0.0546000003814697266,0.0527999997138977051,0.0957999974489212036,0.10090000182390213,0.123999997973442078,0.109700001776218414,0.121500000357627869,0.187399998307228088,0.338299989700317383,0.322699993848800659,0.272300004959106445,0.394300013780593872,0.64319998025894165,0.727100014686584473,0.867299973964691162,0.967400014400482178,0.984700024127960205,0.948000013828277588,0.803600013256072998,0.683300018310546875,0.513599991798400879,0.308999985456466675,0.0832000002264976501,0.401899993419647217,0.234400004148483276,0.190500006079673767,0.123499996960163116,0.171700000762939453,0.235100001096725464,0.248899996280670166,0.364899992942810059,0.338200002908706665,0.158899992704391479,0.0988999977707862854,0.108900003135204315,0.10429999977350235,0.0838999971747398376,0.139100000262260437,0.0819000005722045898,0.0678000003099441528,0.0662999972701072693,0.120200000703334808,0.0692000016570091248,0.0152000002562999725,0.0265999995172023773,0.0174000002443790436,0.0175999999046325684,0.0126999998465180397,0.00879999995231628418,0.00980000011622905731,0.00190000003203749657,0.00590000022202730179,0.00579999992623925209,0.00590000022202730179,0.00319999991916120052
0.0263999998569488525,0.0071000000461935997,0.0342000015079975128,0.0793000012636184692,0.10429999977350235,0.0782999992370605469,0.141699999570846558,0.117600001394748688,0.0452999994158744812,0.0944999977946281433,0.113200001418590546,0.0839999988675117493,0.0716999992728233337,0.196799993515014648,0.263300001621246338,0.419099986553192139,0.504999995231628418,0.671100020408630371,0.792200028896331787,0.838100016117095947,0.875899970531463623,0.942200005054473877,1,0.993099987506866455,0.957499980926513672,0.864700019359588623,0.721499979496002197,0.580099999904632568,0.496399998664855957,0.488599985837936401,0.407900005578994751,0.244299992918968201,0.176799997687339783,0.247199997305870056,0.351799994707107544,0.376199990510940552,0.290899991989135742,0.231099992990493774,0.31679999828338623,0.355399996042251587,0.374099999666213989,0.444299995899200439,0.326099991798400879,0.196299999952316284,0.0864000022411346436,0.168799996376037598,0.199100002646446228,0.121699996292591095,0.0627999976277351379,0.0322999991476535797,0.025299999862909317,0.0214000009000301361,0.0262000001966953278,0.0176999997347593307,0.00370000000111758709,0.00680000009015202522,0.0120999999344348907,0.00769999995827674866,0.00779999978840351105,0.00659999996423721313
0.0522000007331371307,0.0436999984085559845,0.0179999992251396179,0.0292000006884336472,0.0351000018417835236,0.117100000381469727,0.125699996948242188,0.117799997329711914,0.125799998641014099,0.252900004386901855,0.271600008010864258,0.23739999532699585,0.187800005078315735,0.0983000025153160095,0.068300001323223114,0.150299996137619019,0.172299996018409729,0.233899995684623718,0.196199998259544373,0.139500007033348083,0.316399991512298584,0.588800013065338135,0.763100028038024902,0.84729999303817749,0.942399978637695312,0.998600006103515625,0.969900012016296387,1,0.862999975681304932,0.697899997234344482,0.771700024604797363,0.730499982833862305,0.519699990749359131,0.178599998354911804,0.109800003468990326,0.144600003957748413,0.106600001454353333,0.143999993801116943,0.192900002002716064,0.0324999988079071045,0.149000003933906555,0.0328000001609325409,0.0537000000476837158,0.130899995565414429,0.090999998152256012,0.0756999999284744263,0.105899997055530548,0.100500002503395081,0.053500000387430191,0.0234999991953372955,0.0154999997466802597,0.0160000007599592209,0.00289999996311962605,0.00510000018402934074,0.00620000017806887627,0.00889999978244304657,0.0140000004321336746,0.0137999998405575752,0.00769999995827674866,0.00310000008903443813
0.026000000536441803,0.0362999998033046722,0.0136000001803040504,0.0272000003606081009,0.0214000009000301361,0.0337999984622001648,0.0654999986290931702,0.140000000596046448,0.184300005435943604,0.235400006175041199,0.272000014781951904,0.244200006127357483,0.166500002145767212,0.03359999880194664,0.130199998617172241,0.170800000429153442,0.217700004577636719,0.317499995231628418,0.371399998664855957,0.455199986696243286,0.569999992847442627,0.739700019359588623,0.806200027465820312,0.883700013160705566,0.943199992179870605,1,0.9375,0.760299980640411377,0.712300002574920654,0.835799992084503174,0.762199997901916504,0.456699997186660767,0.17149999737739563,0.154899999499320984,0.164100006222724915,0.186900004744529724,0.265500009059906006,0.171299993991851807,0.0958999991416931152,0.0768000036478042603,0.0847000032663345337,0.207599997520446777,0.250499993562698364,0.186199992895126343,0.143900007009506226,0.14699999988079071,0.0991000011563301086,0.00410000002011656761,0.0153999999165534973,0.0115999998524785042,0.0181000009179115295,0.0146000003442168236,0.0129000004380941391,0.00469999993219971657,0.00389999989420175552,0.00609999988228082657,0.00400000018998980522,0.00359999993816018105,0.00609999988228082657,0.0115000000223517418
0.0137000000104308128,0.0296999998390674591,0.0115999998524785042,0.00820000004023313522,0.0241000000387430191,0.025299999862909317,0.0278999991714954376,0.0130000002682209015,0.0489000007510185242,0.087399996817111969,0.109999999403953552,0.108400002121925354,0.109399996697902679,0.102300003170967102,0.0601000003516674042,0.0905999988317489624,0.131300002336502075,0.275799989700317383,0.365999996662139893,0.526899993419647217,0.580999970436096191,0.618099987506866455,0.58749997615814209,0.463899999856948853,0.542400002479553223,0.736699998378753662,0.908900022506713867,1,0.824699997901916504,0.544099986553192139,0.334899991750717163,0.0877000018954277039,0.159999996423721313,0.416900008916854858,0.657599985599517822,0.739000022411346436,0.796299993991851807,0.749300003051757812,0.679499983787536621,0.471300005912780762,0.235499992966651917,0.170399993658065796,0.27279999852180481,0.401600003242492676,0.412499994039535522,0.347000002861022949,0.273900002241134644,0.179000005125999451,0.0922000035643577576,0.0275999996811151505,0.0168999992311000824,0.00810000021010637283,0.00400000018998980522,0.00249999994412064552,0.00359999993816018105,0.00579999992623925209,0.00669999979436397552,0.00350000010803341866,0.0043000001460313797,0.00329999998211860657
0.0203000009059906006,0.0120999999344348907,0.0379999987781047821,0.0127999996766448021,0.0537000000476837158,0.087399996817111969,0.102099999785423279,0.0851999968290328979,0.113600000739097595,0.17470000684261322,0.219799995422363281,0.272100001573562622,0.210500001907348633,0.172700002789497375,0.203999996185302734,0.178599998354911804,0.131799995899200439,0.225999996066093445,0.235799998044967651,0.310699999332427979,0.390599995851516724,0.363099992275238037,0.480899989604949951,0.653100013732910156,0.781199991703033447,0.839500010013580322,0.917999982833862305,0.976899981498718262,0.893700003623962402,0.702199995517730713,0.64999997615814209,0.506900012493133545,0.390300005674362183,0.300900012254714966,0.156499996781349182,0.0984999984502792358,0.219999998807907104,0.224299997091293335,0.273600012063980103,0.21520000696182251,0.243799999356269836,0.315400004386901855,0.21119999885559082,0.0991000011563301086,0.0593999996781349182,0.194000005722045898,0.193700000643730164,0.108199998736381531,0.03359999880194664,0.0176999997347593307,0.0208999998867511749,0.013399999588727951,0.00939999986439943314,0.00469999993219971657,0.00449999980628490448,0.00419999985024333,0.00279999990016222,0.00359999993816018105,0.00130000000353902578,0.00159999995958060026
0.00680000009015202522,0.0231999997049570084,0.05130000039935112,0.0443999990820884705,0.0249000005424022675,0.0636999979615211487,0.0421999990940093994,0.112999998033046722,0.191100001335144043,0.247500002384185791,0.160600006580352783,0.0922000035643577576,0.239800006151199341,0.321999996900558472,0.429500013589859009,0.265199989080429077,0.0666000023484230042,0.144199997186660767,0.237299993634223938,0.259499996900558472,0.249300003051757812,0.390300005674362183,0.638400018215179443,0.803699970245361328,0.702600002288818359,0.687399983406066895,0.699699997901916504,0.855799973011016846,1,0.962100028991699219,0.899600028991699219,0.757499992847442627,0.690199971199035645,0.568599998950958252,0.439599990844726562,0.454600006341934204,0.29589998722076416,0.15870000422000885,0.16809999942779541,0.0842000022530555725,0.117299996316432953,0.175400003790855408,0.27279999852180481,0.170499995350837708,0.0194000005722045898,0.0212999992072582245,0.0353999994695186615,0.0419999994337558746,0.00930000003427267075,0.020400000736117363,0.0198999997228384018,0.0173000004142522812,0.0163000002503395081,0.00549999997019767761,0.00449999980628490448,0.00680000009015202522,0.00410000002011656761,0.00520000001415610313,0.0194000005722045898,0.0104999998584389687
0.0151000004261732101,0.0320000015199184418,0.0599000006914138794,0.104999996721744537,0.116300001740455627,0.173399999737739563,0.167899996042251587,0.111900001764297485,0.0888999998569488525,0.120499998331069946,0.0847000032663345337,0.151800006628036499,0.230499997735023499,0.279300004243850708,0.340400010347366333,0.452699989080429077,0.694999992847442627,0.880699992179870605,0.915400028228759766,0.754199981689453125,0.67360001802444458,0.714600026607513428,0.833500027656555176,0.770099997520446777,0.699299991130828857,0.65429997444152832,0.504000008106231689,0.492599993944168091,0.499199986457824707,0.416099995374679565,0.163100004196166992,0.0403999984264373779,0.0636999979615211487,0.296200007200241089,0.360900014638900757,0.186599999666213989,0.0476000010967254639,0.149700000882148743,0.240500003099441528,0.197999998927116394,0.317499995231628418,0.237900003790855408,0.171599999070167542,0.155900001525878906,0.155599996447563171,0.0421999990940093994,0.0493000000715255737,0.0476000010967254639,0.0219000000506639481,0.00590000022202730179,0.0086000002920627594,0.00609999988228082657,0.00150000001303851604,0.00839999970048666,0.0127999996766448021,0.00540000014007091522,0.00109999999403953552,0.00190000003203749657,0.00230000005103647709,0.00620000017806887627
0.0107000004500150681,0.0452999994158744812,0.0288999993354082108,0.0712999999523162842,0.107500001788139343,0.101899996399879456,0.160600006580352783,0.211899995803833008,0.306100010871887207,0.293599992990493774,0.310400009155273438,0.343100011348724365,0.245600000023841858,0.188700005412101746,0.118400000035762787,0.208000004291534424,0.273600012063980103,0.327399998903274536,0.234400004148483276,0.126000002026557922,0.0575999990105628967,0.124099999666213989,0.323900014162063599,0.435699999332427979,0.573400020599365234,0.782500028610229492,0.925199985504150391,0.934899985790252686,0.934800028800964355,1,0.930800020694732666,0.847800016403198242,0.760500013828277588,0.703999996185302734,0.753899991512298584,0.799000024795532227,0.767300009727478027,0.595499992370605469,0.473100006580352783,0.48399999737739563,0.433999985456466675,0.395399987697601318,0.483700007200241089,0.537899971008300781,0.448500007390975952,0.267399996519088745,0.154100000858306885,0.135900005698204041,0.0940999984741210938,0.0261000003665685654,0.00789999961853027344,0.0164000000804662704,0.0120000001043081284,0.011300000362098217,0.002099999925121665,0.00970000028610229492,0.00719999987632036209,0.00600000005215406418,0.00170000002253800631,0.00359999993816018105
0.00939999986439943314,0.0333000011742115021,0.0306000001728534698,0.0375999994575977325,0.129600003361701965,0.179499998688697815,0.19089999794960022,0.169200003147125244,0.187000006437301636,0.172499999403953552,0.222800001502037048,0.310600012540817261,0.414400011301040649,0.515699982643127441,0.536899983882904053,0.510699987411499023,0.644100010395050049,0.732599973678588867,0.816399991512298584,0.885599970817565918,0.989099979400634766,1,0.875,0.863099992275238037,0.907400012016296387,0.867399990558624268,0.77499997615814209,0.660000026226043701,0.561500012874603271,0.401600003242492676,0.233099997043609619,0.116400003433227539,0.109499998390674591,0.0430999994277954102,0.0619000010192394257,0.195600003004074097,0.211999997496604919,0.32420000433921814,0.410199999809265137,0.293900012969970703,0.191100001335144043,0.170200005173683167,0.101000003516674042,0.151199996471405029,0.14270000159740448,0.109700001776218414,0.117299996316432953,0.0971999987959861755,0.0702999979257583618,0.0281000006943941116,0.0216000005602836609,0.0153000000864267349,0.01119999960064888,0.0241000000387430191,0.0164000000804662704,0.00549999997019767761,0.00779999978840351105,0.00549999997019767761,0.00910000037401914597,0.00669999979436397552
0.0209999997168779373,0.0120999999344348907,0.0203000009059906006,0.103600002825260162,0.167500004172325134,0.0417999997735023499,0.0723000019788742065,0.0828000009059906006,0.0494000017642974854,0.068599998950958252,0.112499997019767761,0.17409999668598175,0.270999997854232788,0.308699995279312134,0.357499986886978149,0.499799996614456177,0.601100027561187744,0.647000014781951904,0.806699991226196289,0.900799989700317383,0.890600025653839111,0.933799982070922852,1,0.910199999809265137,0.849600017070770264,0.786700010299682617,0.768800020217895508,0.771799981594085693,0.626800000667572021,0.430099993944168091,0.207699999213218689,0.119800001382827759,0.165999993681907654,0.261799991130828857,0.386200010776519775,0.395799994468688965,0.324800014495849609,0.230199992656707764,0.324999988079071045,0.402200013399124146,0.434399992227554321,0.400799989700317383,0.337000012397766113,0.251800000667572021,0.210099995136260986,0.118100002408027649,0.115000002086162567,0.0549999997019767761,0.0293000005185604095,0.0183000005781650543,0.0104000000283122063,0.0116999996826052666,0.0100999996066093445,0.00609999988228082657,0.00310000008903443813,0.0098999999463558197,0.00800000037997961044,0.0107000004500150681,0.0161000005900859833,0.0132999997586011887
0.0206000003963708878,0.0131999999284744263,0.0533000007271766663,0.0568999983370304108,0.064699999988079071,0.143199995160102844,0.13439999520778656,0.204099997878074646,0.157100006937980652,0.157299995422363281,0.232700005173683167,0.178499996662139893,0.150700002908706665,0.191599994897842407,0.206100001931190491,0.230700001120567322,0.236000001430511475,0.129899993538856506,0.38119998574256897,0.585799992084503174,0.449699997901916504,0.487599998712539673,1,0.867500007152557373,0.471799999475479126,0.534099996089935303,0.619700014591217041,0.714299976825714111,0.560500025749206543,0.372799992561340332,0.248099997639656067,0.192100003361701965,0.138600006699562073,0.33250001072883606,0.288300007581710815,0.322800010442733765,0.260699987411499023,0.203999996185302734,0.239600002765655518,0.131899997591972351,0.068300001323223114,0.0333999991416931152,0.0715999975800514221,0.0975999981164932251,0.0786999985575675964,0.0522000007331371307,0.0500000007450580597,0.023099999874830246,0.0220999997109174728,0.0143999997526407242,0.0307000000029802322,0.0386000014841556549,0.014700000174343586,0.00179999996908009052,0.00999999977648258209,0.00960000045597553253,0.00769999995827674866,0.0179999992251396179,0.0109000001102685928,0.00700000021606683731
0.0720999985933303833,0.157399997115135193,0.111199997365474701,0.108499996364116669,0.0666000023484230042,0.180000007152557373,0.110799998044967651,0.279399991035461426,0.140799999237060547,0.0794999971985816956,0.25339999794960022,0.391999989748001099,0.337500005960464478,0.160999998450279236,0.188899993896484375,0.330799996852874756,0.228200003504753113,0.217700004577636719,0.185299992561340332,0.516700029373168945,0.534200012683868408,0.629800021648406982,0.843699991703033447,0.675599992275238037,0.582499980926513672,0.614099979400634766,0.880900025367736816,0.83749997615814209,0.386900007724761963,0.505100011825561523,0.545499980449676514,0.424100011587142944,0.153400003910064697,0.495000004768371582,0.698300004005432129,0.710900008678436279,0.564700007438659668,0.486999988555908203,0.551500022411346436,0.443300008773803711,0.52499997615814209,0.607500016689300537,0.525099992752075195,0.135900005698204041,0.426800012588500977,0.444200009107589722,0.219300001859664917,0.0900000035762786865,0.119999997317790985,0.0627999976277351379,0.0233999993652105331,0.030899999663233757,0.0126999998465180397,0.00820000004023313522,0.0281000006943941116,0.0116999996826052666,0.00920000020414590836,0.014700000174343586,0.0156999994069337845,0.0129000004380941391
0.00669999979436397552,0.00960000045597553253,0.00240000011399388313,0.00579999992623925209,0.019700000062584877,0.061799999326467514,0.0432000011205673218,0.0951000005006790161,0.0835999995470046997,0.118000000715255737,0.0978000015020370483,0.0908999964594841003,0.0656000003218650818,0.0593000017106533051,0.0832000002264976501,0.129700005054473877,0.203799992799758911,0.381099998950958252,0.445100009441375732,0.522400021553039551,0.591099977493286133,0.656599998474121094,0.630800008773803711,0.599799990653991699,0.495799988508224487,0.564700007438659668,0.690599977970123291,0.85130000114440918,1,0.91659998893737793,0.767599999904632568,0.617699980735778809,0.546800017356872559,0.551599979400634766,0.546299993991851807,0.551500022411346436,0.456099987030029297,0.346599996089935303,0.338400006294250488,0.285299986600875854,0.250200003385543823,0.164100006222724915,0.160500004887580872,0.149100005626678467,0.132599994540214539,0.0687000006437301636,0.0601999983191490173,0.0560999996960163116,0.0306000001728534698,0.0153999999165534973,0.00289999996311962605,0.00480000022798776627,0.00230000005103647709,0.00200000009499490261,0.00400000018998980522,0.00190000003203749657,0.00340000004507601261,0.00340000004507601261,0.00510000018402934074,0.00310000008903443813
0.00789999961853027344,0.0086000002920627594,0.00549999997019767761,0.0250000003725290298,0.0344000011682510376,0.0546000003814697266,0.0527999997138977051,0.0957999974489212036,0.10090000182390213,0.123999997973442078,0.109700001776218414,0.121500000357627869,0.187399998307228088,0.338299989700317383,0.322699993848800659,0.272300004959106445,0.394300013780593872,0.64319998025894165,0.727100014686584473,0.867299973964691162,0.967400014400482178,0.984700024127960205,0.948000013828277588,0.803600013256072998,0.683300018310546875,0.513599991798400879,0.308999985456466675,0.0832000002264976501,0.401899993419647217,0.234400004148483276,0.190500006079673767,0.123499996960163116,0.171700000762939453,0.235100001096725464,0.248899996280670166,0.364899992942810059,0.338200002908706665,0.158899992704391479,0.0988999977707862854,0.108900003135204315,0.10429999977350235,0.0838999971747398376,0.139100000262260437,0.0819000005722045898,0.0678000003099441528,0.0662999972701072693,0.120200000703334808,0.0692000016570091248,0.0152000002562999725,0.0265999995172023773,0.0174000002443790436,0.0175999999046325684,0.0126999998465180397,0.00879999995231628418,0.00980000011622905731,0.00190000003203749657,0.00590000022202730179,0.00579999992623925209,0.00590000022202730179,0.00319999991916120052
0.00839999970048666,0.0153000000864267349,0.0291000008583068848,0.0432000011205673218,0.0951000005006790161,0.0751999989151954651,0.0414000004529953003,0.0259000007063150406,0.0692000016570091248,0.175300002098083496,0.196999996900558472,0.116700001060962677,0.168300002813339233,0.0813999995589256287,0.217899993062019348,0.512099981307983398,0.723100006580352783,0.777599990367889404,0.62220001220703125,0.350100010633468628,0.373299986124038696,0.262199997901916504,0.377600014209747314,0.73610001802444458,0.867299973964691162,0.8223000168800354,0.777199983596801758,0.786199986934661865,0.565199971199035645,0.363499999046325684,0.353399991989135742,0.386500000953674316,0.337000012397766113,0.169300004839897156,0.262699991464614868,0.319499999284744263,0.138799995183944702,0.104800000786781311,0.16809999942779541,0.190999999642372131,0.117399998009204865,0.0932999998331069946,0.0856000036001205444,0.0951000005006790161,0.0986000001430511475,0.0956000015139579773,0.042599998414516449,0.0406999997794628143,0.010599999688565731,0.0178999993950128555,0.00559999980032444,0.0236000008881092072,0.0114000001922249794,0.0136000001803040504,0.0116999996826052666,0.00600000005215406418,0.00579999992623925209,0.00310000008903443813,0.00719999987632036209,0.00449999980628490448
0.043000001460313797,0.0901999995112419128,0.0833000019192695618,0.081299997866153717,0.0164999999105930328,0.0276999995112419128,0.0568999983370304108,0.205699995160102844,0.388700008392333984,0.710600018501281738,0.734200000762939453,0.503300011157989502,0.300000011920928955,0.195099994540214539,0.276699990034103394,0.373699992895126343,0.250699996948242188,0.250699996948242188,0.329199999570846558,0.487100005149841309,0.65270000696182251,0.845399975776672363,0.973900020122528076,1,0.666499972343444824,0.532299995422363281,0.402399986982345581,0.344399988651275635,0.423900008201599121,0.418199986219406128,0.439300000667572021,0.116200000047683716,0.433600008487701416,0.655300021171569824,0.617200016975402832,0.437299996614456177,0.411799997091293335,0.364100009202957153,0.457199990749359131,0.436699986457824707,0.296400010585784912,0.431199997663497925,0.415499985218048096,0.18240000307559967,0.14869999885559082,0.0137999998405575752,0.116400003433227539,0.20520000159740448,0.10689999908208847,0.0198999997228384018,0.0208000000566244125,0.0175999999046325684,0.019700000062584877,0.0209999997168779373,0.014100000262260437,0.00490000005811452866,0.00270000007003545761,0.0162000004202127457,0.00590000022202730179,0.002099999925121665
0.0443000011146068573,0.0445999987423419952,0.0234999991953372955,0.100800000131130219,0.225199997425079346,0.26109999418258667,0.206100001931190491,0.166800007224082947,0.180099993944168091,0.308299988508224487,0.379400014877319336,0.536400020122528076,0.617299973964691162,0.784200012683868408,0.839200019836425781,0.901600003242492676,1,0.891099989414215088,0.875299990177154541,0.788600027561187744,0.715600013732910156,0.758099973201751709,0.637199997901916504,0.321000009775161743,0.207599997520446777,0.227899998426437378,0.330900013446807861,0.284700006246566772,0.194900006055831909,0.167099997401237488,0.102499999105930328,0.136199995875358582,0.22120000422000885,0.112400002777576447,0.167699992656707764,0.1039000004529953,0.25619998574256897,0.262400001287460327,0.223600000143051147,0.118000000715255737,0.11029999703168869,0.283100008964538574,0.238499999046325684,0.0254999995231628418,0.196700006723403931,0.148300006985664368,0.0434000007808208466,0.0627000033855438232,0.05130000039935112,0.0472999997437000275,0.0248000007122755051,0.0274000000208616257,0.0205000005662441254,0.014100000262260437,0.0185000002384185791,0.00549999997019767761,0.00449999980628490448,0.0115000000223517418,0.0152000002562999725,0.00999999977648258209
0.0130000002682209015,0.000600000028498470783,0.00879999995231628418,0.0456000007688999176,0.0524999983608722687,0.0777999982237815857,0.0930999964475631714,0.0940999984741210938,0.171100005507469177,0.148300006985664368,0.153200000524520874,0.109999999403953552,0.0890000015497207642,0.123599998652935028,0.119699999690055847,0.114500001072883606,0.213699996471405029,0.283800005912780762,0.363999992609024048,0.542999982833862305,0.667299985885620117,0.797900021076202393,0.927299976348876953,0.90270000696182251,0.919200003147125244,1,0.982100009918212891,0.909200012683868408,0.818400025367736816,0.696200013160705566,0.589999973773956299,0.544700026512145996,0.514199972152709961,0.538900017738342285,0.553099989891052246,0.531799972057342529,0.482600003480911255,0.379000008106231689,0.183100000023841858,0.174999997019767761,0.167899996042251587,0.0674000009894371033,0.0608999989926815033,0.0375000014901161194,0.0533000007271766663,0.0277999993413686752,0.0178999993950128555,0.0114000001922249794,0.00730000017210841179,0.0115999998524785042,0.00920000020414590836,0.00779999978840351105,0.00410000002011656761,0.00130000000353902578,0.00109999999403953552,0.00449999980628490448,0.00389999989420175552,0.00219999998807907104,0.00230000005103647709,0.00159999995958060026
0.00939999986439943314,0.0333000011742115021,0.0306000001728534698,0.0375999994575977325,0.129600003361701965,0.179499998688697815,0.19089999794960022,0.169200003147125244,0.187000006437301636,0.172499999403953552,0.222800001502037048,0.310600012540817261,0.414400011301040649,0.515699982643127441,0.536899983882904053,0.510699987411499023,0.644100010395050049,0.732599973678588867,0.816399991512298584,0.885599970817565918,0.989099979400634766,1,0.875,0.863099992275238037,0.907400012016296387,0.867399990558624268,0.77499997615814209,0.660000026226043701,0.561500012874603271,0.401600003242492676,0.233099997043609619,0.116400003433227539,0.109499998390674591,0.0430999994277954102,0.0619000010192394257,0.195600003004074097,0.211999997496604919,0.32420000433921814,0.410199999809265137,0.293900012969970703,0.191100001335144043,0.170200005173683167,0.101000003516674042,0.151199996471405029,0.14270000159740448,0.109700001776218414,0.117299996316432953,0.0971999987959861755,0.0702999979257583618,0.0281000006943941116,0.0216000005602836609,0.0153000000864267349,0.01119999960064888,0.0241000000387430191,0.0164000000804662704,0.00549999997019767761,0.00779999978840351105,0.00549999997019767761,0.00910000037401914597,0.00669999979436397552
0.0179999992251396179,0.0443999990820884705,0.0476000010967254639,0.0697999969124794006,0.161500006914138794,0.0886999964714050293,0.059599999338388443,0.107100002467632294,0.317499995231628418,0.291799992322921753,0.327300012111663818,0.303499996662139893,0.303299993276596069,0.258700013160705566,0.168200001120567322,0.130799993872642517,0.280299991369247437,0.451900005340576172,0.664099991321563721,0.768299996852874756,0.695999979972839355,0.439300000667572021,0.243200004100799561,0.288599997758865356,0.497399985790252686,0.817200005054473877,1,0.923799991607666016,0.851899981498718262,0.77219998836517334,0.577199995517730713,0.518999993801116943,0.682399988174438477,0.621999979019165039,0.505400002002716064,0.357800006866455078,0.380899995565414429,0.381300002336502075,0.335900008678436279,0.27709999680519104,0.364800006151199341,0.383399993181228638,0.345299988985061646,0.209600001573562622,0.103100001811981201,0.0798000022768974304,0.0701000019907951355,0.0526000000536441803,0.0241000000387430191,0.0116999996826052666,0.0121999997645616531,0.0121999997645616531,0.0114000001922249794,0.00980000011622905731,0.00270000007003545761,0.00249999994412064552,0.00260000000707805157,0.00499999988824129105,0.00730000017210841179,0.00219999998807907104
0.0329000018537044525,0.0216000005602836609,0.0386000014841556549,0.0627000033855438232,0.115800000727176666,0.148200005292892456,0.205400004982948303,0.160500004887580872,0.253199994564056396,0.267199993133544922,0.305599987506866455,0.316100001335144043,0.231399998068809509,0.206699997186660767,0.180399999022483826,0.280800014734268188,0.442299991846084595,0.594699978828430176,0.660099983215332031,0.584399998188018799,0.453900009393692017,0.478899985551834106,0.564599990844726562,0.528100013732910156,0.711499989032745361,1,0.956399977207183838,0.609000027179718018,0.511200010776519775,0.400000005960464478,0.0482000000774860382,0.185200005769729614,0.218600004911422729,0.143600001931190491,0.175699993968009949,0.142800003290176392,0.164399996399879456,0.308899998664855957,0.364800006151199341,0.444099992513656616,0.385899990797042847,0.281300008296966553,0.123800002038478851,0.0952999964356422424,0.120099999010562897,0.0825000032782554626,0.061799999326467514,0.014100000262260437,0.0108000002801418304,0.0124000003561377525,0.0104000000283122063,0.00949999969452619553,0.0151000004261732101,0.00590000022202730179,0.00150000001303851604,0.00529999984428286552,0.00159999995958060026,0.00419999985024333,0.00529999984428286552,0.00740000000223517418
0.00939999986439943314,0.0165999997407197952,0.0397999994456768036,0.0359000004827976227,0.0680999979376792908,0.0706000030040740967,0.101999998092651367,0.0892999991774559021,0.0381000004708766937,0.132799997925758362,0.130300000309944153,0.0273000001907348633,0.0644000023603439331,0.0711999982595443726,0.120399996638298035,0.0716999992728233337,0.122400000691413879,0.234899997711181641,0.368400007486343384,0.391799986362457275,0.492500007152557373,0.87929999828338623,0.960600018501281738,0.878600001335144043,0.690500020980834961,0.693700015544891357,0.567399978637695312,0.653999984264373779,0.780200004577636719,0.757499992847442627,0.583599984645843506,0.631600022315979004,0.810800015926361084,0.903900027275085449,0.864700019359588623,0.669499993324279785,0.40270000696182251,0.237000003457069397,0.268500000238418579,0.366200000047683716,0.326700001955032349,0.219999998807907104,0.299600005149841309,0.220500007271766663,0.116300001740455627,0.0635000020265579224,0.0465000011026859283,0.0421999990940093994,0.0174000002443790436,0.0172000005841255188,0.013399999588727951,0.014100000262260437,0.0190999992191791534,0.0144999995827674866,0.00650000013411045074,0.0129000004380941391,0.0217000003904104233,0.00870000012218952179,0.00769999995827674866,0.0121999997645616531
0.00669999979436397552,0.00960000045597553253,0.00240000011399388313,0.00579999992623925209,0.019700000062584877,0.061799999326467514,0.0432000011205673218,0.0951000005006790161,0.0835999995470046997,0.118000000715255737,0.0978000015020370483,0.0908999964594841003,0.0656000003218650818,0.0593000017106533051,0.0832000002264976501,0.129700005054473877,0.203799992799758911,0.381099998950958252,0.445100009441375732,0.522400021553039551,0.591099977493286133,0.656599998474121094,0.630800008773803711,0.599799990653991699,0.495799988508224487,0.564700007438659668,0.690599977970123291,0.85130000114440918,1,0.91659998893737793,0.767599999904632568,0.617699980735778809,0.546800017356872559,0.551599979400634766,0.546299993991851807,0.551500022411346436,0.456099987030029297,0.346599996089935303,0.338400006294250488,0.285299986600875854,0.250200003385543823,0.164100006222724915,0.160500004887580872,0.149100005626678467,0.132599994540214539,0.0687000006437301636,0.0601999983191490173,0.0560999996960163116,0.0306000001728534698,0.0153999999165534973,0.00289999996311962605,0.00480000022798776627,0.00230000005103647709,0.00200000009499490261,0.00400000018998980522,0.00190000003203749657,0.00340000004507601261,0.00340000004507601261,0.00510000018402934074,0.00310000008903443813
0.0516000017523765564,0.0944000035524368286,0.0621999986469745636,0.0414999984204769135,0.0995000004768371582,0.243100002408027649,0.177699998021125793,0.20180000364780426,0.26109999418258667,0.129399999976158142,0.264600008726119995,0.277799993753433228,0.443199992179870605,0.367199987173080444,0.20350000262260437,0.276399999856948853,0.325199991464614868,0.153600007295608521,0.278400003910064697,0.350800007581710815,0.518700003623962402,0.705200016498565674,0.714299976825714111,0.681400001049041748,0.509999990463256836,0.530799984931945801,0.613099992275238037,0.838800013065338135,0.903100013732910156,0.860700011253356934,0.965600013732910156,0.916800022125244141,0.713199973106384277,0.689800024032592773,0.731000006198883057,0.413399994373321533,0.158000007271766663,0.181899994611740112,0.138099998235702515,0.296000003814697266,0.693499982357025146,0.824599981307983398,0.535099983215332031,0.44029998779296875,0.644800007343292236,0.621399998664855957,0.301600009202957153,0.137899994850158691,0.0364000014960765839,0.0355000011622905731,0.0456000007688999176,0.0432000011205673218,0.0274000000208616257,0.0152000002562999725,0.0120000001043081284,0.0129000004380941391,0.00200000009499490261,0.0109000001102685928,0.00740000000223517418,0.00779999978840351105
0.0239000003784894943,0.0188999995589256287,0.0465999990701675415,0.0439999997615814209,0.0657000020146369934,0.0741999968886375427,0.137999996542930603,0.109899997711181641,0.13840000331401825,0.13760000467300415,0.0938000008463859558,0.0259000007063150406,0.149900004267692566,0.285100013017654419,0.574299991130828857,0.827799975872039795,0.866900026798248291,0.813099980354309082,0.904500007629394531,0.904600024223327637,1,0.997600018978118896,0.987200021743774414,0.976100027561187744,0.900900006294250488,0.972400009632110596,0.967499971389770508,0.763300001621246338,0.443399995565414429,0.382200002670288086,0.472699999809265137,0.400700002908706665,0.33809998631477356,0.317200005054473877,0.222200006246566772,0.073299996554851532,0.269199997186660767,0.188800007104873657,0.0711999982595443726,0.106200002133846283,0.0693999975919723511,0.0299999993294477463,0.0892999991774559021,0.145899996161460876,0.134800001978874207,0.0390999987721443176,0.0546000003814697266,0.0469000004231929779,0.0200999993830919266,0.00949999969452619553,0.0154999997466802597,0.00910000037401914597,0.0151000004261732101,0.00800000037997961044,0.00179999996908009052,0.00779999978840351105,0.00449999980628490448,0.00260000000707805157,0.00359999993816018105,0.00240000011399388313
0.0790000036358833313,0.0706999972462654114,0.0351999998092651367,0.165999993681907654,0.133000001311302185,0.022600000724196434,0.0771000012755393982,0.267800003290176392,0.566399991512298584,0.660899996757507324,0.500199973583221436,0.25830000638961792,0.165000006556510925,0.43470001220703125,0.451499998569488525,0.457899987697601318,0.336600005626678467,0.400000005960464478,0.532500028610229492,0.901000022888183594,0.993900001049041748,0.368900001049041748,0.101199999451637268,0.0248000007122755051,0.231800004839897156,0.398099988698959351,0.225899994373321533,0.524699985980987549,0.689800024032592773,0.831600010395050049,0.4325999915599823,0.374099999666213989,0.575600028038024902,0.804300010204315186,0.796299993991851807,0.717400014400482178,0.70560002326965332,0.814800024032592773,0.760100007057189941,0.603399991989135742,0.455399990081787109,0.47290000319480896,0.447800010442733765,0.37220001220703125,0.469300001859664917,0.383899986743927002,0.0768000036478042603,0.146699994802474976,0.0776999965310096741,0.0469000004231929779,0.0193000007420778275,0.0297999996691942215,0.0390000008046627045,0.0294000003486871719,0.017500000074505806,0.0249000005424022675,0.014100000262260437,0.00730000017210841179,0.00249999994412064552,0.0100999996066093445
0.0285999998450279236,0.0452999994158744812,0.0276999995112419128,0.0174000002443790436,0.0384000018239021301,0.098999999463558197,0.120099999010562897,0.183300003409385681,0.210500001907348633,0.303900003433227539,0.298799991607666016,0.425000011920928955,0.634299993515014648,0.819800019264221191,1,0.998799979686737061,0.950800001621246338,0.902499973773956299,0.723399996757507324,0.512199997901916504,0.207399994134902954,0.398499995470046997,0.58899998664855957,0.287200003862380981,0.204300001263618469,0.578199982643127441,0.538900017738342285,0.375,0.341100007295608521,0.506699979305267334,0.558000028133392334,0.47780001163482666,0.329899996519088745,0.219799995422363281,0.140699997544288635,0.285600006580352783,0.380699992179870605,0.415800005197525024,0.405400007963180542,0.329600006341934204,0.270700007677078247,0.264999985694885254,0.0723000019788742065,0.123800002038478851,0.119199998676776886,0.108900003135204315,0.0623000003397464752,0.0494000017642974854,0.0263999998569488525,0.00810000021010637283,0.0104000000283122063,0.00449999980628490448,0.00139999995008111,0.00380000006407499313,0.00130000000353902578,0.00889999978244304657,0.0057000000961124897,0.00270000007003545761,0.00510000018402934074,0.00620000017806887627
0.0240000002086162567,0.0218000002205371857,0.0324000008404254913,0.0568999983370304108,0.0329999998211860657,0.05130000039935112,0.0896999984979629517,0.0712999999523162842,0.0568999983370304108,0.0388999991118907928,0.193399995565414429,0.24339999258518219,0.290600001811981201,0.260600000619888306,0.381099998950958252,0.499700009822845459,0.301499992609024048,0.365500003099441528,0.679099977016448975,0.730700016021728516,0.505299985408782959,0.444099992513656616,0.698700010776519775,0.813300013542175293,0.778100013732910156,0.894299983978271484,0.892899990081787109,0.891300022602081299,0.861000001430511475,0.806299984455108643,0.554000020027160645,0.244599997997283936,0.345899999141693115,0.161500006914138794,0.246700003743171692,0.556400001049041748,0.468100011348724365,0.09790000319480896,0.158199995756149292,0.0750999972224235535,0.332100003957748413,0.374500006437301636,0.26660001277923584,0.107799999415874481,0.141800001263618469,0.168699994683265686,0.0737999975681304932,0.0634000003337860107,0.0143999997526407242,0.022600000724196434,0.00609999988228082657,0.0162000004202127457,0.0146000003442168236,0.00930000003427267075,0.01119999960064888,0.00939999986439943314,0.00540000014007091522,0.00190000003203749657,0.00659999996423721313,0.00230000005103647709
0.00949999969452619553,0.0307999998331069946,0.0538999997079372406,0.0410999990999698639,0.0612999983131885529,0.1039000004529953,0.101599998772144318,0.139400005340576172,0.259200006723403931,0.374500006437301636,0.422899991273880005,0.449900001287460327,0.540400028228759766,0.430299997329711914,0.333299994468688965,0.349599987268447876,0.342599987983703613,0.285100013017654419,0.406199991703033447,0.683300018310546875,0.764999985694885254,0.666999995708465576,0.570299983024597168,0.599500000476837158,0.648400008678436279,0.861400008201599121,0.98189997673034668,0.938000023365020752,0.843500018119812012,0.607400000095367432,0.54030001163482666,0.68900001049041748,0.597699999809265137,0.324400007724761963,0.0516000017523765564,0.315699994564056396,0.35899999737739563,0.388099998235702515,0.571600019931793213,0.431400001049041748,0.305099993944168091,0.439300000667572021,0.430200010538101196,0.483099997043609619,0.508400022983551025,0.19519999623298645,0.153899997472763062,0.203700006008148193,0.105400003492832184,0.0251000002026557922,0.0357000008225440979,0.0181000009179115295,0.00190000003203749657,0.0102000003680586815,0.0132999997586011887,0.00400000018998980522,0.00419999985024333,0.00300000002607703209,0.00310000008903443813,0.00329999998211860657
0.0200999993830919266,0.00260000000707805157,0.0137999998405575752,0.00620000017806887627,0.0132999997586011887,0.0151000004261732101,0.0540999993681907654,0.0209999997168779373,0.0505000017583370209,0.109700001776218414,0.0841000005602836609,0.0942000001668930054,0.120399996638298035,0.0419999994337558746,0.00310000008903443813,0.0162000004202127457,0.0623999983072280884,0.212699994444847107,0.343600004911422729,0.381300002336502075,0.382499992847442627,0.476399987936019897,0.631299972534179688,0.752300024032592773,0.867500007152557373,0.878799974918365479,0.790099978446960449,0.835699975490570068,0.963100016117095947,0.961899995803833008,0.92360001802444458,0.890299975872039795,0.97079998254776001,0.964699983596801758,0.789200007915496826,0.530700027942657471,0.271800011396408081,0.195299997925758362,0.137400001287460327,0.310499995946884155,0.379000008106231689,0.410499989986419678,0.335500001907348633,0.299800008535385132,0.274800002574920654,0.202399998903274536,0.10429999977350235,0.0452999994158744812,0.0337000004947185516,0.0121999997645616531,0.00719999987632036209,0.0108000002801418304,0.00700000021606683731,0.00630000000819563866,0.00300000002607703209,0.00109999999403953552,0.000699999975040555,0.00240000011399388313,0.0057000000961124897,0.00439999997615814209
0.0162000004202127457,0.00410000002011656761,0.0239000003784894943,0.0441000014543533325,0.0630000010132789612,0.0921000018715858459,0.136800006031990051,0.107799999415874481,0.155200004577636719,0.177900001406669617,0.216399997472763062,0.256799995899200439,0.308899998664855957,0.382899999618530273,0.439300000667572021,0.533500015735626221,0.599600017070770264,0.672800004482269287,0.730899989604949951,0.809199988842010498,0.894100010395050049,0.96679997444152832,1,0.989300012588500977,0.937600016593933105,0.899100005626678467,0.918399989604949951,0.912800014019012451,0.781099975109100342,0.601800024509429932,0.37650001049041748,0.330000013113021851,0.22800000011920929,0.0211999993771314621,0.111699998378753662,0.178800001740455627,0.237299993634223938,0.284299999475479126,0.224099993705749512,0.271499991416931152,0.336299985647201538,0.254599988460540771,0.186700001358985901,0.216000005602836609,0.127800002694129944,0.0768000036478042603,0.107000000774860382,0.0945999994874000549,0.063600003719329834,0.0227000005543231964,0.0127999996766448021,0.0173000004142522812,0.0135000003501772881,0.0114000001922249794,0.00620000017806887627,0.0156999994069337845,0.00879999995231628418,0.00359999993816018105,0.00529999984428286552,0.00300000002607703209
0.00930000003427267075,0.0185000002384185791,0.00559999980032444,0.00639999983832240105,0.026000000536441803,0.0458000004291534424,0.0469999983906745911,0.0057000000961124897,0.0425000004470348358,0.0640000030398368835,0.0887999981641769409,0.159899994730949402,0.154100000858306885,0.276800006628036499,0.217600002884864807,0.279900014400482178,0.349099993705749512,0.282400012016296387,0.247899994254112244,0.300500005483627319,0.430000007152557373,0.468400001525878906,0.45199999213218689,0.502600014209747314,0.621699988842010498,0.657100021839141846,0.663200020790100098,0.732100009918212891,0.853399991989135742,1,0.844799995422363281,0.635399997234344482,0.630800008773803711,0.621100008487701416,0.697600007057189941,0.586799979209899902,0.48890000581741333,0.368299990892410278,0.204300001263618469,0.146899998188018799,0.222000002861022949,0.144899994134902954,0.149000003933906555,0.121100001037120819,0.114399999380111694,0.079099997878074646,0.036499999463558197,0.0152000002562999725,0.00850000046193599701,0.0120000001043081284,0.00219999998807907104,0.00689999992027878761,0.00639999983832240105,0.0129000004380941391,0.0114000001922249794,0.00540000014007091522,0.00889999978244304657,0.00499999988824129105,0.00579999992623925209,0.00249999994412064552
0.039400000125169754,0.0419999994337558746,0.0445999987423419952,0.0551000013947486877,0.0597000010311603546,0.141599997878074646,0.0956000015139579773,0.08020000159740448,0.161799997091293335,0.255800008773803711,0.307799994945526123,0.340400010347366333,0.340000003576278687,0.395099997520446777,0.335200011730194092,0.225199997425079346,0.2085999995470047,0.224800005555152893,0.338200002908706665,0.457800000905990601,0.647400021553039551,0.670799970626831055,0.700699985027313232,0.761900007724761963,0.774500012397766113,0.676699995994567871,0.737299978733062744,0.783399999141693115,0.961899995803833008,1,0.808600008487701416,0.555800020694732666,0.540899991989135742,0.498800009489059448,0.310799986124038696,0.28970000147819519,0.224399998784065247,0.0960000008344650269,0.228699997067451477,0.322800010442733765,0.345400005578994751,0.38820001482963562,0.324000000953674316,0.0926000028848648071,0.117299996316432953,0.0566000007092952728,0.076600000262260437,0.0969000011682510376,0.0588000006973743439,0.00499999988824129105,0.0118000004440546036,0.0146000003442168236,0.00400000018998980522,0.0114000001922249794,0.00319999991916120052,0.00620000017806887627,0.0100999996066093445,0.00680000009015202522,0.00529999984428286552,0.00870000012218952179
0.042300000786781311,0.0320999994874000549,0.0709000006318092346,0.0108000002801418304,0.107000000774860382,0.0973000004887580872,0.0961000025272369385,0.132300004363059998,0.246199995279312134,0.269600003957748413,0.341199994087219238,0.42919999361038208,0.368200004100799561,0.393999993801116943,0.29649999737739563,0.317200005054473877,0.282499998807907104,0.305000007152557373,0.240799993276596069,0.541999995708465576,0.680199980735778809,0.63200002908706665,0.582400023937225342,0.68049997091293335,0.598399996757507324,0.841199994087219238,0.991100013256072998,0.918699979782104492,0.800499975681304932,0.671299993991851807,0.563199996948242188,0.733200013637542725,0.603799998760223389,0.257499992847442627,0.0348999984562397003,0.179900005459785461,0.303900003433227539,0.476000010967254639,0.575600028038024902,0.425399988889694214,0.504599988460540771,0.717899978160858154,0.616299986839294434,0.566299974918365479,0.574899971485137939,0.359299987554550171,0.252600014209747314,0.229900002479553223,0.127100005745887756,0.0355999991297721863,0.0366999991238117218,0.0175999999046325684,0.00350000010803341866,0.00930000003427267075,0.0120999999344348907,0.00749999983236193657,0.00559999980032444,0.002099999925121665,0.0043000001460313797,0.00170000002253800631
0.0472999997437000275,0.0509000010788440704,0.0819000005722045898,0.125200003385543823,0.178299993276596069,0.307000011205673218,0.30079999566078186,0.236200004816055298,0.382999986410140991,0.375900000333786011,0.302100002765655518,0.290899991989135742,0.230100005865097046,0.141100004315376282,0.158199995756149292,0.243000000715255737,0.447400003671646118,0.596400022506713867,0.674399971961975098,0.796899974346160889,0.83190000057220459,0.781300008296966553,0.862600028514862061,0.736899971961975098,0.412200003862380981,0.259600013494491577,0.339199990034103394,0.378800004720687866,0.448799997568130493,0.628099977970123291,0.744899988174438477,0.732800006866455078,0.770399987697601318,0.787000000476837158,0.604799985885620117,0.586000025272369385,0.638499975204467773,0.727900028228759766,0.628600001335144043,0.531599998474121094,0.406899988651275635,0.179100006818771362,0.162499994039535522,0.252700001001358032,0.190300002694129944,0.164299994707107544,0.0604000017046928406,0.0208999998867511749,0.0436000004410743713,0.017500000074505806,0.0107000004500150681,0.0193000007420778275,0.0118000004440546036,0.00639999983832240105,0.00419999985024333,0.00540000014007091522,0.00490000005811452866,0.00820000004023313522,0.00279999990016222,0.00270000007003545761
0.00930000003427267075,0.0185000002384185791,0.00559999980032444,0.00639999983832240105,0.026000000536441803,0.0458000004291534424,0.0469999983906745911,0.0057000000961124897,0.0425000004470348358,0.0640000030398368835,0.0887999981641769409,0.159899994730949402,0.154100000858306885,0.276800006628036499,0.217600002884864807,0.279900014400482178,0.349099993705749512,0.282400012016296387,0.247899994254112244,0.300500005483627319,0.430000007152557373,0.468400001525878906,0.45199999213218689,0.502600014209747314,0.621699988842010498,0.657100021839141846,0.663200020790100098,0.732100009918212891,0.853399991989135742,1,0.844799995422363281,0.635399997234344482,0.630800008773803711,0.621100008487701416,0.697600007057189941,0.586799979209899902,0.48890000581741333,0.368299990892410278,0.204300001263618469,0.146899998188018799,0.222000002861022949,0.144899994134902954,0.149000003933906555,0.121100001037120819,0.114399999380111694,0.079099997878074646,0.036499999463558197,0.0152000002562999725,0.00850000046193599701,0.0120000001043081284,0.00219999998807907104,0.00689999992027878761,0.00639999983832240105,0.0129000004380941391,0.0114000001922249794,0.00540000014007091522,0.00889999978244304657,0.00499999988824129105,0.00579999992623925209,0.00249999994412064552
0.0152000002562999725,0.0102000003680586815,0.011300000362098217,0.0263000000268220901,0.00970000028610229492,0.0390999987721443176,0.0856999978423118591,0.0914999991655349731,0.0948999971151351929,0.15039999783039093,0.191100001335144043,0.211500003933906555,0.224900007247924805,0.257299989461898804,0.170100003480911255,0.202299997210502625,0.253800004720687866,0.341699987649917603,0.402599990367889404,0.455300003290176392,0.552500009536743164,0.599099993705749512,0.585399985313415527,0.711399972438812256,0.949999988079071045,0.985800027847290039,1,0.957799971103668213,0.864199995994567871,0.712800025939941406,0.589299976825714111,0.432300001382827759,0.28970000147819519,0.174400001764297485,0.0769999995827674866,0.229699999094009399,0.245900005102157593,0.310099989175796509,0.331200003623962402,0.222000002861022949,0.0870999991893768311,0.206400007009506226,0.180800005793571472,0.162400007247924805,0.112000003457069397,0.0815000012516975403,0.111699998378753662,0.0949999988079071045,0.0412000007927417755,0.0120000001043081284,0.00480000022798776627,0.00490000005811452866,0.00410000002011656761,0.00359999993816018105,0.00130000000353902578,0.00460000010207295418,0.00370000000111758709,0.00109999999403953552,0.00340000004507601261,0.00329999998211860657
0.0220999997109174728,0.00650000013411045074,0.0164000000804662704,0.0487000010907649994,0.0518999993801116943,0.08489999920129776,0.0812000036239624023,0.183300003409385681,0.222800001502037048,0.180999994277954102,0.2549000084400177,0.298400014638900757,0.262400001287460327,0.189300000667572021,0.0667999982833862305,0.26660001277923584,0.427399992942810059,0.629100024700164795,0.778199970722198486,0.768599987030029297,0.809899985790252686,0.849300026893615723,0.944000005722045898,0.944999992847442627,0.965499997138977051,0.804499983787536621,0.496899992227554321,0.395999997854232788,0.385600000619888306,0.557399988174438477,0.730899989604949951,0.854900002479553223,0.942499995231628418,0.872600018978118896,0.667299985885620117,0.469399988651275635,0.154599994421005249,0.174799993634223938,0.360700011253356934,0.520799994468688965,0.517700016498565674,0.370200008153915405,0.224000006914138794,0.0816000029444694519,0.0395000018179416656,0.0785000026226043701,0.105200000107288361,0.103399999439716339,0.0763999968767166138,0.0216000005602836609,0.0166999995708465576,0.00889999978244304657,0.00510000018402934074,0.00150000001303851604,0.00749999983236193657,0.00579999992623925209,0.00159999995958060026,0.00700000021606683731,0.00740000000223517418,0.00380000006407499313
0.0163000002503395081,0.0197999998927116394,0.020199999213218689,0.0386000014841556549,0.0751999989151954651,0.14440000057220459,0.14869999885559082,0.148399993777275085,0.244200006127357483,0.282200008630752563,0.369100004434585571,0.375,0.392699986696243286,0.330799996852874756,0.108499996364116669,0.113899998366832733,0.344599992036819458,0.544099986553192139,0.647000014781951904,0.727599978446960449,0.789399981498718262,0.82639998197555542,0.869700014591217041,0.783599972724914551,0.71399998664855957,0.569800019264221191,0.290800005197525024,0.463600009679794312,0.640900015830993652,0.740499973297119141,0.8069000244140625,0.842000007629394531,1,0.953599989414215088,0.675499975681304932,0.390500009059906006,0.124899998307228088,0.362899988889694214,0.635599970817565918,0.811600029468536377,0.766399979591369629,0.541700005531311035,0.261400014162063599,0.172299996018409729,0.281399995088577271,0.276399999856948853,0.198500007390975952,0.150199994444847107,0.121899999678134918,0.0493000000715255737,0.00270000007003545761,0.00769999995827674866,0.00260000000707805157,0.00310000008903443813,0.00829999987035989761,0.00200000009499490261,0.00839999970048666,0.0108000002801418304,0.00829999987035989761,0.00329999998211860657
0.0126000000163912773,0.0518999993801116943,0.0621000006794929504,0.0518000014126300812,0.107199996709823608,0.258700013160705566,0.230399996042251587,0.206699997186660767,0.341600000858306885,0.428400009870529175,0.301499992609024048,0.12070000171661377,0.329899996519088745,0.570699989795684814,0.696200013160705566,0.97509998083114624,1,0.929300010204315186,0.620999991893768311,0.458600014448165894,0.500100016593933105,0.503199994564056396,0.708199977874755859,0.842000007629394531,0.810899972915649414,0.768999993801116943,0.810500025749206543,0.620299994945526123,0.235599994659423828,0.259499996900558472,0.629899978637695312,0.676199972629547119,0.29030001163482666,0.439300000667572021,0.852900028228759766,0.71799999475479126,0.480100005865097046,0.585600018501281738,0.499300003051757812,0.286599993705749512,0.0601000003516674042,0.116700001060962677,0.27369999885559082,0.281199991703033447,0.207800000905990601,0.0659999996423721313,0.049100000411272049,0.0344999991357326508,0.0172000005841255188,0.028699999675154686,0.00270000007003545761,0.0208000000566244125,0.00480000022798776627,0.0198999997228384018,0.0126000000163912773,0.00219999998807907104,0.00370000000111758709,0.00340000004507601261,0.0114000001922249794,0.00769999995827674866
0.03359999880194664,0.0294000003486871719,0.0476000010967254639,0.0538999997079372406,0.0794000029563903809,0.0803999975323677063,0.113600000739097595,0.122800000011920929,0.123499996960163116,0.0842000022530555725,0.0357000008225440979,0.0688999965786933899,0.170499995350837708,0.32570001482963562,0.460200011730194092,0.622500002384185791,0.732699990272521973,0.784300029277801514,0.798799991607666016,0.826099991798400879,1,0.981400012969970703,0.962000012397766113,0.960099995136260986,0.911800026893615723,0.908599972724914551,0.79309999942779541,0.587700009346008301,0.347400009632110596,0.423500001430511475,0.463299989700317383,0.340999990701675415,0.284900009632110596,0.284700006246566772,0.174199998378753662,0.054900001734495163,0.119199998676776886,0.115400001406669617,0.0855000019073486328,0.181099995970726013,0.126399993896484375,0.0798999965190887451,0.0377999991178512573,0.126800000667572021,0.112499997019767761,0.0505000017583370209,0.0948999971151351929,0.0676999986171722412,0.0259000007063150406,0.017000000923871994,0.00329999998211860657,0.0149999996647238731,0.0110999997705221176,0.00319999991916120052,0.00350000010803341866,0.0168999992311000824,0.0137000000104308128,0.00150000001303851604,0.00689999992027878761,0.00510000018402934074
0.0264999996870756149,0.0439999997615814209,0.0137000000104308128,0.00839999970048666,0.0305000003427267075,0.0438000001013278961,0.0340999998152256012,0.0780000016093254089,0.0843999981880187988,0.0778999999165534973,0.0326999984681606293,0.206000000238418579,0.190799996256828308,0.106499999761581421,0.145699992775917053,0.223199993371963501,0.207000002264976501,0.110500000417232513,0.107799999415874481,0.116499997675418854,0.222399994730949402,0.0688999965786933899,0.206000000238418579,0.238399997353553772,0.0904000028967857361,0.227799996733665466,0.587199985980987549,0.84570002555847168,0.846700012683868408,0.767899990081787109,0.80549997091293335,0.625999987125396729,0.654500007629394531,0.874700009822845459,0.988499999046325684,0.934800028800964355,0.695999979972839355,0.573300004005432129,0.587199985980987549,0.666299998760223389,0.565100014209747314,0.524699985980987549,0.368400007486343384,0.199699997901916504,0.151199996471405029,0.0507999993860721588,0.0930999964475631714,0.0982000008225440979,0.0524000003933906555,0.0187999997287988663,0.00999999977648258209,0.00380000006407499313,0.0186999998986721039,0.0155999995768070221,0.00680000009015202522,0.00970000028610229492,0.00730000017210841179,0.00810000021010637283,0.0086000002920627594,0.00949999969452619553
0.0410999990999698639,0.0276999995112419128,0.0604000017046928406,0.0524999983608722687,0.0489000007510185242,0.0384999997913837433,0.0610999986529350281,0.111699998378753662,0.12370000034570694,0.230000004172325134,0.136999994516372681,0.133499994874000549,0.213699996471405029,0.152600005269050598,0.0775000005960464478,0.119599997997283936,0.0903000012040138245,0.0688999965786933899,0.207100003957748413,0.297500014305114746,0.283600002527236938,0.33529999852180481,0.362199991941452026,0.32019999623298645,0.345200002193450928,0.35620000958442688,0.389200001955032349,0.662199974060058594,0.925400018692016602,1,0.85280001163482666,0.629700005054473877,0.52499997615814209,0.401199996471405029,0.290100008249282837,0.200699999928474426,0.335599988698959351,0.479900002479553223,0.614700019359588623,0.624599993228912354,0.497299998998641968,0.349200010299682617,0.266200006008148193,0.313699990510940552,0.428200006484985352,0.426200002431869507,0.351099997758865356,0.245800003409385681,0.125900000333786011,0.0326999984681606293,0.0181000009179115295,0.0217000003904104233,0.00380000006407499313,0.00190000003203749657,0.00650000013411045074,0.0131999999284744263,0.0108000002801418304,0.00499999988824129105,0.00850000046193599701,0.00439999997615814209
0.0190999992191791534,0.0173000004142522812,0.0291000008583068848,0.0300999991595745087,0.0463000014424324036,0.0689999982714653015,0.0575999990105628967,0.11029999703168869,0.24230000376701355,0.313400000333786011,0.478599995374679565,0.523899972438812256,0.439300000667572021,0.344000011682510376,0.28690001368522644,0.388900011777877808,0.442000001668930054,0.389200001955032349,0.408800005912780762,0.500599980354309082,0.727100014686584473,0.938499987125396729,1,0.983099997043609619,0.993200004100799561,0.916100025177001953,0.823700010776519775,0.695699989795684814,0.453599989414215088,0.328099995851516724,0.252200007438659668,0.396400004625320435,0.415399998426437378,0.330799996852874756,0.144500002264976501,0.192300006747245789,0.32080000638961792,0.336699992418289185,0.568300008773803711,0.550499975681304932,0.323100000619888306,0.04479999840259552,0.31310001015663147,0.338699996471405029,0.412999987602233887,0.36390000581741333,0.20690000057220459,0.0859000012278556824,0.0599999986588954926,0.0266999993473291397,0.0125000001862645149,0.00400000018998980522,0.0136000001803040504,0.0137000000104308128,0.0172000005841255188,0.0131999999284744263,0.0109999999403953552,0.0121999997645616531,0.0114000001922249794,0.00680000009015202522
0.00870000012218952179,0.00460000010207295418,0.00810000021010637283,0.0230000000447034836,0.0586000010371208191,0.0681999996304512024,0.099299997091293335,0.0716999992728233337,0.0575999990105628967,0.0817999988794326782,0.131500005722045898,0.186199992895126343,0.278899997472763062,0.257899999618530273,0.224000006914138794,0.256799995899200439,0.293300002813339233,0.299100011587142944,0.392399996519088745,0.469099998474121094,0.566500008106231689,0.646399974822998047,0.677399992942810059,0.757700026035308838,0.885599970817565918,0.941900014877319336,1,0.856400012969970703,0.679000020027160645,0.558700025081634521,0.41470000147819519,0.294600009918212891,0.202500000596046448,0.0688000023365020752,0.117100000381469727,0.215700000524520874,0.221599996089935303,0.277599990367889404,0.230900004506111145,0.14440000057220459,0.151299998164176941,0.174500003457069397,0.175600007176399231,0.142399996519088745,0.0908000022172927856,0.0137999998405575752,0.0469000004231929779,0.0480000004172325134,0.0159000009298324585,0.00449999980628490448,0.00150000001303851604,0.00520000001415610313,0.00380000006407499313,0.00789999961853027344,0.0114000001922249794,0.00499999988824129105,0.00300000002607703209,0.00639999983832240105,0.00579999992623925209,0.00300000002607703209
0.0663999989628791809,0.0575000010430812836,0.0842000022530555725,0.037200000137090683,0.0458000004291534424,0.0771000012755393982,0.0771000012755393982,0.112999998033046722,0.235300004482269287,0.183799996972084045,0.28690001368522644,0.412900000810623169,0.364699989557266235,0.198400005698204041,0.284000009298324585,0.403899997472763062,0.583700001239776611,0.67919999361038208,0.608600020408630371,0.485799998044967651,0.324600011110305786,0.201299995183944702,0.208199992775917053,0.168599992990493774,0.248400002717971802,0.273600012063980103,0.298400014638900757,0.465499997138977051,0.699000000953674316,0.747399985790252686,0.795599997043609619,0.798099994659423828,0.671500027179718018,0.694199979305267334,0.744000017642974854,0.816900014877319336,0.891200006008148193,1,0.875299990177154541,0.706099987030029297,0.680299997329711914,0.589800000190734863,0.46180000901222229,0.36390000581741333,0.149200007319450378,0.12160000205039978,0.130600005388259888,0.119800001382827759,0.0577999986708164215,0.0234999991953372955,0.0135000003501772881,0.014100000262260437,0.0189999993890523911,0.0043000001460313797,0.00359999993816018105,0.00260000000707805157,0.00240000011399388313,0.0162000004202127457,0.0109000001102685928,0.00789999961853027344
0.0362999998033046722,0.0478000007569789886,0.0297999996691942215,0.0209999997168779373,0.140900000929832458,0.191599994897842407,0.134900003671646118,0.161300003528594971,0.170300006866455078,0.14440000057220459,0.198899999260902405,0.215399995446205139,0.286300003528594971,0.356999993324279785,0.398000001907348633,0.435900002717971802,0.533399999141693115,0.630400002002716064,0.699500024318695068,0.743499994277954102,0.837899982929229736,0.864099979400634766,0.90140002965927124,0.943199992179870605,0.953599989414215088,1,0.954699993133544922,0.974500000476837158,0.896200001239776611,0.719600021839141846,0.546199977397918701,0.315600007772445679,0.252499997615814209,0.19689999520778656,0.218899995088577271,0.153300002217292786,0.0710999965667724609,0.149800002574920654,0.175500005483627319,0.227599993348121643,0.132200002670288086,0.10559999942779541,0.197300001978874207,0.169200003147125244,0.188099995255470276,0.117700003087520599,0.0778999999165534973,0.0494999997317790985,0.0491999983787536621,0.0194000005722045898,0.0250000003725290298,0.0115000000223517418,0.0189999993890523911,0.00549999997019767761,0.00960000045597553253,0.00499999988824129105,0.00659999996423721313,0.0114000001922249794,0.00730000017210841179,0.00329999998211860657
0.0164000000804662704,0.0173000004142522812,0.0346999987959861755,0.00700000021606683731,0.0186999998986721039,0.0671000033617019653,0.10559999942779541,0.0697000026702880859,0.0961999967694282532,0.0251000002026557922,0.0800999999046325684,0.10559999942779541,0.126599997282028198,0.0890000015497207642,0.0197999998927116394,0.113300003111362457,0.282599985599517822,0.323399990797042847,0.323799997568130493,0.433299988508224487,0.60680001974105835,0.765200018882751465,0.920300006866455078,0.971899986267089844,0.920700013637542725,0.754499971866607666,0.828899979591369629,0.890699982643127441,0.730899989604949951,0.689599990844726562,0.582899987697601318,0.493499994277954102,0.310099989175796509,0.0306000001728534698,0.0243999995291233063,0.110799998044967651,0.159400001168251038,0.137099996209144592,0.0696000009775161743,0.045200001448392868,0.0619999989867210388,0.142100006341934204,0.159700006246566772,0.13840000331401825,0.037200000137090683,0.0688000023365020752,0.0866999998688697815,0.05130000039935112,0.00920000020414590836,0.0197999998927116394,0.0118000004440546036,0.00899999961256980896,0.0222999993711709976,0.0178999993950128555,0.00839999970048666,0.00680000009015202522,0.00319999991916120052,0.00350000010803341866,0.00559999980032444,0.00400000018998980522
0.0335000008344650269,0.0258000008761882782,0.0397999994456768036,0.0570000000298023224,0.0529000014066696167,0.109099999070167542,0.170900002121925354,0.168400004506111145,0.186499997973442078,0.26600000262260437,0.318800002336502075,0.355300009250640869,0.311599999666213989,0.196500003337860107,0.178000003099441528,0.279399991035461426,0.287000000476837158,0.396899998188018799,0.559899985790252686,0.693599998950958252,0.796899974346160889,0.745199978351593018,0.820299983024597168,0.926100015640258789,0.880999982357025146,0.881399989128112793,0.930100023746490479,0.995500028133392334,0.857599973678588867,0.60689997673034668,0.393400013446807861,0.246399998664855957,0.164499998092651367,0.114000000059604645,0.0956000015139579773,0.00800000037997961044,0.0702000036835670471,0.0935999974608421326,0.0894000008702278137,0.112700000405311584,0.0873000025749206543,0.101999998092651367,0.196400001645088196,0.225600004196166992,0.181400001049041748,0.201199993491172791,0.168799996376037598,0.103699997067451477,0.0500999987125396729,0.0136000001803040504,0.0130000002682209015,0.0120000001043081284,0.00389999989420175552,0.00529999984428286552,0.00620000017806887627,0.00460000010207295418,0.00449999980628490448,0.00219999998807907104,0.000500000023748725653,0.00310000008903443813
0.0217000003904104233,0.034000001847743988,0.0392000004649162292,0.0236000008881092072,0.108099997043609619,0.116400003433227539,0.139799997210502625,0.10090000182390213,0.114699997007846832,0.177699998021125793,0.407900005578994751,0.411300003528594971,0.397300004959106445,0.507799983024597168,0.650900006294250488,0.807299971580505371,0.98189997673034668,1,0.940699994564056396,0.845200002193450928,0.810599982738494873,0.846000015735626221,0.621200025081634521,0.581499993801116943,0.774500012397766113,0.820399999618530273,0.560100018978118896,0.298900008201599121,0.500899970531463623,0.662800014019012451,0.575299978256225586,0.40549999475479126,0.374599993228912354,0.348100006580352783,0.158000007271766663,0.142199993133544922,0.212999999523162842,0.186599999666213989,0.100299999117851257,0.239600002765655518,0.224099993705749512,0.202900007367134094,0.0710000023245811462,0.160600006580352783,0.166899994015693665,0.170000001788139343,0.182899996638298035,0.140300005674362183,0.050599999725818634,0.02239999920129776,0.00949999969452619553,0.00310000008903443813,0.0103000001981854439,0.00779999978840351105,0.00769999995827674866,0.00939999986439943314,0.00310000008903443813,0.00300000002607703209,0.00130000000353902578,0.00689999992027878761
0.0131000000983476639,0.0200999993830919266,0.00449999980628490448,0.0217000003904104233,0.0230000000447034836,0.0480999983847141266,0.0741999968886375427,0.0333000011742115021,0.136899992823600769,0.207900002598762512,0.229499995708465576,0.199000000953674316,0.118400000035762787,0.189099997282028198,0.294900000095367432,0.534300029277801514,0.685000002384185791,0.792299985885620117,0.822000026702880859,0.728999972343444824,0.735199987888336182,0.791800022125244141,0.805700004100799561,0.489800006151199341,0.193399995565414429,0.292400002479553223,0.625500023365020752,0.854600012302398682,0.896600008010864258,0.782100021839141846,0.516799986362457275,0.48399999737739563,0.403800010681152344,0.341100007295608521,0.284900009632110596,0.235300004482269287,0.269899994134902954,0.444200009107589722,0.432300001382827759,0.331400007009506226,0.119499996304512024,0.166899994015693665,0.370200008153915405,0.307200014591217041,0.0944999977946281433,0.154499992728233337,0.139400005340576172,0.0772000029683113098,0.0615000016987323761,0.0230000000447034836,0.0110999997705221176,0.01679999940097332,0.0086000002920627594,0.00449999980628490448,0.00620000017806887627,0.00650000013411045074,0.00300000002607703209,0.00659999996423721313,0.00289999996311962605,0.00529999984428286552
0.00939999986439943314,0.0165999997407197952,0.0397999994456768036,0.0359000004827976227,0.0680999979376792908,0.0706000030040740967,0.101999998092651367,0.0892999991774559021,0.0381000004708766937,0.132799997925758362,0.130300000309944153,0.0273000001907348633,0.0644000023603439331,0.0711999982595443726,0.120399996638298035,0.0716999992728233337,0.122400000691413879,0.234899997711181641,0.368400007486343384,0.391799986362457275,0.492500007152557373,0.87929999828338623,0.960600018501281738,0.878600001335144043,0.690500020980834961,0.693700015544891357,0.567399978637695312,0.653999984264373779,0.780200004577636719,0.757499992847442627,0.583599984645843506,0.631600022315979004,0.810800015926361084,0.903900027275085449,0.864700019359588623,0.669499993324279785,0.40270000696182251,0.237000003457069397,0.268500000238418579,0.366200000047683716,0.326700001955032349,0.219999998807907104,0.299600005149841309,0.220500007271766663,0.116300001740455627,0.0635000020265579224,0.0465000011026859283,0.0421999990940093994,0.0174000002443790436,0.0172000005841255188,0.013399999588727951,0.014100000262260437,0.0190999992191791534,0.0144999995827674866,0.00650000013411045074,0.0129000004380941391,0.0217000003904104233,0.00870000012218952179,0.00769999995827674866,0.0121999997645616531
0.0331000015139579773,0.042300000786781311,0.0474000014364719391,0.0817999988794326782,0.0834999978542327881,0.0755999982357025146,0.0373999997973442078,0.0961000025272369385,0.0548000000417232513,0.0193000007420778275,0.0896999984979629517,0.173399999737739563,0.193599998950958252,0.280299991369247437,0.33129999041557312,0.501999974250793457,0.635999977588653564,0.709599971771240234,0.833299994468688965,0.873000025749206543,0.807299971580505371,0.750699996948242188,0.752600014209747314,0.729799985885620117,0.617699980735778809,0.494599997997283936,0.453099995851516724,0.409900009632110596,0.453999996185302734,0.412400007247924805,0.313899993896484375,0.319400012493133545,0.369199991226196289,0.377600014209747314,0.446900010108947754,0.477699995040893555,0.471599996089935303,0.466399997472763062,0.389299988746643066,0.425500005483627319,0.406399995088577271,0.371199995279312134,0.386299997568130493,0.280200004577636719,0.128299996256828308,0.111699998378753662,0.130300000309944153,0.0786999985575675964,0.0436000004410743713,0.02239999920129776,0.0132999997586011887,0.00779999978840351105,0.0174000002443790436,0.0175999999046325684,0.00380000006407499313,0.0129000004380941391,0.00659999996423721313,0.00439999997615814209,0.013399999588727951,0.00920000020414590836
0.00469999993219971657,0.00590000022202730179,0.00800000037997961044,0.0553999990224838257,0.0882999971508979797,0.127800002694129944,0.167400002479553223,0.137299999594688416,0.292199999094009399,0.346899986267089844,0.326499998569488525,0.326299995183944702,0.230100005865097046,0.125300005078315735,0.210199996829032898,0.240099996328353882,0.192800000309944153,0.167300000786781311,0.122800000011920929,0.0901999995112419128,0.155699998140335083,0.32910001277923584,0.526799976825714111,0.674000024795532227,0.790600001811981201,0.893800020217895508,0.939499974250793457,0.949299991130828857,0.903999984264373779,0.915099978446960449,0.882799983024597168,0.808600008487701416,0.71799999475479126,0.671999990940093994,0.644699990749359131,0.687900006771087646,0.624100029468536377,0.493600010871887207,0.414400011301040649,0.423999994993209839,0.454600006341934204,0.439200013875961304,0.432300001382827759,0.492100000381469727,0.470999985933303833,0.31959998607635498,0.224099993705749512,0.180600002408027649,0.098999999463558197,0.0251000002026557922,0.0129000004380941391,0.00949999969452619553,0.0126000000163912773,0.00689999992027878761,0.00389999989420175552,0.00680000009015202522,0.00600000005215406418,0.00449999980628490448,0.000199999994947575033,0.00289999996311962605
0.0228000003844499588,0.0852999985218048096,0.100000001490116119,0.0428000018000602722,0.111699998378753662,0.165099993348121643,0.159700006246566772,0.211600005626678467,0.329499989748001099,0.351700007915496826,0.333000004291534424,0.364300012588500977,0.402000010013580322,0.473100006580352783,0.519599974155426025,0.657299995422363281,0.842599987983703613,0.847599983215332031,0.834399998188018799,0.845300018787384033,0.79989999532699585,0.853699982166290283,0.964200019836425781,1,0.935699999332427979,0.940900027751922607,0.90700000524520874,0.710399985313415527,0.63200002908706665,0.566699981689453125,0.350100010633468628,0.244699999690055847,0.16979999840259552,0.328999996185302734,0.367399990558624268,0.233099997043609619,0.241300001740455627,0.255600005388259888,0.18919999897480011,0.194000005722045898,0.307399988174438477,0.278499990701675415,0.0307999998331069946,0.123800002038478851,0.185399994254112244,0.175300002098083496,0.107900001108646393,0.0728000029921531677,0.0241999998688697815,0.0190999992191791534,0.0159000009298324585,0.0172000005841255188,0.0190999992191791534,0.026000000536441803,0.0140000004321336746,0.0125000001862645149,0.0115999998524785042,0.00930000003427267075,0.00120000005699694157,0.00359999993816018105
0.0261000003665685654,0.0265999995172023773,0.0222999993711709976,0.0749000012874603271,0.136399999260902405,0.151299998164176941,0.13160000741481781,0.165399998426437378,0.186399996280670166,0.201299995183944702,0.289000004529953003,0.365000009536743164,0.351000010967254639,0.349500000476837158,0.432500004768371582,0.539799988269805908,0.62370002269744873,0.687600016593933105,0.732900023460388184,0.810699999332427979,0.839600026607513428,0.863200008869171143,0.874700009822845459,0.960699975490570068,0.971599996089935303,0.912100017070770264,0.857599973678588867,0.879800021648406982,0.772000014781951904,0.571099996566772461,0.42640000581741333,0.28600001335144043,0.311399996280670166,0.206599995493888855,0.116499997675418854,0.0185000002384185791,0.130199998617172241,0.247999995946884155,0.163699999451637268,0.11029999703168869,0.214399993419647217,0.203299999237060547,0.188700005412101746,0.136999994516372681,0.13760000467300415,0.0307000000029802322,0.0373000018298625946,0.0606000013649463654,0.0399000011384487152,0.0168999992311000824,0.0135000003501772881,0.0221999995410442352,0.017500000074505806,0.0126999998465180397,0.00219999998807907104,0.0124000003561377525,0.00540000014007091522,0.002099999925121665,0.00279999990016222,0.00230000005103647709
0.0322999991476535797,0.0100999996066093445,0.0297999996691942215,0.056400001049041748,0.0759999975562095642,0.0957999974489212036,0.098999999463558197,0.101800002157688141,0.10300000011920929,0.215399995446205139,0.308499991893768311,0.342500001192092896,0.298999994993209839,0.140200003981590271,0.123499996960163116,0.153400003910064697,0.190099999308586121,0.242899999022483826,0.211999997496604919,0.239500001072883606,0.327199995517730713,0.594900012016296387,0.830200016498565674,0.904500007629394531,0.988799989223480225,0.991199970245361328,0.944800019264221191,1,0.909200012683868408,0.741199970245361328,0.769100010395050049,0.711700022220611572,0.530399978160858154,0.213100001215934753,0.0927999988198280334,0.129700005054473877,0.115900002419948578,0.122599996626377106,0.176799997687339783,0.0344999991357326508,0.156200006604194641,0.082400001585483551,0.114900000393390656,0.169400006532669067,0.0953999981284141541,0.00800000037997961044,0.0790000036358833313,0.125499993562698364,0.064699999988079071,0.0178999993950128555,0.00510000018402934074,0.00609999988228082657,0.00930000003427267075,0.0135000003501772881,0.00630000000819563866,0.00630000000819563866,0.00340000004507601261,0.00319999991916120052,0.00620000017806887627,0.00669999979436397552
0.0293000005185604095,0.0644000023603439331,0.0390000008046627045,0.0173000004142522812,0.0476000010967254639,0.0816000029444694519,0.099299997091293335,0.0315000005066394806,0.0736000016331672668,0.086000002920627594,0.0414000004529953003,0.0472000017762184143,0.0834999978542327881,0.0938000008463859558,0.146599993109703064,0.0808999985456466675,0.117899999022483826,0.217899993062019348,0.332599997520446777,0.325800001621246338,0.211099997162818909,0.230199992656707764,0.336100012063980103,0.425900012254714966,0.460900008678436279,0.260600000619888306,0.087399996817111969,0.286199986934661865,0.560599982738494873,0.834399998188018799,0.809599995613098145,0.72500002384185791,0.804799973964691162,0.943499982357025146,1,0.896000027656555176,0.551599979400634766,0.303700000047683716,0.233799993991851807,0.238199993968009949,0.331800013780593872,0.38209998607635498,0.157499998807907104,0.222800001502037048,0.158199995756149292,0.143299996852874756,0.163399994373321533,0.113300003111362457,0.056699998676776886,0.0132999997586011887,0.017000000923871994,0.00350000010803341866,0.00520000001415610313,0.00829999987035989761,0.00779999978840351105,0.00749999983236193657,0.0104999998584389687,0.0160000007599592209,0.00949999969452619553,0.00109999999403953552
0.0452999994158744812,0.0522999987006187439,0.0842999964952468872,0.0688999965786933899,0.118299998342990875,0.25830000638961792,0.215599998831748962,0.348100006580352783,0.333700001239776611,0.287200003862380981,0.491800010204315186,0.655200004577636719,0.691900014877319336,0.779699981212615967,0.746399998664855957,0.944400012493133545,1,0.887399971485137939,0.802399992942810059,0.781799972057342529,0.521200001239776611,0.405200004577636719,0.395700007677078247,0.391400009393692017,0.324999988079071045,0.319999992847442627,0.327100008726119995,0.276699990034103394,0.442299991846084595,0.202800005674362183,0.378800004720687866,0.294699996709823608,0.198400005698204041,0.234099999070167542,0.130600005388259888,0.418199986219406128,0.383500009775161743,0.105700001120567322,0.184000000357627869,0.196999996900558472,0.167400002479553223,0.0582999996840953827,0.140100002288818359,0.162799999117851257,0.0621000006794929504,0.0203000009059906006,0.0529999993741512299,0.0741999968886375427,0.0408999994397163391,0.00609999988228082657,0.0125000001862645149,0.00839999970048666,0.00889999978244304657,0.00480000022798776627,0.00939999986439943314,0.0190999992191791534,0.0140000004321336746,0.00490000005811452866,0.00520000001415610313,0.00439999997615814209
0.034000001847743988,0.0625,0.0381000004708766937,0.0256999991834163666,0.0441000014543533325,0.102700002491474152,0.128700003027915955,0.185000002384185791,0.264699995517730713,0.411700010299682617,0.524500012397766113,0.534099996089935303,0.55540001392364502,0.391499996185302734,0.294999986886978149,0.307500004768371582,0.302100002765655518,0.271899998188018799,0.54430001974105835,0.793200016021728516,0.875100016593933105,0.86669999361038208,0.710699975490570068,0.691100001335144043,0.728699982166290283,0.879199981689453125,1,0.981599986553192139,0.898400008678436279,0.604799985885620117,0.493400007486343384,0.537100017070770264,0.458600014448165894,0.290800005197525024,0.0773999989032745361,0.224900007247924805,0.160199999809265137,0.395799994468688965,0.611699998378753662,0.519599974155426025,0.232099995017051697,0.437000006437301636,0.379700005054473877,0.432200014591217041,0.489199995994567871,0.190099999308586121,0.0939999967813491821,0.136399999260902405,0.0905999988317489624,0.0143999997526407242,0.0329000018537044525,0.014100000262260437,0.00190000003203749657,0.00669999979436397552,0.0098999999463558197,0.00419999985024333,0.0057000000961124897,0.00510000018402934074,0.00329999998211860657,0.00579999992623925209
0.0130000002682209015,0.0120000001043081284,0.0436000004410743713,0.0623999983072280884,0.0428000018000602722,0.0348999984562397003,0.0384000018239021301,0.0445999987423419952,0.131799995899200439,0.137500002980232239,0.202600002288818359,0.23890000581741333,0.21119999885559082,0.14440000057220459,0.0741999968886375427,0.153300002217292786,0.305200010538101196,0.411599993705749512,0.546599984169006348,0.593299984931945801,0.666299998760223389,0.733299970626831055,0.713599979877471924,0.70139998197555542,0.775799989700317383,0.913699984550476074,0.996399998664855957,1,0.888100028038024902,0.658500015735626221,0.270700007677078247,0.174600005149841309,0.27090001106262207,0.485300004482269287,0.718400001525878906,0.820900022983551025,0.753600001335144043,0.649600028991699219,0.470800012350082397,0.348199993371963501,0.350800007581710815,0.318100005388259888,0.352400004863739014,0.365900009870529175,0.284599989652633667,0.171399995684623718,0.0693999975919723511,0.0303000006824731827,0.0292000006884336472,0.0115999998524785042,0.00240000011399388313,0.00839999970048666,0.00999999977648258209,0.00179999996908009052,0.00350000010803341866,0.00579999992623925209,0.00109999999403953552,0.000899999984540045261,0.00329999998211860657,0.00260000000707805157
0.0200999993830919266,0.0115999998524785042,0.0122999995946884155,0.0244999993592500687,0.0546999983489513397,0.0208000000566244125,0.0891000032424926758,0.0835999995470046997,0.133499994874000549,0.11990000307559967,0.174199998378753662,0.138699993491172791,0.204199999570846558,0.257999986410140991,0.261599987745285034,0.209700003266334534,0.253199994564056396,0.321299999952316284,0.432700008153915405,0.476000010967254639,0.532800018787384033,0.605700016021728516,0.669600009918212891,0.747600018978118896,0.893000006675720215,0.940500020980834961,1,0.978500008583068848,0.84729999303817749,0.76389998197555542,0.670099973678588867,0.498899996280670166,0.371800005435943604,0.219600006937980652,0.141599997878074646,0.268000006675720215,0.263000011444091797,0.310400009155273438,0.339199990034103394,0.212300002574920654,0.116999998688697815,0.265500009059906006,0.220300003886222839,0.154100000858306885,0.146400004625320435,0.104400001466274261,0.122500002384185791,0.0745000019669532776,0.0489999987185001373,0.02239999920129776,0.00319999991916120052,0.00760000012814998627,0.00449999980628490448,0.00559999980032444,0.00749999983236193657,0.00370000000111758709,0.00449999980628490448,0.00289999996311962605,0.000799999979790300131,0.00179999996908009052
0.0293000005185604095,0.0644000023603439331,0.0390000008046627045,0.0173000004142522812,0.0476000010967254639,0.0816000029444694519,0.099299997091293335,0.0315000005066394806,0.0736000016331672668,0.086000002920627594,0.0414000004529953003,0.0472000017762184143,0.0834999978542327881,0.0938000008463859558,0.146599993109703064,0.0808999985456466675,0.117899999022483826,0.217899993062019348,0.332599997520446777,0.325800001621246338,0.211099997162818909,0.230199992656707764,0.336100012063980103,0.425900012254714966,0.460900008678436279,0.260600000619888306,0.087399996817111969,0.286199986934661865,0.560599982738494873,0.834399998188018799,0.809599995613098145,0.72500002384185791,0.804799973964691162,0.943499982357025146,1,0.896000027656555176,0.551599979400634766,0.303700000047683716,0.233799993991851807,0.238199993968009949,0.331800013780593872,0.38209998607635498,0.157499998807907104,0.222800001502037048,0.158199995756149292,0.143299996852874756,0.163399994373321533,0.113300003111362457,0.056699998676776886,0.0132999997586011887,0.017000000923871994,0.00350000010803341866,0.00520000001415610313,0.00829999987035989761,0.00779999978840351105,0.00749999983236193657,0.0104999998584389687,0.0160000007599592209,0.00949999969452619553,0.00109999999403953552
0.0454000011086463928,0.0472000017762184143,0.0697000026702880859,0.102099999785423279,0.139699995517730713,0.149299994111061096,0.14869999885559082,0.0771000012755393982,0.117100000381469727,0.167500004172325134,0.279900014400482178,0.332300007343292236,0.401199996471405029,0.429600000381469727,0.535000026226043701,0.541100025177001953,0.686999976634979248,0.804499983787536621,0.91939997673034668,0.916899979114532471,1,0.99720001220703125,0.909300029277801514,0.791800022125244141,0.670499980449676514,0.532400012016296387,0.357199996709823608,0.248400002717971802,0.316100001335144043,0.377499997615814209,0.313800007104873657,0.171299993991851807,0.29370000958442688,0.523400008678436279,0.592599987983703613,0.543699979782104492,0.451599985361099243,0.337900012731552124,0.321500003337860107,0.21780000627040863,0.167400002479553223,0.263399988412857056,0.29800000786781311,0.203700006008148193,0.115500003099441528,0.0918999984860420227,0.088200002908706665,0.0228000003844499588,0.0379999987781047821,0.0142000000923871994,0.0137000000104308128,0.0120000001043081284,0.00419999985024333,0.0238000005483627319,0.0129000004380941391,0.00839999970048666,0.0218000002205371857,0.0320999994874000549,0.0153999999165534973,0.00529999984428286552
0.0263999998569488525,0.0071000000461935997,0.0342000015079975128,0.0793000012636184692,0.10429999977350235,0.0782999992370605469,0.141699999570846558,0.117600001394748688,0.0452999994158744812,0.0944999977946281433,0.113200001418590546,0.0839999988675117493,0.0716999992728233337,0.196799993515014648,0.263300001621246338,0.419099986553192139,0.504999995231628418,0.671100020408630371,0.792200028896331787,0.838100016117095947,0.875899970531463623,0.942200005054473877,1,0.993099987506866455,0.957499980926513672,0.864700019359588623,0.721499979496002197,0.580099999904632568,0.496399998664855957,0.488599985837936401,0.407900005578994751,0.244299992918968201,0.176799997687339783,0.247199997305870056,0.351799994707107544,0.376199990510940552,0.290899991989135742,0.231099992990493774,0.31679999828338623,0.355399996042251587,0.374099999666213989,0.444299995899200439,0.326099991798400879,0.196299999952316284,0.0864000022411346436,0.168799996376037598,0.199100002646446228,0.121699996292591095,0.0627999976277351379,0.0322999991476535797,0.025299999862909317,0.0214000009000301361,0.0262000001966953278,0.0176999997347593307,0.00370000000111758709,0.00680000009015202522,0.0120999999344348907,0.00769999995827674866,0.00779999978840351105,0.00659999996423721313
0.0529999993741512299,0.088500000536441803,0.199699997901916504,0.260399997234344482,0.322499990463256836,0.224700003862380981,0.0617000013589859009,0.228699997067451477,0.0949999988079071045,0.0740000009536743164,0.160999998450279236,0.222599998116493225,0.270300000905990601,0.336499989032745361,0.426600009202957153,0.414400011301040649,0.565500020980834961,0.692099988460540771,0.854700028896331787,0.923399984836578369,0.917100012302398682,1,0.953199982643127441,0.910099983215332031,0.833700001239776611,0.705299973487854004,0.653400003910064697,0.448300004005432129,0.246000006794929504,0.202000007033348083,0.144600003957748413,0.0993999987840652466,0.150999993085861206,0.239199995994567871,0.443399995565414429,0.502300024032592773,0.444099992513656616,0.457100003957748413,0.392699986696243286,0.289999991655349731,0.340799987316131592,0.499000012874603271,0.363200008869171143,0.138699993491172791,0.180000007152557373,0.129899993538856506,0.0522999987006187439,0.0816999971866607666,0.0469000004231929779,0.0114000001922249794,0.0298999994993209839,0.0243999995291233063,0.0198999997228384018,0.0256999991834163666,0.00820000004023313522,0.0151000004261732101,0.0171000007539987564,0.0146000003442168236,0.013399999588727951,0.00559999980032444
0.0137000000104308128,0.0296999998390674591,0.0115999998524785042,0.00820000004023313522,0.0241000000387430191,0.025299999862909317,0.0278999991714954376,0.0130000002682209015,0.0489000007510185242,0.087399996817111969,0.109999999403953552,0.108400002121925354,0.109399996697902679,0.102300003170967102,0.0601000003516674042,0.0905999988317489624,0.131300002336502075,0.275799989700317383,0.365999996662139893,0.526899993419647217,0.580999970436096191,0.618099987506866455,0.58749997615814209,0.463899999856948853,0.542400002479553223,0.736699998378753662,0.908900022506713867,1,0.824699997901916504,0.544099986553192139,0.334899991750717163,0.0877000018954277039,0.159999996423721313,0.416900008916854858,0.657599985599517822,0.739000022411346436,0.796299993991851807,0.749300003051757812,0.679499983787536621,0.471300005912780762,0.235499992966651917,0.170399993658065796,0.27279999852180481,0.401600003242492676,0.412499994039535522,0.347000002861022949,0.273900002241134644,0.179000005125999451,0.0922000035643577576,0.0275999996811151505,0.0168999992311000824,0.00810000021010637283,0.00400000018998980522,0.00249999994412064552,0.00359999993816018105,0.00579999992623925209,0.00669999979436397552,0.00350000010803341866,0.0043000001460313797,0.00329999998211860657
0.0373999997973442078,0.0586000010371208191,0.0627999976277351379,0.0533999986946582794,0.0254999995231628418,0.142199993133544922,0.207200005650520325,0.273400008678436279,0.307000011205673218,0.259700000286102295,0.348300009965896606,0.399899989366531372,0.457399994134902954,0.595000028610229492,0.792400002479553223,0.827199995517730713,0.808700025081634521,0.897700011730194092,0.982800006866455078,0.898199975490570068,0.888999998569488525,0.936699986457824707,0.912199974060058594,0.793600022792816162,0.671800017356872559,0.631799995899200439,0.486499994993209839,0.338800013065338135,0.483200013637542725,0.382200002670288086,0.307500004768371582,0.12669999897480011,0.0742999985814094543,0.150999993085861206,0.190599992871284485,0.181700006127357483,0.170900002121925354,0.0945999994874000549,0.282900005578994751,0.300599992275238037,0.160199999809265137,0.148300006985664368,0.287499994039535522,0.204699993133544922,0.106399998068809509,0.139500007033348083,0.106499999761581421,0.0527000017464160919,0.0395000018179416656,0.0183000005781650543,0.0353000015020370483,0.0118000004440546036,0.00630000000819563866,0.0237000007182359695,0.00319999991916120052,0.00870000012218952179,0.0124000003561377525,0.011300000362098217,0.00980000011622905731,0.0126000000163912773
0.0408999994397163391,0.0421000011265277863,0.0573000013828277588,0.0130000002682209015,0.0183000005781650543,0.101899996399879456,0.105400003492832184,0.107000000774860382,0.230199992656707764,0.225899994373321533,0.237299993634223938,0.332300007343292236,0.38269999623298645,0.48399999737739563,0.681200027465820312,0.75550001859664917,0.952199995517730713,0.982599973678588867,0.887099981307983398,0.826799988746643066,0.756099998950958252,0.821699976921081543,0.696699976921081543,0.64440000057220459,0.694800019264221191,0.80140000581741333,0.605300009250640869,0.60839998722076416,0.887700021266937256,0.855700016021728516,0.556299984455108643,0.28970000147819519,0.363799989223480225,0.478599995374679565,0.290800005197525024,0.0899000018835067749,0.204300001263618469,0.170699998736381531,0.0406999997794628143,0.128600001335144043,0.15809999406337738,0.219099998474121094,0.170100003480911255,0.0970999971032142639,0.221699997782707214,0.273200005292892456,0.187399998307228088,0.106200002133846283,0.0665000006556510925,0.0405000001192092896,0.011300000362098217,0.00279999990016222,0.00359999993816018105,0.0104999998584389687,0.0120000001043081284,0.00870000012218952179,0.00609999988228082657,0.00609999988228082657,0.00300000002607703209,0.00779999978840351105
0.0628999993205070496,0.106499999761581421,0.152600005269050598,0.122900001704692841,0.143700003623962402,0.11900000274181366,0.0883999988436698914,0.090700000524520874,0.210700005292892456,0.359699994325637817,0.546599984169006348,0.520500004291534424,0.512700021266937256,0.539499998092651367,0.655799984931945801,0.870500028133392334,0.978600025177001953,0.933499991893768311,0.791700005531311035,0.738300025463104248,0.690800011157989502,0.384999990463256836,0.0671000033617019653,0.0502000004053115845,0.271699994802474976,0.283899992704391479,0.223399996757507324,0.191100001335144043,0.040800001472234726,0.253100007772445679,0.197899997234344482,0.189099997282028198,0.243300005793571472,0.195600003004074097,0.266699999570846558,0.134000003337860107,0.10729999840259552,0.202299997210502625,0.179399996995925903,0.0227000005543231964,0.131300002336502075,0.17749999463558197,0.154899999499320984,0.162599995732307434,0.070799998939037323,0.0129000004380941391,0.0794999971985816956,0.0762000009417533875,0.0116999996826052666,0.00609999988228082657,0.0256999991834163666,0.00889999978244304657,0.0262000001966953278,0.0108000002801418304,0.0137999998405575752,0.0186999998986721039,0.0230000000447034836,0.0057000000961124897,0.011300000362098217,0.0131000000983476639
0.0086000002920627594,0.0215000007301568985,0.0241999998688697815,0.0445000007748603821,0.0666999965906143188,0.0771000012755393982,0.0498999990522861481,0.0905999988317489624,0.122900001704692841,0.118500001728534698,0.0775000005960464478,0.110100001096725464,0.104199998080730438,0.0852999985218048096,0.0456000007688999176,0.130400002002716064,0.268999993801116943,0.294699996709823608,0.366899996995925903,0.494800001382827759,0.627499997615814209,0.816200017929077148,0.92369997501373291,0.870999991893768311,0.805199980735778809,0.875599980354309082,1,0.985800027847290039,0.942700028419494629,0.811399996280670166,0.698700010776519775,0.680999994277954102,0.659099996089935303,0.695399999618530273,0.728999972343444824,0.667999982833862305,0.59170001745223999,0.489899992942810059,0.343899995088577271,0.23659999668598175,0.171599999070167542,0.10130000114440918,0.076600000262260437,0.0844999998807907104,0.026000000536441803,0.0333000011742115021,0.0205000005662441254,0.030899999663233757,0.0100999996066093445,0.00949999969452619553,0.00469999993219971657,0.00719999987632036209,0.00540000014007091522,0.00219999998807907104,0.00159999995958060026,0.00289999996311962605,0.00579999992623925209,0.00499999988824129105,0.00240000011399388313,0.00300000002607703209
0.0298999994993209839,0.0688000023365020752,0.0992000028491020203,0.102099999785423279,0.0799999982118606567,0.0628999993205070496,0.0130000002682209015,0.081299997866153717,0.176100000739097595,0.0997999981045722961,0.0522999987006187439,0.0904000028967857361,0.265500009059906006,0.309899985790252686,0.351999998092651367,0.389200001955032349,0.396200001239776611,0.24490000307559967,0.235499992966651917,0.304500013589859009,0.311199992895126343,0.469799995422363281,0.553399980068206787,0.453200012445449829,0.446399986743927002,0.467000007629394531,0.462099999189376831,0.698800027370452881,0.76260000467300415,0.702499985694885254,0.738200008869171143,0.744599997997283936,0.792699992656707764,0.522700011730194092,0.396699994802474976,0.30419999361038208,0.130899995565414429,0.240799993276596069,0.178000003099441528,0.15979999303817749,0.565699994564056396,0.644299983978271484,0.424100011587142944,0.456699997186660767,0.575999975204467773,0.52929997444152832,0.328700006008148193,0.128299996256828308,0.0697999969124794006,0.0333999991416931152,0.0342000015079975128,0.0458999983966350555,0.0276999995112419128,0.0172000005841255188,0.00870000012218952179,0.00460000010207295418,0.0203000009059906006,0.0130000002682209015,0.0115000000223517418,0.00150000001303851604
0.0309999994933605194,0.0220999997109174728,0.0432999990880489349,0.0190999992191791534,0.0964000001549720764,0.182699993252754211,0.110600002110004425,0.170200005173683167,0.280400007963180542,0.443199992179870605,0.52219998836517334,0.561100006103515625,0.537899971008300781,0.404799997806549072,0.224500000476837158,0.178399994969367981,0.229699999094009399,0.272000014781951904,0.52090001106262207,0.689800024032592773,0.820200026035308838,0.878000020980834961,0.759999990463256836,0.761600017547607422,0.71520000696182251,0.728799998760223389,0.868600010871887207,0.950900018215179443,0.834800004959106445,0.573000013828277588,0.436300009489059448,0.428900003433227539,0.423999994993209839,0.315600007772445679,0.128700003027915955,0.147699996829032898,0.206200003623962402,0.23999999463558197,0.517300009727478027,0.516799986362457275,0.149100005626678467,0.240700006484985352,0.341500014066696167,0.449400007724761963,0.462399989366531372,0.20010000467300415,0.0775000005960464478,0.123199999332427979,0.0782999992370605469,0.00889999978244304657,0.0249000005424022675,0.020400000736117363,0.00590000022202730179,0.00529999984428286552,0.00789999961853027344,0.00370000000111758709,0.00150000001303851604,0.00559999980032444,0.00669999979436397552,0.00540000014007091522
0.0715000033378601074,0.08489999920129776,0.0586999990046024323,0.0218000002205371857,0.0861999988555908203,0.180099993944168091,0.191599994897842407,0.189600005745887756,0.296000003814697266,0.418599992990493774,0.486699998378753662,0.52490001916885376,0.595899999141693115,0.685500025749206543,0.857299983501434326,0.971800029277801514,0.869300007820129395,0.871100008487701416,0.895399987697601318,0.992200016975402832,0.898000001907348633,0.815800011157989502,0.837300002574920654,0.754100024700164795,0.589299976825714111,0.548799991607666016,0.564300000667572021,0.540600001811981201,0.478300005197525024,0.443899989128112793,0.369800001382827759,0.257400006055831909,0.14779999852180481,0.174300000071525574,0.122900001704692841,0.158800005912780762,0.180299997329711914,0.143600001931190491,0.166700005531311035,0.263000011444091797,0.223399996757507324,0.123899996280670166,0.0869000032544136047,0.209199994802474976,0.149900004267692566,0.0675999969244003296,0.0899000018835067749,0.0926999971270561218,0.065800003707408905,0.0086000002920627594,0.0216000005602836609,0.0153000000864267349,0.0120999999344348907,0.00960000045597553253,0.0196000002324581146,0.00419999985024333,0.00659999996423721313,0.0098999999463558197,0.00829999987035989761,0.0124000003561377525
0.0711999982595443726,0.0900999978184700012,0.127599999308586121,0.149700000882148743,0.12839999794960022,0.116499997675418854,0.128499999642372131,0.168400004506111145,0.182999998331069946,0.212699994444847107,0.289099991321563721,0.398499995470046997,0.457599997520446777,0.582099974155426025,0.502699971199035645,0.193000003695487976,0.257899999618530273,0.317699998617172241,0.274500012397766113,0.618600010871887207,0.895799994468688965,0.744199991226196289,0.518800020217895508,0.281100004911422729,0.177300006151199341,0.660700023174285889,0.757600009441375732,0.512199997901916504,0.470099985599517822,0.547900021076202393,0.43470001220703125,0.127599999308586121,0.0846000015735626221,0.0926999971270561218,0.0313000008463859558,0.0997999981045722961,0.17810000479221344,0.158600002527236938,0.300099998712539673,0.220799997448921204,0.145500004291534424,0.289499998092651367,0.320300012826919556,0.141399994492530823,0.0628999993205070496,0.0733999982476234436,0.0804999992251396179,0.0608000010251998901,0.0564999990165233612,0.0285999998450279236,0.0153999999165534973,0.0153999999165534973,0.0155999995768070221,0.00540000014007091522,0.00300000002607703209,0.00480000022798776627,0.00870000012218952179,0.0100999996066093445,0.00949999969452619553,0.00680000009015202522
0.0856000036001205444,0.0454000011086463928,0.0381999984383583069,0.0203000009059906006,0.0384999997913837433,0.0533999986946582794,0.214000001549720764,0.31099998950958252,0.283699989318847656,0.275099992752075195,0.270700007677078247,0.0945999994874000549,0.101999998092651367,0.451900005340576172,0.67369997501373291,0.669900000095367432,0.706600010395050049,0.563199996948242188,0.378500014543533325,0.272100001573562622,0.529699981212615967,0.769699990749359131,0.864300012588500977,0.93040001392364502,0.937200009822845459,0.624700009822845459,0.602400004863739014,0.680999994277954102,0.504700005054473877,0.577499985694885254,0.475400000810623169,0.23999999463558197,0.277900010347366333,0.199699997901916504,0.53049999475479126,0.740899980068206787,0.777499973773956299,0.4424000084400177,0.141599997878074646,0.350800007581710815,0.448199987411499023,0.420800000429153442,0.30540001392364502,0.223499998450279236,0.26109999418258667,0.279799997806549072,0.239199995994567871,0.202099993824958801,0.132599994540214539,0.0357999987900257111,0.0127999996766448021,0.0172000005841255188,0.0137999998405575752,0.00789999961853027344,0.00370000000111758709,0.00510000018402934074,0.0258000008761882782,0.0102000003680586815,0.00370000000111758709,0.00370000000111758709
0.0790000036358833313,0.0706999972462654114,0.0351999998092651367,0.165999993681907654,0.133000001311302185,0.022600000724196434,0.0771000012755393982,0.267800003290176392,0.566399991512298584,0.660899996757507324,0.500199973583221436,0.25830000638961792,0.165000006556510925,0.43470001220703125,0.451499998569488525,0.457899987697601318,0.336600005626678467,0.400000005960464478,0.532500028610229492,0.901000022888183594,0.993900001049041748,0.368900001049041748,0.101199999451637268,0.0248000007122755051,0.231800004839897156,0.398099988698959351,0.225899994373321533,0.524699985980987549,0.689800024032592773,0.831600010395050049,0.4325999915599823,0.374099999666213989,0.575600028038024902,0.804300010204315186,0.796299993991851807,0.717400014400482178,0.70560002326965332,0.814800024032592773,0.760100007057189941,0.603399991989135742,0.455399990081787109,0.47290000319480896,0.447800010442733765,0.37220001220703125,0.469300001859664917,0.383899986743927002,0.0768000036478042603,0.146699994802474976,0.0776999965310096741,0.0469000004231929779,0.0193000007420778275,0.0297999996691942215,0.0390000008046627045,0.0294000003486871719,0.017500000074505806,0.0249000005424022675,0.014100000262260437,0.00730000017210841179,0.00249999994412064552,0.0100999996066093445
0.020199999213218689,0.0104000000283122063,0.0324999988079071045,0.0239000003784894943,0.0807000026106834412,0.152899995446205139,0.115400001406669617,0.0608000010251998901,0.131699994206428528,0.136999994516372681,0.0842999964952468872,0.0269000008702278137,0.125400006771087646,0.304600000381469727,0.558399975299835205,0.797299981117248535,0.834100008010864258,0.805700004100799561,0.861599981784820557,0.876900017261505127,0.941299974918365479,0.94029998779296875,0.940900027751922607,1,0.972500026226043701,0.930899977684020996,0.935100018978118896,0.731700003147125244,0.442099988460540771,0.324400007724761963,0.416099995374679565,0.461100012063980103,0.403100013732910156,0.300000011920928955,0.245900005102157593,0.134800001978874207,0.254099994897842407,0.225500002503395081,0.15979999303817749,0.148499995470046997,0.0844999998807907104,0.0568999983370304108,0.0855000019073486328,0.126200005412101746,0.115299999713897705,0.0570000000298023224,0.042599998414516449,0.0425000004470348358,0.0234999991953372955,0.000600000028498470783,0.0187999997287988663,0.0126999998465180397,0.00810000021010637283,0.00669999979436397552,0.0043000001460313797,0.00650000013411045074,0.00490000005811452866,0.00540000014007091522,0.00730000017210841179,0.00540000014007091522
0.0443000011146068573,0.0445999987423419952,0.0234999991953372955,0.100800000131130219,0.225199997425079346,0.26109999418258667,0.206100001931190491,0.166800007224082947,0.180099993944168091,0.308299988508224487,0.379400014877319336,0.536400020122528076,0.617299973964691162,0.784200012683868408,0.839200019836425781,0.901600003242492676,1,0.891099989414215088,0.875299990177154541,0.788600027561187744,0.715600013732910156,0.758099973201751709,0.637199997901916504,0.321000009775161743,0.207599997520446777,0.227899998426437378,0.330900013446807861,0.284700006246566772,0.194900006055831909,0.167099997401237488,0.102499999105930328,0.136199995875358582,0.22120000422000885,0.112400002777576447,0.167699992656707764,0.1039000004529953,0.25619998574256897,0.262400001287460327,0.223600000143051147,0.118000000715255737,0.11029999703168869,0.283100008964538574,0.238499999046325684,0.0254999995231628418,0.196700006723403931,0.148300006985664368,0.0434000007808208466,0.0627000033855438232,0.05130000039935112,0.0472999997437000275,0.0248000007122755051,0.0274000000208616257,0.0205000005662441254,0.014100000262260437,0.0185000002384185791,0.00549999997019767761,0.00449999980628490448,0.0115000000223517418,0.0152000002562999725,0.00999999977648258209
0.0190999992191791534,0.0173000004142522812,0.0291000008583068848,0.0300999991595745087,0.0463000014424324036,0.0689999982714653015,0.0575999990105628967,0.11029999703168869,0.24230000376701355,0.313400000333786011,0.478599995374679565,0.523899972438812256,0.439300000667572021,0.344000011682510376,0.28690001368522644,0.388900011777877808,0.442000001668930054,0.389200001955032349,0.408800005912780762,0.500599980354309082,0.727100014686584473,0.938499987125396729,1,0.983099997043609619,0.993200004100799561,0.916100025177001953,0.823700010776519775,0.695699989795684814,0.453599989414215088,0.328099995851516724,0.252200007438659668,0.396400004625320435,0.415399998426437378,0.330799996852874756,0.144500002264976501,0.192300006747245789,0.32080000638961792,0.336699992418289185,0.568300008773803711,0.550499975681304932,0.323100000619888306,0.04479999840259552,0.31310001015663147,0.338699996471405029,0.412999987602233887,0.36390000581741333,0.20690000057220459,0.0859000012278556824,0.0599999986588954926,0.0266999993473291397,0.0125000001862645149,0.00400000018998980522,0.0136000001803040504,0.0137000000104308128,0.0172000005841255188,0.0131999999284744263,0.0109999999403953552,0.0121999997645616531,0.0114000001922249794,0.00680000009015202522
0.0261000003665685654,0.0265999995172023773,0.0222999993711709976,0.0749000012874603271,0.136399999260902405,0.151299998164176941,0.13160000741481781,0.165399998426437378,0.186399996280670166,0.201299995183944702,0.289000004529953003,0.365000009536743164,0.351000010967254639,0.349500000476837158,0.432500004768371582,0.539799988269805908,0.62370002269744873,0.687600016593933105,0.732900023460388184,0.810699999332427979,0.839600026607513428,0.863200008869171143,0.874700009822845459,0.960699975490570068,0.971599996089935303,0.912100017070770264,0.857599973678588867,0.879800021648406982,0.772000014781951904,0.571099996566772461,0.42640000581741333,0.28600001335144043,0.311399996280670166,0.206599995493888855,0.116499997675418854,0.0185000002384185791,0.130199998617172241,0.247999995946884155,0.163699999451637268,0.11029999703168869,0.214399993419647217,0.203299999237060547,0.188700005412101746,0.136999994516372681,0.13760000467300415,0.0307000000029802322,0.0373000018298625946,0.0606000013649463654,0.0399000011384487152,0.0168999992311000824,0.0135000003501772881,0.0221999995410442352,0.017500000074505806,0.0126999998465180397,0.00219999998807907104,0.0124000003561377525,0.00540000014007091522,0.002099999925121665,0.00279999990016222,0.00230000005103647709
0.0151000004261732101,0.0320000015199184418,0.0599000006914138794,0.104999996721744537,0.116300001740455627,0.173399999737739563,0.167899996042251587,0.111900001764297485,0.0888999998569488525,0.120499998331069946,0.0847000032663345337,0.151800006628036499,0.230499997735023499,0.279300004243850708,0.340400010347366333,0.452699989080429077,0.694999992847442627,0.880699992179870605,0.915400028228759766,0.754199981689453125,0.67360001802444458,0.714600026607513428,0.833500027656555176,0.770099997520446777,0.699299991130828857,0.65429997444152832,0.504000008106231689,0.492599993944168091,0.499199986457824707,0.416099995374679565,0.163100004196166992,0.0403999984264373779,0.0636999979615211487,0.296200007200241089,0.360900014638900757,0.186599999666213989,0.0476000010967254639,0.149700000882148743,0.240500003099441528,0.197999998927116394,0.317499995231628418,0.237900003790855408,0.171599999070167542,0.155900001525878906,0.155599996447563171,0.0421999990940093994,0.0493000000715255737,0.0476000010967254639,0.0219000000506639481,0.00590000022202730179,0.0086000002920627594,0.00609999988228082657,0.00150000001303851604,0.00839999970048666,0.0127999996766448021,0.00540000014007091522,0.00109999999403953552,0.00190000003203749657,0.00230000005103647709,0.00620000017806887627
0.0181000009179115295,0.0146000003442168236,0.00260000000707805157,0.014100000262260437,0.0421000011265277863,0.0472999997437000275,0.0361000001430511475,0.074100002646446228,0.139799997210502625,0.104500003159046173,0.0904000028967857361,0.0671000033617019653,0.0996999964118003845,0.10559999942779541,0.0346000008285045624,0.123099997639656067,0.162599995732307434,0.365200012922286987,0.326200008392333984,0.299499988555908203,0.210899993777275085,0.210400000214576721,0.208499997854232788,0.228200003504753113,0.0746999979019165039,0.19689999520778656,0.408600002527236938,0.638499975204467773,0.796999990940093994,0.750800013542175293,0.551699995994567871,0.221399992704391479,0.467200011014938354,0.447899997234344482,0.229699999094009399,0.323500007390975952,0.448000013828277588,0.558099985122680664,0.652000010013580322,0.535399973392486572,0.247799992561340332,0.226799994707107544,0.178800001740455627,0.0898000001907348633,0.0535999983549118042,0.0373999997973442078,0.098999999463558197,0.0956000015139579773,0.0317000001668930054,0.0142000000923871994,0.00760000012814998627,0.0222999993711709976,0.0254999995231628418,0.0144999995827674866,0.0232999995350837708,0.00410000002011656761,0.00179999996908009052,0.00480000022798776627,0.00889999978244304657,0.00850000046193599701
0.013399999588727951,0.0172000005841255188,0.0177999995648860931,0.0362999998033046722,0.0443999990820884705,0.074400000274181366,0.0799999982118606567,0.0456000007688999176,0.0368000008165836334,0.125,0.240500003099441528,0.232500001788139343,0.252299994230270386,0.147200003266334534,0.0668999999761581421,0.109999999403953552,0.235300004482269287,0.328200012445449829,0.441599994897842407,0.516700029373168945,0.650799989700317383,0.77929997444152832,0.797800004482269287,0.778599977493286133,0.858699977397918701,0.932099997997283936,0.945399999618530273,0.864499986171722412,0.722000002861022949,0.485000014305114746,0.135700002312660217,0.295100003480911255,0.471500009298324585,0.603600025177001953,0.808300018310546875,0.986999988555908203,0.879999995231628418,0.641099989414215088,0.427599996328353882,0.270200014114379883,0.264200001955032349,0.334199994802474976,0.433499991893768311,0.454199999570846558,0.395999997854232788,0.252499997615814209,0.108400002121925354,0.037200000137090683,0.0285999998450279236,0.0098999999463558197,0.00460000010207295418,0.00939999986439943314,0.00480000022798776627,0.00469999993219971657,0.00159999995958060026,0.000799999979790300131,0.00419999985024333,0.00240000011399388313,0.00270000007003545761,0.00410000002011656761
0.0228000003844499588,0.0852999985218048096,0.100000001490116119,0.0428000018000602722,0.111699998378753662,0.165099993348121643,0.159700006246566772,0.211600005626678467,0.329499989748001099,0.351700007915496826,0.333000004291534424,0.364300012588500977,0.402000010013580322,0.473100006580352783,0.519599974155426025,0.657299995422363281,0.842599987983703613,0.847599983215332031,0.834399998188018799,0.845300018787384033,0.79989999532699585,0.853699982166290283,0.964200019836425781,1,0.935699999332427979,0.940900027751922607,0.90700000524520874,0.710399985313415527,0.63200002908706665,0.566699981689453125,0.350100010633468628,0.244699999690055847,0.16979999840259552,0.328999996185302734,0.367399990558624268,0.233099997043609619,0.241300001740455627,0.255600005388259888,0.18919999897480011,0.194000005722045898,0.307399988174438477,0.278499990701675415,0.0307999998331069946,0.123800002038478851,0.185399994254112244,0.175300002098083496,0.107900001108646393,0.0728000029921531677,0.0241999998688697815,0.0190999992191791534,0.0159000009298324585,0.0172000005841255188,0.0190999992191791534,0.026000000536441803,0.0140000004321336746,0.0125000001862645149,0.0115999998524785042,0.00930000003427267075,0.00120000005699694157,0.00359999993816018105
