-1.14600002765655518,-0.734000027179718018,-1.1390000581741333,-0.551999986171722412,-0.606000006198883057,-0.393999993801116943,-0.716000020503997803,-0.698000013828277588,-0.577000021934509277,-1.09700000286102295,-1.14600002765655518,-0.820999979972839355,-0.912999987602233887,-0.799000024795532227,-0.759999990463256836,-0.815999984741210938,-0.96799999475479126,-0.845000028610229492,-0.815999984741210938,-0.982999980449676514,-1.14600002765655518,-1.0130000114440918,-0.947000026702880859,-0.949999988079071045,-0.870999991893768311,-0.819999992847442627,-0.990000009536743164,-0.892000019550323486,-0.848999977111816406,-0.912000000476837158,-1.14600002765655518,-0.799000024795532227,-0.934000015258789062,-0.77499997615814209,-0.765999972820281982,-0.860000014305114746,-0.948000013828277588,-0.847000002861022949,-0.848999977111816406,-1.05999994277954102
-1.04700005054473877,-0.472000002861022949,-0.155000001192092896,-0.181999996304512024,-0.0199999995529651642,0.0219999998807907104,-0.444999992847442627,-0.0740000009536743164,0.026000000536441803,-0.116999998688697815,-1.04700005054473877,-0.384999990463256836,0.181999996304512024,-0.509000003337860107,-0.206000000238418579,-0.365000009536743164,-0.465000003576278687,-0.148000001907348633,-0.173999994993209839,0.0879999995231628418,-1.04700005054473877,-0.504000008106231689,-0.0370000004768371582,-0.0630000010132789612,0.0570000000298023224,0.0280000008642673492,-0.384999990463256836,-0.115999996662139893,-0.034000001847743988,-0.00200000009499490261,-1.04700005054473877,-0.400000005960464478,0.156000003218650818,-0.526000022888183594,-0.211999997496604919,-0.402999997138977051,-0.474000006914138794,-0.174999997019767761,-0.192000001668930054,0.090999998152256012
-1.28799998760223389,-1.01199996471405029,-1.09500002861022949,-0.906000018119812012,-0.848999977111816406,-0.776000022888183594,-1.00999999046325684,-0.888000011444091797,-0.842000007629394531,-1.07899999618530273,-1.28799998760223389,-0.912999987602233887,-0.925999999046325684,-0.875,-0.78600001335144043,-0.829999983310699463,-1.03799998760223389,-0.864000022411346436,-0.842000007629394531,-0.998000025749206543,-1.28799998760223389,-0.971000015735626221,-1.11500000953674316,-0.875999987125396729,-0.81800001859664917,-0.737999975681304932,-0.989000022411346436,-0.853999972343444824,-0.825999975204467773,-1.1260000467300415,-1.28799998760223389,-0.97500002384185791,-0.944999992847442627,-0.934000015258789062,-0.83899998664855957,-0.888000011444091797,-1.09300005435943604,-0.934000015258789062,-0.925000011920928955,-1.08099997043609619
-1.25399994850158691,-0.726000010967254639,-0.652999997138977051,-0.569000005722045898,-0.393999993801116943,-0.277000010013580322,-0.790000021457672119,-0.56400001049041748,-0.465999990701675415,-0.746999979019165039,-1.25399994850158691,-0.853999972343444824,-0.680000007152557373,-0.825999975204467773,-0.634999990463256836,-0.688000023365020752,-1.01100003719329834,-0.748000025749206543,-0.699999988079071045,-0.791999995708465576,-1.25399994850158691,-1.0010000467300415,-0.968999981880187988,-0.896000027656555176,-0.785000026226043701,-0.69300001859664917,-1.00199997425079346,-0.847000002861022949,-0.777000010013580322,-0.945999979972839355,-1.25399994850158691,-0.855000019073486328,-0.634999990463256836,-0.81800001859664917,-0.620000004768371582,-0.652999997138977051,-0.973999977111816406,-0.712999999523162842,-0.652000010013580322,-0.726000010967254639
-1.24199998378753662,-0.794000029563903809,-1.18400001525878906,-0.666000008583068848,-0.686999976634979248,-0.449999988079071045,-0.832000017166137695,-0.755999982357025146,-0.652000010013580322,-1.16600000858306885,-1.24199998378753662,-0.894999980926513672,-0.97500002384185791,-0.861000001430511475,-0.823000013828277588,-0.878000020980834961,-1.02999997138977051,-0.902000010013580322,-0.875,-1.04400002956390381,-1.24199998378753662,-1.11399996280670166,-1.02600002288818359,-1.0559999942779541,-0.953999996185302734,-0.897000014781951904,-1.10599994659423828,-1,-0.954999983310699463,-1.02199995517730713,-1.24199998378753662,-0.859000027179718018,-1.0130000114440918,-0.841000020503997803,-0.81400001049041748,-0.890999972820281982,-0.998000025749206543,-0.876999974250793457,-0.857999980449676514,-1.04799997806549072
-1.16100001335144043,-0.579999983310699463,-0.112000003457069397,-0.328000009059906006,-0.0540000014007091522,-0.0390000008046627045,-0.56099998950958252,-0.115000002086162567,-0.0949999988079071045,-0.0839999988675117493,-1.16100001335144043,-0.46399998664855957,0.177000001072883606,-0.550000011920928955,-0.178000003099441528,-0.310000002384185791,-0.528999984264373779,-0.112999998033046722,-0.142000004649162292,0.153999999165534973,-1.16100001335144043,-0.497000008821487427,-0.0230000000447034836,-0.193000003695487976,-0.00600000005215406418,0.00400000018998980522,-0.474000006914138794,-0.114000000059604645,-0.026000000536441803,-0.0270000007003545761,-1.16100001335144043,-0.455000013113021851,0.221000000834465027,-0.538999974727630615,-0.194000005722045898,-0.323000013828277588,-0.523000001907348633,-0.108000002801418304,-0.144999995827674866,0.144999995827674866
-1.17599999904632568,-0.712000012397766113,-1.15600001811981201,-0.522000014781951904,-0.572000026702880859,-0.372999995946884155,-0.667999982833862305,-0.662000000476837158,-0.584999978542327881,-1.1239999532699585,-1.17599999904632568,-0.81099998950958252,-0.912000000476837158,-0.795000016689300537,-0.751999974250793457,-0.855000019073486328,-0.962000012397766113,-0.829999983310699463,-0.832000017166137695,-1.02300000190734863,-1.17599999904632568,-1.03100001811981201,-0.949999988079071045,-0.97500002384185791,-0.883000016212463379,-0.846000015735626221,-1.03999996185302734,-0.930000007152557373,-0.889999985694885254,-0.96799999475479126,-1.17599999904632568,-0.745999991893768311,-0.959999978542327881,-0.745999991893768311,-0.759000003337860107,-0.874000012874603271,-0.920000016689300537,-0.81099998950958252,-0.801999986171722412,-1
-1.0690000057220459,-0.393000006675720215,-0.375999987125396729,-0.257999986410140991,-0.14100000262260437,-0.107000000774860382,-0.481999993324279785,-0.231000006198883057,-0.152999997138977051,-0.40700000524520874,-1.0690000057220459,-0.428999990224838257,-0.052000001072883606,-0.497000008821487427,-0.259999990463256836,-0.456999987363815308,-0.606000006198883057,-0.280000001192092896,-0.296999990940093994,-0.208000004291534424,-1.0690000057220459,-0.504999995231628418,-0.598999977111816406,-0.277000010013580322,-0.210999995470046997,-0.0469999983906745911,-0.528999984264373779,-0.347000002861022949,-0.160999998450279236,-0.563000023365020752,-1.0690000057220459,-0.537999987602233887,-0.0900000035762786865,-0.555999994277954102,-0.254000008106231689,-0.372999995946884155,-0.675999999046325684,-0.310000002384185791,-0.29800000786781311,-0.210999995470046997
-0.961000025272369385,-0.674000024795532227,-0.596000015735626221,-0.495999991893768311,-0.398000001907348633,-0.300000011920928955,-0.671999990940093994,-0.490999996662139893,-0.400999993085861206,-0.635999977588653564,-0.961000025272369385,-0.656000018119812012,-0.425000011920928955,-0.560000002384185791,-0.382999986410140991,-0.335999995470046997,-0.722000002861022949,-0.504000008106231689,-0.418000012636184692,-0.509999990463256836,-0.961000025272369385,-0.741999983787536621,-0.709999978542327881,-0.586000025272369385,-0.474999994039535522,-0.319000005722045898,-0.712999999523162842,-0.56800001859664917,-0.441000014543533325,-0.660000026226043701,-0.961000025272369385,-0.703999996185302734,-0.550999999046325684,-0.625999987125396729,-0.46399998664855957,-0.437000006437301636,-0.781000018119812012,-0.569000005722045898,-0.495999991893768311,-0.603999972343444824
-1.17700004577636719,-0.791000008583068848,-1.23500001430511475,-0.601000010967254639,-0.680000007152557373,-0.43599998950958252,-0.749000012874603271,-0.77499997615814209,-0.65700000524520874,-1.22699999809265137,-1.17700004577636719,-0.828999996185302734,-0.958000004291534424,-0.809000015258789062,-0.788999974727630615,-0.873000025749206543,-0.977999985218048096,-0.866999983787536621,-0.852999985218048096,-1.04900002479553223,-1.17700004577636719,-1.00600004196166992,-0.913999974727630615,-0.947000026702880859,-0.834999978542327881,-0.771000027656555176,-1.02699995040893555,-0.893000006675720215,-0.845000028610229492,-0.927999973297119141,-1.17700004577636719,-0.802999973297119141,-0.981000006198883057,-0.781000018119812012,-0.796000003814697266,-0.879999995231628418,-0.961000025272369385,-0.865999996662139893,-0.845000028610229492,-1.04100000858306885
-0.96799999475479126,-0.384000003337860107,-0.349000006914138794,-0.175999999046325684,-0.0930000022053718567,-0.043000001460313797,-0.425999999046325684,-0.197999998927116394,-0.0900000035762786865,-0.349999994039535522,-0.96799999475479126,-0.518000006675720215,-0.264999985694885254,-0.531000018119812012,-0.331999987363815308,-0.430999994277954102,-0.683000028133392334,-0.414000004529953003,-0.386000007390975952,-0.381000012159347534,-0.96799999475479126,-0.551999986171722412,-0.558000028133392334,-0.379000008106231689,-0.31099998950958252,-0.259000003337860107,-0.527000010013580322,-0.391999989748001099,-0.308999985456466675,-0.550000011920928955,-0.96799999475479126,-0.437999993562698364,-0.134000003337860107,-0.481000006198883057,-0.261000007390975952,-0.425999999046325684,-0.595000028610229492,-0.289999991655349731,-0.321000009775161743,-0.254000008106231689
-1.1239999532699585,-0.837000012397766113,-0.925999999046325684,-0.735000014305114746,-0.671999990940093994,-0.606000006198883057,-0.84299999475479126,-0.71799999475479126,-0.686999976634979248,-0.949999988079071045,-1.1239999532699585,-0.776000022888183594,-0.828999996185302734,-0.760999977588653564,-0.704999983310699463,-0.787000000476837158,-0.927999973297119141,-0.779999971389770508,-0.778999984264373779,-0.941999971866607666,-1.1239999532699585,-0.792999982833862305,-1.05200004577636719,-0.691999971866607666,-0.714999973773956299,-0.653999984264373779,-0.805000007152557373,-0.732999980449676514,-0.71399998664855957,-1.05299997329711914,-1.1239999532699585,-0.782999992370605469,-0.726999998092651367,-0.745000004768371582,-0.643000006675720215,-0.697000026702880859,-0.906000018119812012,-0.726999998092651367,-0.702000021934509277,-0.839999973773956299
-1.18499994277954102,-0.615999996662139893,-0.488000005483627319,-0.349999994039535522,-0.248999997973442078,-0.0820000022649765015,-0.572000026702880859,-0.388000011444091797,-0.199000000953674316,-0.442000001668930054,-1.18499994277954102,-0.739000022411346436,-0.402999997138977051,-0.71799999475479126,-0.485000014305114746,-0.533999979496002197,-0.865999996662139893,-0.564999997615814209,-0.497999995946884155,-0.490999996662139893,-1.18499994277954102,-0.768000006675720215,-0.718999981880187988,-0.597000002861022949,-0.469000011682510376,-0.360000014305114746,-0.750999987125396729,-0.569999992847442627,-0.490999996662139893,-0.773999989032745361,-1.18499994277954102,-0.598999977111816406,-0.375999987125396729,-0.601999998092651367,-0.393999993801116943,-0.523999989032745361,-0.755999982357025146,-0.45199999213218689,-0.409999996423721313,-0.414000004529953003
-1.04600000381469727,-0.533999979496002197,-0.405000001192092896,-0.324000000953674316,-0.218999996781349182,-0.0820000022649765015,-0.540000021457672119,-0.31400001049041748,-0.163000002503395081,-0.40700000524520874,-1.04600000381469727,-0.654999971389770508,-0.330000013113021851,-0.648000001907348633,-0.42300000786781311,-0.503000020980834961,-0.791999995708465576,-0.497999995946884155,-0.46799999475479126,-0.465000003576278687,-1.04600000381469727,-0.689999997615814209,-0.739000022411346436,-0.546999990940093994,-0.490999996662139893,-0.41100001335144043,-0.654999971389770508,-0.527999997138977051,-0.462000012397766113,-0.68199998140335083,-1.04600000381469727,-0.56800001859664917,-0.307999998331069946,-0.593999981880187988,-0.352999985218048096,-0.493999987840652466,-0.737999975681304932,-0.430000007152557373,-0.412000000476837158,-0.449999988079071045
-1.21800005435943604,-0.647000014781951904,-0.42300000786781311,-0.316000014543533325,-0.137999996542930603,-0.108000002801418304,-0.550000011920928955,-0.27000001072883606,-0.159999996423721313,-0.300000011920928955,-1.21800005435943604,-0.46799999475479126,-0.14100000262260437,-0.535000026226043701,-0.305000007152557373,-0.53200000524520874,-0.509000003337860107,-0.23399999737739563,-0.263000011444091797,-0.101000003516674042,-1.21800005435943604,-0.481000006198883057,-0.15700000524520874,-0.112000003457069397,-0.0410000011324882507,-0.0299999993294477463,-0.515999972820281982,-0.170000001788139343,-0.118000000715255737,-0.234999999403953552,-1.21800005435943604,-0.451000005006790161,-0.0759999975562095642,-0.508000016212463379,-0.264999985694885254,-0.46799999475479126,-0.550999999046325684,-0.245000004768371582,-0.243000000715255737,-0.131999999284744263
-1.23099994659423828,-0.509999990463256836,-0.331999987363815308,-0.331000000238418579,-0.330000013113021851,-0.31099998950958252,-0.486000001430511475,-0.375999987125396729,-0.310000002384185791,-0.317999988794326782,-1.23099994659423828,-0.33899998664855957,-0.134000003337860107,-0.574999988079071045,-0.312999993562698364,-0.587999999523162842,-0.439999997615814209,-0.256999999284744263,-0.207000002264976501,-0.107000000774860382,-1.23099994659423828,-0.602999985218048096,-1.23000001907348633,-0.418000012636184692,-0.513999998569488525,-0.212999999523162842,-0.596000015735626221,-0.675999999046325684,-0.527999997138977051,-1.23199999332427979,-1.23099994659423828,-0.587000012397766113,-0.836000025272369385,-0.583999991416931152,-0.648000001907348633,-0.787000000476837158,-0.763000011444091797,-0.694999992847442627,-0.623000025749206543,-0.804000020027160645
-1.19900000095367432,-0.639999985694885254,-0.425000011920928955,-0.365999996662139893,-0.238000005483627319,-0.125,-0.598999977111816406,-0.331999987363815308,-0.207000002264976501,-0.425000011920928955,-1.19900000095367432,-0.726000010967254639,-0.433999985456466675,-0.666999995708465576,-0.444000005722045898,-0.517000019550323486,-0.819999992847442627,-0.509000003337860107,-0.470999985933303833,-0.514999985694885254,-1.19900000095367432,-0.791000008583068848,-0.771000027656555176,-0.633000016212463379,-0.523000001907348633,-0.409999996423721313,-0.791000008583068848,-0.606000006198883057,-0.505999982357025146,-0.75700002908706665,-1.19900000095367432,-0.660000026226043701,-0.456999987363815308,-0.643999993801116943,-0.43900001049041748,-0.569000005722045898,-0.81400001049041748,-0.513999998569488525,-0.493000000715255737,-0.560000002384185791
-1.1390000581741333,-0.646000027656555176,-0.773999989032745361,-0.5,-0.416999995708465576,-0.259999990463256836,-0.672999978065490723,-0.513999998569488525,-0.428000003099441528,-0.813000023365020752,-1.1390000581741333,-0.754000008106231689,-0.570999979972839355,-0.71799999475479126,-0.546999990940093994,-0.606000006198883057,-0.89999997615814209,-0.648999989032745361,-0.63200002908706665,-0.736000001430511475,-1.1390000581741333,-0.859000027179718018,-0.982999980449676514,-0.75700002908706665,-0.708000004291534424,-0.615999996662139893,-0.875999987125396729,-0.755999982357025146,-0.708999991416931152,-0.990000009536743164,-1.1390000581741333,-0.68199998140335083,-0.504000008106231689,-0.674000024795532227,-0.474999994039535522,-0.519999980926513672,-0.841000020503997803,-0.573000013828277588,-0.5,-0.550999999046325684
0.0140000004321336746,0.017000000923871994,-0.172000005841255188,0.180000007152557373,0.0879999995231628418,0.0640000030398368835,0.086000002920627594,0.0309999994933605194,0.0810000002384185791,-0.185000002384185791,0.0140000004321336746,0.0189999993890523911,0.133000001311302185,-0.282999992370605469,-0.202000007033348083,-0.46799999475479126,-0.347999989986419678,-0.222000002861022949,-0.284999996423721313,-0.215000003576278687,0.0140000004321336746,0.086000002920627594,-0.479000002145767212,0.273999989032745361,-0.052000001072883606,0.0460000000894069672,0.155000001192092896,-0.0529999993741512299,0.0419999994337558746,-0.31099998950958252,0.0140000004321336746,0.162000000476837158,0.307999998331069946,-0.00999999977648258209,0.0640000030398368835,-0.174999997019767761,-0.232999995350837708,-0.0759999975562095642,-0.160999998450279236,-0.203999996185302734
-1.11899995803833008,-0.78600001335144043,-0.912000000476837158,-0.671999990940093994,-0.602999985218048096,-0.490999996662139893,-0.796000003814697266,-0.656000018119812012,-0.603999972343444824,-0.925000011920928955,-1.11899995803833008,-0.754000008106231689,-0.810000002384185791,-0.702000021934509277,-0.638000011444091797,-0.712999999523162842,-0.851000010967254639,-0.698000013828277588,-0.702000021934509277,-0.890999972820281982,-1.11899995803833008,-0.833999991416931152,-1.07099997997283936,-0.711000025272369385,-0.731999993324279785,-0.638999998569488525,-0.779999971389770508,-0.726000010967254639,-0.707000017166137695,-1.02499997615814209,-1.11899995803833008,-0.790000021457672119,-0.746999979019165039,-0.71799999475479126,-0.620999991893768311,-0.635999977588653564,-0.851000010967254639,-0.691999971866607666,-0.654999971389770508,-0.787999987602233887
-1.11300003528594971,-0.630999982357025146,-0.794000029563903809,-0.477999985218048096,-0.43599998950958252,-0.296000003814697266,-0.658999979496002197,-0.53600001335144043,-0.428999990224838257,-0.792999982833862305,-1.11300003528594971,-0.714999973773956299,-0.546999990940093994,-0.71399998664855957,-0.544000029563903809,-0.609000027179718018,-0.885999977588653564,-0.638999998569488525,-0.601000010967254639,-0.65700000524520874,-1.11300003528594971,-0.888000011444091797,-1.04100000858306885,-0.739000022411346436,-0.730000019073486328,-0.579999983310699463,-0.843999981880187988,-0.781000018119812012,-0.689999997615814209,-0.967000007629394531,-1.11300003528594971,-0.732999980449676514,-0.578999996185302734,-0.68900001049041748,-0.538999974727630615,-0.612999975681304932,-0.847999989986419678,-0.624000012874603271,-0.597000002861022949,-0.68199998140335083
-1.16999995708465576,-0.572000026702880859,-0.25,-0.379000008106231689,-0.166999995708465576,-0.115999996662139893,-0.550999999046325684,-0.241999998688697815,-0.15700000524520874,-0.209000006318092346,-1.16999995708465576,-0.523000001907348633,-0.303999990224838257,-0.574999988079071045,-0.352999985218048096,-0.583999991416931152,-0.614000022411346436,-0.317999988794326782,-0.331000000238418579,-0.307999998331069946,-1.16999995708465576,-0.712000012397766113,-0.823000013828277588,-0.53200000524520874,-0.404000014066696167,-0.307999998331069946,-0.698000013828277588,-0.518999993801116943,-0.442000001668930054,-0.842000007629394531,-1.16999995708465576,-0.60000002384185791,-0.256000012159347534,-0.634999990463256836,-0.340000003576278687,-0.488000005483627319,-0.754000008106231689,-0.400000005960464478,-0.372999995946884155,-0.356000006198883057
-1.03400003910064697,-0.389999985694885254,-0.136000007390975952,-0.0560000017285346985,0.0949999988079071045,0.0810000002384185791,-0.377000004053115845,-0.14699999988079071,-0.151999995112419128,-0.272000014781951904,-1.03400003910064697,-0.39100000262260437,0.129999995231628418,-0.483000010251998901,-0.186000004410743713,-0.340999990701675415,-0.47999998927116394,-0.144999995827674866,-0.187999993562698364,0.0610000006854534149,-1.03400003910064697,-0.416000008583068848,0.0839999988675117493,-0.148000001907348633,0.0640000030398368835,0.0250000003725290298,-0.40700000524520874,0.0209999997168779373,0.0719999969005584717,0.111000001430511475,-1.03400003910064697,-0.331000000238418579,0.0740000009536743164,-0.474999994039535522,-0.245000004768371582,-0.412000000476837158,-0.465000003576278687,-0.172000005841255188,-0.199000000953674316,0.0719999969005584717
-1.15600001811981201,-0.514999985694885254,-0.56099998950958252,-0.33899998664855957,-0.207000002264976501,-0.072999998927116394,-0.611999988555908203,-0.412999987602233887,-0.305999994277954102,-0.790000021457672119,-1.15600001811981201,-0.624000012874603271,-0.526000022888183594,-0.583999991416931152,-0.441000014543533325,-0.546000003814697266,-0.776000022888183594,-0.537000000476837158,-0.518000006675720215,-0.639999985694885254,-1.15600001811981201,-0.892000019550323486,-0.811999976634979248,-0.762000024318695068,-0.629999995231628418,-0.544000029563903809,-0.862999975681304932,-0.707000017166137695,-0.639999985694885254,-0.820999979972839355,-1.15600001811981201,-0.745999991893768311,-0.611999988555908203,-0.679000020027160645,-0.529999971389770508,-0.574999988079071045,-0.814999997615814209,-0.586000025272369385,-0.53200000524520874,-0.591000020503997803
-1.03600001335144043,-0.474000006914138794,-0.170000001788139343,-0.236000001430511475,-0.0900000035762786865,-0.098999999463558197,-0.46399998664855957,-0.193000003695487976,-0.0970000028610229492,-0.218999996781349182,-1.03600001335144043,-0.465999990701675415,0.0670000016689300537,-0.545000016689300537,-0.240999996662139893,-0.368999987840652466,-0.623000025749206543,-0.252000004053115845,-0.266999989748001099,-0.072999998927116394,-1.03600001335144043,-0.538999974727630615,-0.23399999737739563,-0.189999997615814209,-0.0930000022053718567,-0.14699999988079071,-0.56400001049041748,-0.245000004768371582,-0.108000002801418304,-0.216999992728233337,-1.03600001335144043,-0.460999995470046997,0.152999997138977051,-0.526000022888183594,-0.189999997615814209,-0.307999998331069946,-0.614000022411346436,-0.23399999737739563,-0.22800000011920929,-0.00200000009499490261
-1.15699994564056396,-0.802999973297119141,-0.814999997615814209,-0.68199998140335083,-0.578000009059906006,-0.519999980926513672,-0.819000005722045898,-0.674000024795532227,-0.643000006675720215,-0.958999991416931152,-1.15699994564056396,-0.791000008583068848,-0.722000002861022949,-0.745999991893768311,-0.640999972820281982,-0.674000024795532227,-0.920000016689300537,-0.736999988555908203,-0.691999971866607666,-0.805000007152557373,-1.15699994564056396,-0.785000026226043701,-0.944999992847442627,-0.647000014781951904,-0.597000002861022949,-0.476000010967254639,-0.800000011920928955,-0.660000026226043701,-0.602999985218048096,-0.976999998092651367,-1.15699994564056396,-0.769999980926513672,-0.546999990940093994,-0.74299997091293335,-0.565999984741210938,-0.583999991416931152,-0.902999997138977051,-0.640999972820281982,-0.583999991416931152,-0.609000027179718018
-1.13600003719329834,-0.657999992370605469,-0.388000011444091797,-0.404000014066696167,-0.206000000238418579,-0.158000007271766663,-0.640999972820281982,-0.310000002384185791,-0.238000005483627319,-0.361000001430511475,-1.13600003719329834,-0.497000008821487427,0.0160000007599592209,-0.552999973297119141,-0.272000014781951904,-0.405000001192092896,-0.565999984741210938,-0.219999998807907104,-0.243000000715255737,-0.017000000923871994,-1.13600003719329834,-0.509000003337860107,0.00100000004749745131,-0.143000006675720215,-0.00800000037997961044,-0.00999999977648258209,-0.400999993085861206,-0.0199999995529651642,-0.00300000002607703209,0.0109999999403953552,-1.13600003719329834,-0.518999993801116943,0.0379999987781047821,-0.538999974727630615,-0.23999999463558197,-0.351999998092651367,-0.596000015735626221,-0.231999993324279785,-0.224000006914138794,-0.0390000008046627045
-1.10199999809265137,-0.451000005006790161,-0.522000014781951904,-0.100000001490116119,-0.0769999995827674866,-0.0680000036954879761,-0.328000009059906006,-0.200000002980232239,-0.0379999987781047821,-0.307000011205673218,-1.10199999809265137,-0.515999972820281982,-0.218999996781349182,-0.550000011920928955,-0.347000002861022949,-0.528999984264373779,-0.580999970436096191,-0.307000011205673218,-0.303999990224838257,-0.178000003099441528,-1.10199999809265137,-0.792999982833862305,-0.439999997615814209,-0.612999975681304932,-0.39100000262260437,-0.230000004172325134,-0.78600001335144043,-0.490999996662139893,-0.351000010967254639,-0.407999992370605469,-1.10199999809265137,-0.456000000238418579,-0.0890000015497207642,-0.523999989032745361,-0.231999993324279785,-0.453000009059906006,-0.616999983787536621,-0.27000001072883606,-0.280000001192092896,-0.226999998092651367
-1.05999994277954102,-0.486000001430511475,-0.39500001072883606,-0.391999989748001099,-0.347000002861022949,-0.393000006675720215,-0.504999995231628418,-0.344000011682510376,-0.319000005722045898,-0.375,-1.05999994277954102,-0.361000001430511475,-0.101999998092651367,-0.61799997091293335,-0.280999988317489624,-0.574000000953674316,-0.514999985694885254,-0.252000004053115845,-0.237000003457069397,-0.152999997138977051,-1.05999994277954102,-0.509999990463256836,-1.28299999237060547,-0.340000003576278687,-0.514999985694885254,-0.204999998211860657,-0.45199999213218689,-0.601000010967254639,-0.462000012397766113,-1.16299998760223389,-1.05999994277954102,-0.481999993324279785,-0.75700002908706665,-0.517000019550323486,-0.573000013828277588,-0.746999979019165039,-0.683000028133392334,-0.611999988555908203,-0.555000007152557373,-0.740999996662139893
-1.30900001525878906,-0.700999975204467773,-0.257999986410140991,-0.433999985456466675,-0.153999999165534973,-0.0939999967813491821,-0.75,-0.296000003814697266,-0.206000000238418579,-0.254000008106231689,-1.30900001525878906,-0.578999996185302734,0.0610000006854534149,-0.575999975204467773,-0.207000002264976501,-0.305999994277954102,-0.686999976634979248,-0.23399999737739563,-0.241999998688697815,-0.00800000037997961044,-1.30900001525878906,-0.612999975681304932,-0.0439999997615814209,-0.287999987602233887,-0.0350000001490116119,-0.101000003516674042,-0.685000002384185791,-0.170000001788139343,-0.126000002026557922,-0.0769999995827674866,-1.30900001525878906,-0.598999977111816406,0.034000001847743988,-0.579999983310699463,-0.231000006198883057,-0.33899998664855957,-0.680000007152557373,-0.247999995946884155,-0.257999986410140991,-0.0529999993741512299
-1.19700002670288086,-0.569999992847442627,-0.22800000011920929,-0.395999997854232788,-0.165999993681907654,-0.115000002086162567,-0.578000009059906006,-0.259999990463256836,-0.156000003218650818,-0.165999993681907654,-1.19700002670288086,-0.546000003814697266,-0.300000011920928955,-0.584999978542327881,-0.35499998927116394,-0.579999983310699463,-0.640999972820281982,-0.354000002145767212,-0.356000006198883057,-0.287999987602233887,-1.19700002670288086,-0.740000009536743164,-0.820999979972839355,-0.538999974727630615,-0.448000013828277588,-0.370999991893768311,-0.709999978542327881,-0.528999984264373779,-0.444000005722045898,-0.769999980926513672,-1.19700002670288086,-0.630999982357025146,-0.307999998331069946,-0.646000027656555176,-0.352999985218048096,-0.495000004768371582,-0.771000027656555176,-0.421000003814697266,-0.375999987125396729,-0.370999991893768311
-1.35099995136260986,-0.78200000524520874,-0.671999990940093994,-0.601999998092651367,-0.425999999046325684,-0.324000000953674316,-0.81400001049041748,-0.549000024795532227,-0.433999985456466675,-0.711000025272369385,-1.35099995136260986,-0.888000011444091797,-0.672999978065490723,-0.827000021934509277,-0.612999975681304932,-0.657999992370605469,-1.0140000581741333,-0.723999977111816406,-0.671000003814697266,-0.783999979496002197,-1.35099995136260986,-1.00699996948242188,-1.01100003719329834,-0.861000001430511475,-0.722999989986419678,-0.586000025272369385,-1.01199996471405029,-0.815999984741210938,-0.723999977111816406,-1.01999998092651367,-1.35099995136260986,-0.810000002384185791,-0.500999987125396729,-0.751999974250793457,-0.499000012874603271,-0.564999997615814209,-0.91100001335144043,-0.583999991416931152,-0.523000001907348633,-0.555000007152557373
-0.898999989032745361,-0.421000003814697266,-0.379999995231628418,-0.22800000011920929,-0.187000006437301636,-0.14699999988079071,-0.412999987602233887,-0.243000000715255737,-0.158999994397163391,-0.395999997854232788,-0.898999989032745361,-0.53600001335144043,-0.247999995946884155,-0.527000010013580322,-0.363000005483627319,-0.423999994993209839,-0.695999979972839355,-0.455000013113021851,-0.439999997615814209,-0.430000007152557373,-0.898999989032745361,-0.52499997615814209,-0.583999991416931152,-0.358000010251998901,-0.323000013828277588,-0.268999993801116943,-0.512000024318695068,-0.393999993801116943,-0.33899998664855957,-0.619000017642974854,-0.898999989032745361,-0.433999985456466675,-0.328000009059906006,-0.488000005483627319,-0.374000012874603271,-0.558000028133392334,-0.647000014781951904,-0.437999993562698364,-0.45199999213218689,-0.483000010251998901
-0.887000024318695068,-0.33899998664855957,-0.432000011205673218,-0.189999997615814209,-0.0780000016093254089,-0.0450000017881393433,-0.393000006675720215,-0.202000007033348083,-0.128999993205070496,-0.391999989748001099,-0.887000024318695068,-0.405000001192092896,-0.209000006318092346,-0.518999993801116943,-0.303999990224838257,-0.488000005483627319,-0.699000000953674316,-0.379999995231628418,-0.372000008821487427,-0.388000011444091797,-0.887000024318695068,-0.643999993801116943,-0.389999985694885254,-0.512000024318695068,-0.293000012636184692,-0.182999998331069946,-0.662000000476837158,-0.391999989748001099,-0.277999997138977051,-0.363000005483627319,-0.887000024318695068,-0.439999997615814209,-0.202999994158744812,-0.545000016689300537,-0.314999997615814209,-0.495999991893768311,-0.625,-0.351999998092651367,-0.333999991416931152,-0.293999999761581421
-1.08599996566772461,-0.412999987602233887,-0.190999999642372131,-0.167999997735023499,-0.0579999983310699463,-0.10300000011920929,-0.48399999737739563,-0.150000005960464478,-0.10599999874830246,-0.203999996185302734,-1.08599996566772461,-0.352999985218048096,0.11900000274181366,-0.476000010967254639,-0.243000000715255737,-0.43900001049041748,-0.425000011920928955,-0.164000004529953003,-0.190999999642372131,0.100000001490116119,-1.08599996566772461,-0.481000006198883057,0.119999997317790985,-0.0460000000894069672,0.0450000017881393433,0.017000000923871994,-0.45199999213218689,0.00200000009499490261,0.0590000003576278687,0.195999994874000549,-1.08599996566772461,-0.379000008106231689,0.224999994039535522,-0.513000011444091797,-0.202000007033348083,-0.393999993801116943,-0.393000006675720215,-0.0769999995827674866,-0.167999997735023499,0.177000001072883606
-0.605000019073486328,-0.232999995350837708,-0.257999986410140991,-0.0289999991655349731,0.0820000022649765015,0.0680000036954879761,-0.374000012874603271,-0.247999995946884155,-0.23399999737739563,-0.509000003337860107,-0.605000019073486328,-0.264999985694885254,-0.114000000059604645,-0.370000004768371582,-0.192000001668930054,-0.305000007152557373,-0.598999977111816406,-0.333000004291534424,-0.323000013828277588,-0.367000013589859009,-0.605000019073486328,-0.446999996900558472,-0.208000004291534424,-0.333999991416931152,-0.175999999046325684,-0.0619999989867210388,-0.416999995708465576,-0.237000003457069397,-0.174999997019767761,-0.180000007152557373,-0.605000019073486328,-0.416000008583068848,-0.279000014066696167,-0.449000000953674316,-0.388000011444091797,-0.46399998664855957,-0.566999971866607666,-0.442000001668930054,-0.351999998092651367,-0.324000000953674316
-1.0820000171661377,-0.648999989032745361,-0.753000020980834961,-0.497000008821487427,-0.430000007152557373,-0.344999998807907104,-0.643000006675720215,-0.497999995946884155,-0.442999988794326782,-0.800000011920928955,-1.0820000171661377,-0.726000010967254639,-0.630999982357025146,-0.68199998140335083,-0.558000028133392334,-0.606000006198883057,-0.865000009536743164,-0.660000026226043701,-0.63200002908706665,-0.759999990463256836,-1.0820000171661377,-0.694999992847442627,-0.808000028133392334,-0.552999973297119141,-0.477999985218048096,-0.356999993324279785,-0.74299997091293335,-0.583000004291534424,-0.509999990463256836,-0.875999987125396729,-1.0820000171661377,-0.605000019073486328,-0.377999991178512573,-0.574999988079071045,-0.414000004529953003,-0.504999995231628418,-0.740000009536743164,-0.488000005483627319,-0.48399999737739563,-0.509000003337860107
-1.15400004386901855,-0.5,-0.254000008106231689,-0.317999988794326782,-0.156000003218650818,-0.0590000003576278687,-0.521000027656555176,-0.254999995231628418,-0.0869999974966049194,-0.162000000476837158,-1.15400004386901855,-0.486000001430511475,-0.10899999737739563,-0.549000024795532227,-0.296999990940093994,-0.499000012874603271,-0.589999973773956299,-0.266999989748001099,-0.284999996423721313,-0.138999998569488525,-1.15400004386901855,-0.63200002908706665,-0.736000001430511475,-0.467000007629394531,-0.372999995946884155,-0.280999988317489624,-0.660000026226043701,-0.474999994039535522,-0.405000001192092896,-0.773000001907348633,-1.15400004386901855,-0.528999984264373779,-0.090999998152256012,-0.574000000953674316,-0.263000011444091797,-0.430000007152557373,-0.652000010013580322,-0.300999999046325684,-0.289000004529953003,-0.207000002264976501
-1.10500001907348633,-0.705999970436096191,-0.759999990463256836,-0.574999988079071045,-0.490000009536743164,-0.414999991655349731,-0.712999999523162842,-0.572000026702880859,-0.529999971389770508,-0.865000009536743164,-1.10500001907348633,-0.749000012874603271,-0.737999975681304932,-0.730000019073486328,-0.640999972820281982,-0.75,-0.916999995708465576,-0.751999974250793457,-0.765999972820281982,-0.948000013828277588,-1.10500001907348633,-0.781000018119812012,-0.898999989032745361,-0.677999973297119141,-0.61799997091293335,-0.545000016689300537,-0.822000026702880859,-0.686999976634979248,-0.657999992370605469,-0.982999980449676514,-1.10500001907348633,-0.676999986171722412,-0.476999998092651367,-0.671999990940093994,-0.490999996662139893,-0.574000000953674316,-0.836000025272369385,-0.574999988079071045,-0.549000024795532227,-0.569000005722045898
-1.14499998092651367,-0.537000000476837158,-0.204999998211860657,-0.351999998092651367,-0.127000004053115845,-0.0719999969005584717,-0.527000010013580322,-0.219999998807907104,-0.0750000029802322388,-0.111000001430511475,-1.14499998092651367,-0.504000008106231689,-0.129999995231628418,-0.549000024795532227,-0.28600001335144043,-0.488999992609024048,-0.596000015735626221,-0.280000001192092896,-0.287999987602233887,-0.174999997019767761,-1.14499998092651367,-0.625999987125396729,-0.736000001430511475,-0.451000005006790161,-0.35499998927116394,-0.293999999761581421,-0.621999979019165039,-0.460999995470046997,-0.421000003814697266,-0.767000019550323486,-1.14499998092651367,-0.547999978065490723,-0.12200000137090683,-0.586000025272369385,-0.254999995231628418,-0.409000009298324585,-0.686999976634979248,-0.312000006437301636,-0.291999995708465576,-0.231999993324279785
-1.14199995994567871,-0.340000003576278687,-0.493999987840652466,-0.307000011205673218,-0.289999991655349731,-0.386000007390975952,-0.441000014543533325,-0.335000008344650269,-0.300999999046325684,-0.492000013589859009,-1.14199995994567871,-0.284000009298324585,-0.182999998331069946,-0.549000024795532227,-0.310000002384185791,-0.658999979496002197,-0.402999997138977051,-0.214000001549720764,-0.197999998927116394,-0.114000000059604645,-1.14199995994567871,-0.56800001859664917,-1.16900002956390381,-0.381999999284744263,-0.476000010967254639,-0.226999998092651367,-0.570999979972839355,-0.653999984264373779,-0.552999973297119141,-1.2359999418258667,-1.14199995994567871,-0.614000022411346436,-0.88200002908706665,-0.625,-0.656000018119812012,-0.819999992847442627,-0.754000008106231689,-0.69300001859664917,-0.658999979496002197,-0.820999979972839355
-1.24800002574920654,-1.01900005340576172,-1.08599996566772461,-0.938000023365020752,-0.884999990463256836,-0.84299999475479126,-1.01999998092651367,-0.912000000476837158,-0.898000001907348633,-1.11899995803833008,-1.24800002574920654,-0.842000007629394531,-0.919000029563903809,-0.810000002384185791,-0.75700002908706665,-0.837999999523162842,-0.972999989986419678,-0.820999979972839355,-0.823000013828277588,-1.00399994850158691,-1.24800002574920654,-0.897000014781951904,-1.13699996471405029,-0.776000022888183594,-0.759000003337860107,-0.634000003337860107,-0.897000014781951904,-0.792999982833862305,-0.755999982357025146,-1.12000000476837158,-1.24800002574920654,-0.957000017166137695,-0.948000013828277588,-0.912000000476837158,-0.837999999523162842,-0.898000001907348633,-1.05799996852874756,-0.921000003814697266,-0.925999999046325684,-1.09500002861022949
-1.24600005149841309,-0.578999996185302734,-0.370000004768371582,-0.432000011205673218,-0.319000005722045898,-0.324000000953674316,-0.619000017642974854,-0.379000008106231689,-0.300999999046325684,-0.375,-1.24600005149841309,-0.409999996423721313,-0.229000002145767212,-0.593999981880187988,-0.323000013828277588,-0.589999973773956299,-0.495000004768371582,-0.291999995708465576,-0.23399999737739563,-0.134000003337860107,-1.24600005149841309,-0.597000002861022949,-1.22000002861022949,-0.381000012159347534,-0.493000000715255737,-0.186000004410743713,-0.517000019550323486,-0.629000008106231689,-0.472000002861022949,-1.16999995708465576,-1.24600005149841309,-0.601999998092651367,-0.808000028133392334,-0.570999979972839355,-0.597000002861022949,-0.741999983787536621,-0.716000020503997803,-0.639999985694885254,-0.55699998140335083,-0.716000020503997803
-1.15999996662139893,-0.646000027656555176,-1.07099997997283936,-0.488000005483627319,-0.541999995708465576,-0.331999987363815308,-0.695999979972839355,-0.643000006675720215,-0.523000001907348633,-1.09300005435943604,-1.15999996662139893,-0.754000008106231689,-0.861000001430511475,-0.745999991893768311,-0.711000025272369385,-0.805000007152557373,-0.93599998950958252,-0.791000008583068848,-0.777000010013580322,-0.955999970436096191,-1.15999996662139893,-1.03100001811981201,-0.961000025272369385,-0.995000004768371582,-0.913999974727630615,-0.893000006675720215,-1.06099998950958252,-0.959999978542327881,-0.936999976634979248,-1.00600004196166992,-1.15999996662139893,-0.805999994277954102,-0.978999972343444824,-0.772000014781951904,-0.799000024795532227,-0.893999993801116943,-0.938000023365020752,-0.871999979019165039,-0.860000014305114746,-1.0549999475479126
-1.09500002861022949,-0.893000006675720215,-1.05299997329711914,-0.81099998950958252,-0.822000026702880859,-0.805000007152557373,-0.879999995231628418,-0.824000000953674316,-0.823000013828277588,-1.04700005054473877,-1.09500002861022949,-0.767000019550323486,-0.907999992370605469,-0.778999984264373779,-0.769999980926513672,-0.865000009536743164,-0.949999988079071045,-0.847000002861022949,-0.861000001430511475,-1.04499995708465576,-1.09500002861022949,-0.77499997615814209,-1.07899999618530273,-0.68900001049041748,-0.726000010967254639,-0.640999972820281982,-0.791000008583068848,-0.735000014305114746,-0.732999980449676514,-1.12000000476837158,-1.09500002861022949,-0.81400001049041748,-0.870000004768371582,-0.788999974727630615,-0.768000006675720215,-0.830999970436096191,-0.944999992847442627,-0.851000010967254639,-0.855000019073486328,-1.01999998092651367
-0.902999997138977051,-0.587000012397766113,-0.634000003337860107,-0.351999998092651367,-0.35899999737739563,-0.171000003814697266,-0.601999998092651367,-0.442000001668930054,-0.29800000786781311,-0.490999996662139893,-0.902999997138977051,-0.59299999475479126,-0.328999996185302734,-0.56400001049041748,-0.386000007390975952,-0.397000014781951904,-0.735000014305114746,-0.481999993324279785,-0.430000007152557373,-0.414000004529953003,-0.902999997138977051,-0.662999987602233887,-0.745000004768371582,-0.512000024318695068,-0.485000014305114746,-0.386999994516372681,-0.626999974250793457,-0.541000008583068848,-0.456000000238418579,-0.676999986171722412,-0.902999997138977051,-0.634999990463256836,-0.477999985218048096,-0.624000012874603271,-0.483000010251998901,-0.518000006675720215,-0.810000002384185791,-0.615000009536743164,-0.584999978542327881,-0.675999999046325684
-0.651000022888183594,-0.393999993801116943,-0.492000013589859009,-0.127000004053115845,-0.268999993801116943,-0.149000003933906555,-0.337000012397766113,-0.372000008821487427,-0.229000002145767212,-0.500999987125396729,-0.651000022888183594,-0.388999998569488525,-0.149000003933906555,-0.42300000786781311,-0.303999990224838257,-0.451000005006790161,-0.575999975204467773,-0.404000014066696167,-0.418999999761581421,-0.433999985456466675,-0.651000022888183594,-0.442000001668930054,-0.704999983310699463,-0.289000004529953003,-0.363000005483627319,-0.257999986410140991,-0.395999997854232788,-0.391999989748001099,-0.32699999213218689,-0.620999991893768311,-0.651000022888183594,-0.448000013828277588,-0.368000000715255737,-0.476000010967254639,-0.389999985694885254,-0.481000006198883057,-0.68599998950958252,-0.522000014781951904,-0.488999992609024048,-0.551999986171722412
-1.20000004768371582,-0.669000029563903809,-0.358000010251998901,-0.481000006198883057,-0.232999995350837708,-0.160999998450279236,-0.675000011920928955,-0.363999992609024048,-0.23399999737739563,-0.293000012636184692,-1.20000004768371582,-0.529999971389770508,-0.381000012159347534,-0.593999981880187988,-0.393999993801116943,-0.60000002384185791,-0.662000000476837158,-0.379999995231628418,-0.356000006198883057,-0.312000006437301636,-1.20000004768371582,-0.670000016689300537,-0.824000000953674316,-0.45199999213218689,-0.340999990701675415,-0.219999998807907104,-0.670000016689300537,-0.474999994039535522,-0.395999997854232788,-0.857999980449676514,-1.20000004768371582,-0.652000010013580322,-0.277000010013580322,-0.648000001907348633,-0.331999987363815308,-0.467000007629394531,-0.783999979496002197,-0.404000014066696167,-0.370999991893768311,-0.381999999284744263
-1.1809999942779541,-0.676999986171722412,-1.10599994659423828,-0.472999989986419678,-0.551999986171722412,-0.335999995470046997,-0.689999997615814209,-0.669000029563903809,-0.514999985694885254,-1.05400002002716064,-1.1809999942779541,-0.785000026226043701,-0.912999987602233887,-0.745000004768371582,-0.740000009536743164,-0.833000004291534424,-0.916000008583068848,-0.810000002384185791,-0.795000016689300537,-0.972999989986419678,-1.1809999942779541,-1.02999997138977051,-0.950999975204467773,-0.972999989986419678,-0.878000020980834961,-0.852999985218048096,-1.03600001335144043,-0.919000029563903809,-0.887000024318695068,-0.976999998092651367,-1.1809999942779541,-0.763000011444091797,-0.952000021934509277,-0.720000028610229492,-0.755999982357025146,-0.851999998092651367,-0.893999993801116943,-0.822000026702880859,-0.800999999046325684,-1.01600003242492676
-0.991999983787536621,-0.598999977111816406,-0.671000003814697266,-0.467000007629394531,-0.372000008821487427,-0.26600000262260437,-0.601000010967254639,-0.430999994277954102,-0.33899998664855957,-0.595000028610229492,-0.991999983787536621,-0.643999993801116943,-0.43900001049041748,-0.584999978542327881,-0.381999999284744263,-0.388999998569488525,-0.745000004768371582,-0.476999998092651367,-0.412999987602233887,-0.500999987125396729,-0.991999983787536621,-0.702000021934509277,-0.781000018119812012,-0.527999997138977051,-0.444999992847442627,-0.298999994993209839,-0.625,-0.500999987125396729,-0.425000011920928955,-0.726000010967254639,-0.991999983787536621,-0.570999979972839355,-0.33899998664855957,-0.522000014781951904,-0.31400001049041748,-0.333999991416931152,-0.688000023365020752,-0.418000012636184692,-0.351999998092651367,-0.430999994277954102
-1.30999994277954102,-0.958000004291534424,-1.02300000190734863,-0.837000012397766113,-0.739000022411346436,-0.648000001907348633,-0.953000009059906006,-0.791000008583068848,-0.74299997091293335,-1.03400003910064697,-1.30999994277954102,-1.03900003433227539,-0.972999989986419678,-0.989000022411346436,-0.875999987125396729,-0.879999995231628418,-1.12699997425079346,-0.962999999523162842,-0.930000007152557373,-1.0549999475479126,-1.30999994277954102,-1.06299996376037598,-1.12899994850158691,-0.949999988079071045,-0.879999995231628418,-0.776000022888183594,-1.04600000381469727,-0.921999990940093994,-0.861999988555908203,-1.09899997711181641,-1.30999994277954102,-0.892000019550323486,-0.739000022411346436,-0.837000012397766113,-0.653999984264373779,-0.685000002384185791,-0.994000017642974854,-0.737999975681304932,-0.689999997615814209,-0.795000016689300537
-1.12100005149841309,-0.444999992847442627,-0.449999988079071045,-0.368999987840652466,-0.330000013113021851,-0.33899998664855957,-0.523000001907348633,-0.365000009536743164,-0.307000011205673218,-0.432000011205673218,-1.12100005149841309,-0.345999985933303833,-0.137999996542930603,-0.574000000953674316,-0.300000011920928955,-0.574000000953674316,-0.476999998092651367,-0.245000004768371582,-0.211999997496604919,-0.134000003337860107,-1.12100005149841309,-0.563000023365020752,-1.23800003528594971,-0.372999995946884155,-0.510999977588653564,-0.241999998688697815,-0.490000009536743164,-0.612999975681304932,-0.518999993801116943,-1.16100001335144043,-1.12100005149841309,-0.523999989032745361,-0.77499997615814209,-0.559000015258789062,-0.597999989986419678,-0.764999985694885254,-0.71799999475479126,-0.640999972820281982,-0.584999978542327881,-0.75
-1.28499996662139893,-0.805999994277954102,-1.16499996185302734,-0.629000008106231689,-0.61799997091293335,-0.391999989748001099,-0.804000020027160645,-0.717000007629394531,-0.612999975681304932,-1.12999999523162842,-1.28499996662139893,-0.90700000524520874,-0.957000017166137695,-0.875999987125396729,-0.800000011920928955,-0.874000012874603271,-1.04200005531311035,-0.875999987125396729,-0.856999993324279785,-1.01699995994567871,-1.28499996662139893,-1.10599994659423828,-0.995000004768371582,-1.04799997806549072,-0.921999990940093994,-0.870000004768371582,-1.1239999532699585,-0.986000001430511475,-0.944999992847442627,-1.04700005054473877,-1.28499996662139893,-0.865999996662139893,-0.966000020503997803,-0.833000004291534424,-0.773999989032745361,-0.865000009536743164,-0.999000012874603271,-0.845000028610229492,-0.828000009059906006,-1.01199996471405029
-0.816999971866607666,-0.620000004768371582,-0.717000007629394531,-0.423999994993209839,-0.433999985456466675,-0.273000001907348633,-0.560000002384185791,-0.500999987125396729,-0.347000002861022949,-0.582000017166137695,-0.816999971866607666,-0.596000015735626221,-0.486000001430511475,-0.574000000953674316,-0.46799999475479126,-0.541000008583068848,-0.71799999475479126,-0.565999984741210938,-0.529999971389770508,-0.619000017642974854,-0.816999971866607666,-0.603999972343444824,-0.716000020503997803,-0.460999995470046997,-0.449000000953674316,-0.351000010967254639,-0.606999993324279785,-0.535000026226043701,-0.446000009775161743,-0.703000009059906006,-0.816999971866607666,-0.611000001430511475,-0.493999987840652466,-0.607999980449676514,-0.476999998092651367,-0.523000001907348633,-0.777999997138977051,-0.601999998092651367,-0.586000025272369385,-0.699999988079071045
-1.11899995803833008,-0.561999976634979248,-0.603999972343444824,-0.293999999761581421,-0.25,-0.0930000022053718567,-0.52499997615814209,-0.432999998331069946,-0.245000004768371582,-0.578999996185302734,-1.11899995803833008,-0.731000006198883057,-0.488000005483627319,-0.688000023365020752,-0.515999972820281982,-0.551999986171722412,-0.830999970436096191,-0.598999977111816406,-0.527999997138977051,-0.545000016689300537,-1.11899995803833008,-0.744000017642974854,-0.643000006675720215,-0.572000026702880859,-0.448000013828277588,-0.345999985933303833,-0.72500002384185791,-0.529999971389770508,-0.430999994277954102,-0.657999992370605469,-1.11899995803833008,-0.601000010967254639,-0.389999985694885254,-0.612999975681304932,-0.41100001335144043,-0.528999984264373779,-0.751999974250793457,-0.481000006198883057,-0.442000001668930054,-0.449999988079071045
-1.03100001811981201,-0.465000003576278687,-0.451000005006790161,-0.337000012397766113,-0.25,-0.179000005125999451,-0.56800001859664917,-0.367000013589859009,-0.261999994516372681,-0.474999994039535522,-1.03100001811981201,-0.490999996662139893,-0.108000002801418304,-0.59299999475479126,-0.305000007152557373,-0.446000009775161743,-0.731000006198883057,-0.358000010251998901,-0.335999995470046997,-0.21799999475479126,-1.03100001811981201,-0.578999996185302734,-0.736000001430511475,-0.384000003337860107,-0.39100000262260437,-0.268000006675720215,-0.596000015735626221,-0.513999998569488525,-0.421999990940093994,-0.768999993801116943,-1.03100001811981201,-0.554000020027160645,-0.273999989032745361,-0.528999984264373779,-0.340000003576278687,-0.456000000238418579,-0.684000015258789062,-0.405999988317489624,-0.398999989032745361,-0.405000001192092896
-1.23300004005432129,-0.657999992370605469,-0.317999988794326782,-0.321999996900558472,-0.187000006437301636,-0.0799999982118606567,-0.634000003337860107,-0.312999993562698364,-0.166999995708465576,-0.289000004529953003,-1.23300004005432129,-0.527000010013580322,0.0219999998807907104,-0.564999997615814209,-0.225999996066093445,-0.409999996423721313,-0.584999978542327881,-0.192000001668930054,-0.21799999475479126,0.00499999988824129105,-1.23300004005432129,-0.580999970436096191,-0.0610000006854534149,-0.273000001907348633,-0.0719999969005584717,-0.090999998152256012,-0.574999988079071045,-0.187000006437301636,-0.0710000023245811462,-0.0299999993294477463,-1.23300004005432129,-0.544000029563903809,-0.10599999874830246,-0.569000005722045898,-0.289999991655349731,-0.474000006914138794,-0.637000024318695068,-0.280999988317489624,-0.273999989032745361,-0.133000001311302185
-1.15900003910064697,-0.577000021934509277,-0.544000029563903809,-0.324000000953674316,-0.277000010013580322,-0.143000006675720215,-0.546000003814697266,-0.389999985694885254,-0.229000002145767212,-0.490999996662139893,-1.15900003910064697,-0.735000014305114746,-0.421000003814697266,-0.697000026702880859,-0.499000012874603271,-0.538999974727630615,-0.839999973773956299,-0.569999992847442627,-0.518000006675720215,-0.508000016212463379,-1.15900003910064697,-0.749000012874603271,-0.712000012397766113,-0.569999992847442627,-0.46799999475479126,-0.35899999737739563,-0.740000009536743164,-0.549000024795532227,-0.439999997615814209,-0.714999973773956299,-1.15900003910064697,-0.601999998092651367,-0.377000004053115845,-0.606000006198883057,-0.423999994993209839,-0.542999982833862305,-0.745999991893768311,-0.481999993324279785,-0.451000005006790161,-0.43599998950958252
-1.37300002574920654,-0.884999990463256836,-1.19299995899200439,-0.675000011920928955,-0.660000026226043701,-0.430999994277954102,-0.876999974250793457,-0.804000020027160645,-0.670000016689300537,-1.20099997520446777,-1.37300002574920654,-0.991999983787536621,-1.01100003719329834,-0.94300001859664917,-0.852999985218048096,-0.906000018119812012,-1.1119999885559082,-0.94300001859664917,-0.906000018119812012,-1.07500004768371582,-1.37300002574920654,-1.21599996089935303,-1.12100005149841309,-1.15299999713897705,-1.03600001335144043,-0.968999981880187988,-1.22399997711181641,-1.09800004959106445,-1.04600000381469727,-1.13699996471405029,-1.37300002574920654,-0.925000011920928955,-1.03299999237060547,-0.879000008106231689,-0.827000021934509277,-0.903999984264373779,-1.0429999828338623,-0.884000003337860107,-0.846000015735626221,-1.02600002288818359
-0.676999986171722412,-0.275000005960464478,-0.266999989748001099,-0.0450000017881393433,-0.0209999997168779373,-0.00899999961256980896,-0.21799999475479126,-0.125,-0.0230000000447034836,-0.261999994516372681,-0.676999986171722412,-0.282999992370605469,-0.00499999988824129105,-0.363000005483627319,-0.187000006437301636,-0.372999995946884155,-0.469999998807907104,-0.216999992728233337,-0.224999994039535522,-0.164000004529953003,-0.676999986171722412,-0.347999989986419678,-0.501999974250793457,-0.187000006437301636,-0.15700000524520874,-0.0869999974966049194,-0.363000005483627319,-0.23399999737739563,-0.180999994277954102,-0.570999979972839355,-0.676999986171722412,-0.29800000786781311,-0.0419999994337558746,-0.32699999213218689,-0.156000003218650818,-0.256999999284744263,-0.532999992370605469,-0.264999985694885254,-0.252000004053115845,-0.272000014781951904
-1.11500000953674316,-0.658999979496002197,-0.14100000262260437,-0.458000004291534424,-0.164000004529953003,-0.0930000022053718567,-0.691999971866607666,-0.252000004053115845,-0.165999993681907654,-0.164000004529953003,-1.11500000953674316,-0.474999994039535522,0.00400000018998980522,-0.569999992847442627,-0.247999995946884155,-0.386999994516372681,-0.639999985694885254,-0.245000004768371582,-0.246999993920326233,-0.0719999969005584717,-1.11500000953674316,-0.433999985456466675,-0.158000007271766663,-0.181999996304512024,-0.0329999998211860657,0.00700000021606683731,-0.453000009059906006,-0.0839999988675117493,-0.0689999982714653015,-0.187000006437301636,-1.11500000953674316,-0.5,0.00700000021606683731,-0.565999984741210938,-0.273999989032745361,-0.382999986410140991,-0.601999998092651367,-0.240999996662139893,-0.241999998688697815,-0.043000001460313797
-1.04400002956390381,-0.526000022888183594,-0.317999988794326782,-0.289000004529953003,-0.170000001788139343,-0.150000005960464478,-0.508000016212463379,-0.250999987125396729,-0.160999998450279236,-0.280999988317489624,-1.04400002956390381,-0.519999980926513672,-0.0270000007003545761,-0.584999978542327881,-0.277999997138977051,-0.414000004529953003,-0.642000019550323486,-0.300000011920928955,-0.31099998950958252,-0.12200000137090683,-1.04400002956390381,-0.515999972820281982,0.0700000002980232239,-0.224999994039535522,-0.0189999993890523911,-0.0390000008046627045,-0.470999985933303833,-0.043000001460313797,-0.00600000005215406418,0.0879999995231628418,-1.04400002956390381,-0.458000004291534424,0.143999993801116943,-0.518999993801116943,-0.223000004887580872,-0.374000012874603271,-0.572000026702880859,-0.200000002980232239,-0.263000011444091797,-0.0439999997615814209
-0.842000007629394531,-0.393000006675720215,-0.416999995708465576,-0.230000004172325134,-0.10899999737739563,-0.0109999999403953552,-0.501999974250793457,-0.28600001335144043,-0.162000000476837158,-0.572000026702880859,-0.842000007629394531,-0.418000012636184692,-0.24400000274181366,-0.512000024318695068,-0.337000012397766113,-0.449999988079071045,-0.709999978542327881,-0.432999998331069946,-0.405999988317489624,-0.433999985456466675,-0.842000007629394531,-0.575999975204467773,-0.356999993324279785,-0.405000001192092896,-0.247999995946884155,-0.136000007390975952,-0.570999979972839355,-0.323000013828277588,-0.230000004172325134,-0.321000009775161743,-0.842000007629394531,-0.518999993801116943,-0.264999985694885254,-0.578000009059906006,-0.388999998569488525,-0.503000020980834961,-0.690999984741210938,-0.448000013828277588,-0.421999990940093994,-0.349000006914138794
-0.93599998950958252,-0.409000009298324585,-0.430000007152557373,-0.261999994516372681,-0.109999999403953552,-0.0719999969005584717,-0.455000013113021851,-0.241999998688697815,-0.187999993562698364,-0.493999987840652466,-0.93599998950958252,-0.514999985694885254,-0.301999986171722412,-0.584999978542327881,-0.377999991178512573,-0.5,-0.759999990463256836,-0.458000004291534424,-0.430000007152557373,-0.465000003576278687,-0.93599998950958252,-0.734000027179718018,-0.565999984741210938,-0.619000017642974854,-0.474999994039535522,-0.349000006914138794,-0.722999989986419678,-0.542999982833862305,-0.453000009059906006,-0.519999980926513672,-0.93599998950958252,-0.522000014781951904,-0.312000006437301636,-0.58899998664855957,-0.398000001907348633,-0.528999984264373779,-0.714999973773956299,-0.453000009059906006,-0.41100001335144043,-0.400000005960464478
-1.16299998760223389,-0.934000015258789062,-1.03799998760223389,-0.859000027179718018,-0.822000026702880859,-0.787000000476837158,-0.94300001859664917,-0.843999981880187988,-0.833999991416931152,-1.07400000095367432,-1.16299998760223389,-0.78600001335144043,-0.870000004768371582,-0.771000027656555176,-0.722000002861022949,-0.81099998950958252,-0.94300001859664917,-0.794000029563903809,-0.804000020027160645,-0.995000004768371582,-1.16299998760223389,-0.823000013828277588,-1.10199999809265137,-0.718999981880187988,-0.718999981880187988,-0.612999975681304932,-0.824999988079071045,-0.732999980449676514,-0.714999973773956299,-1.09300005435943604,-1.16299998760223389,-0.853999972343444824,-0.875999987125396729,-0.819999992847442627,-0.740000009536743164,-0.779999971389770508,-0.984000027179718018,-0.824000000953674316,-0.802999973297119141,-0.972000002861022949
-1.20500004291534424,-0.586000025272369385,-0.481999993324279785,-0.389999985694885254,-0.252999991178512573,-0.177000001072883606,-0.630999982357025146,-0.347000002861022949,-0.248999997973442078,-0.448000013828277588,-1.20500004291534424,-0.61799997091293335,-0.254999995231628418,-0.597000002861022949,-0.35899999737739563,-0.474000006914138794,-0.750999987125396729,-0.412999987602233887,-0.389999985694885254,-0.303000003099441528,-1.20500004291534424,-0.735000014305114746,-0.634000003337860107,-0.469000011682510376,-0.319999992847442627,-0.238999992609024048,-0.698000013828277588,-0.499000012874603271,-0.375999987125396729,-0.644999980926513672,-1.20500004291534424,-0.685000002384185791,-0.294999986886978149,-0.653999984264373779,-0.386999994516372681,-0.474000006914138794,-0.804000020027160645,-0.448000013828277588,-0.433999985456466675,-0.407999992370605469
-0.996999979019165039,-0.674000024795532227,-0.629000008106231689,-0.497000008821487427,-0.386999994516372681,-0.263000011444091797,-0.704999983310699463,-0.523000001907348633,-0.425000011920928955,-0.721000015735626221,-0.996999979019165039,-0.689999997615814209,-0.398999989032745361,-0.653999984264373779,-0.414999991655349731,-0.446999996900558472,-0.842000007629394531,-0.566999971866607666,-0.518000006675720215,-0.606000006198883057,-0.996999979019165039,-0.796999990940093994,-0.888999998569488525,-0.691999971866607666,-0.646000027656555176,-0.574999988079071045,-0.811999976634979248,-0.71399998664855957,-0.670000016689300537,-0.889999985694885254,-0.996999979019165039,-0.791999995708465576,-0.708999991416931152,-0.737999975681304932,-0.640999972820281982,-0.648999989032745361,-0.901000022888183594,-0.744000017642974854,-0.680999994277954102,-0.787000000476837158
-1.22300004959106445,-0.595000028610229492,-0.510999977588653564,-0.308999985456466675,-0.237000003457069397,-0.13099999725818634,-0.614000022411346436,-0.393999993801116943,-0.212999999523162842,-0.52499997615814209,-1.22300004959106445,-0.675000011920928955,-0.293999999761581421,-0.652999997138977051,-0.404000014066696167,-0.510999977588653564,-0.773000001907348633,-0.446999996900558472,-0.425999999046325684,-0.381999999284744263,-1.22300004959106445,-0.721000015735626221,-0.572000026702880859,-0.513999998569488525,-0.347999989986419678,-0.252999991178512573,-0.691999971866607666,-0.458999991416931152,-0.354000002145767212,-0.55699998140335083,-1.22300004959106445,-0.648000001907348633,-0.268999993801116943,-0.619000017642974854,-0.351999998092651367,-0.448000013828277588,-0.755999982357025146,-0.416999995708465576,-0.393999993801116943,-0.330000013113021851
-1.26699995994567871,-1.01100003719329834,-1.1109999418258667,-0.926999986171722412,-0.885999977588653564,-0.833000004291534424,-1.02600002288818359,-0.925000011920928955,-0.91100001335144043,-1.17100000381469727,-1.26699995994567871,-0.875999987125396729,-0.985000014305114746,-0.822000026702880859,-0.790000021457672119,-0.842000007629394531,-0.989000022411346436,-0.856999993324279785,-0.836000025272369385,-1.01699995994567871,-1.26699995994567871,-0.890999972820281982,-1.07899999618530273,-0.759000003337860107,-0.712999999523162842,-0.587999999523162842,-0.887000024318695068,-0.763999998569488525,-0.721000015735626221,-1.09000003337860107,-1.26699995994567871,-0.926999986171722412,-0.874000012874603271,-0.870999991893768311,-0.760999977588653564,-0.805999994277954102,-1.02499997615814209,-0.845000028610229492,-0.828999996185302734,-0.982999980449676514
-0.96399998664855957,-0.598999977111816406,-0.648999989032745361,-0.361000001430511475,-0.351999998092651367,-0.216999992728233337,-0.629000008106231689,-0.499000012874603271,-0.344000011682510376,-0.764999985694885254,-0.96399998664855957,-0.587999999523162842,-0.402000010013580322,-0.559000015258789062,-0.409000009298324585,-0.53200000524520874,-0.741999983787536621,-0.527999997138977051,-0.481999993324279785,-0.573000013828277588,-0.96399998664855957,-0.679000020027160645,-0.765999972820281982,-0.497999995946884155,-0.455000013113021851,-0.293000012636184692,-0.648999989032745361,-0.538999974727630615,-0.414999991655349731,-0.717000007629394531,-0.96399998664855957,-0.667999982833862305,-0.614000022411346436,-0.603999972343444824,-0.522000014781951904,-0.569999992847442627,-0.785000026226043701,-0.633000016212463379,-0.58899998664855957,-0.691999971866607666
-1.12699997425079346,-0.598999977111816406,-1.03199994564056396,-0.421000003814697266,-0.46399998664855957,-0.247999995946884155,-0.65700000524520874,-0.610000014305114746,-0.501999974250793457,-1.12100005149841309,-1.12699997425079346,-0.717000007629394531,-0.767000019550323486,-0.716000020503997803,-0.652000010013580322,-0.773999989032745361,-0.912999987602233887,-0.755999982357025146,-0.740999996662139893,-0.921999990940093994,-1.12699997425079346,-0.964999973773956299,-0.902000010013580322,-0.916000008583068848,-0.833000004291534424,-0.819000005722045898,-1.00399994850158691,-0.897000014781951904,-0.864000022411346436,-0.958000004291534424,-1.12699997425079346,-0.760999977588653564,-0.861000001430511475,-0.735000014305114746,-0.71799999475479126,-0.839999973773956299,-0.898999989032745361,-0.792999982833862305,-0.778999984264373779,-0.954999983310699463
-1.11899995803833008,-0.722999989986419678,-0.731999993324279785,-0.583000004291534424,-0.437000006437301636,-0.296000003814697266,-0.716000020503997803,-0.509000003337860107,-0.437000006437301636,-0.75,-1.11899995803833008,-0.748000025749206543,-0.606000006198883057,-0.712000012397766113,-0.545000016689300537,-0.570999979972839355,-0.887000024318695068,-0.647000014781951904,-0.601000010967254639,-0.712000012397766113,-1.11899995803833008,-0.843999981880187988,-0.953000009059906006,-0.708999991416931152,-0.663999974727630615,-0.541000008583068848,-0.847000002861022949,-0.735000014305114746,-0.653999984264373779,-0.919000029563903809,-1.11899995803833008,-0.694000005722045898,-0.521000027656555176,-0.663999974727630615,-0.486999988555908203,-0.572000026702880859,-0.841000020503997803,-0.587000012397766113,-0.552999973297119141,-0.653999984264373779
-1.10899996757507324,-0.526000022888183594,-0.606000006198883057,-0.317999988794326782,-0.247999995946884155,-0.238999992609024048,-0.605000019073486328,-0.442000001668930054,-0.305000007152557373,-0.760999977588653564,-1.10899996757507324,-0.577000021934509277,-0.400999993085861206,-0.607999980449676514,-0.425999999046325684,-0.597000002861022949,-0.791000008583068848,-0.505999982357025146,-0.469999998807907104,-0.559000015258789062,-1.10899996757507324,-0.833999991416931152,-0.593999981880187988,-0.708000004291534424,-0.490999996662139893,-0.368000000715255737,-0.853999972343444824,-0.593999981880187988,-0.47999998927116394,-0.591000020503997803,-1.10899996757507324,-0.657999992370605469,-0.593999981880187988,-0.620000004768371582,-0.514999985694885254,-0.625999987125396729,-0.753000020980834961,-0.578000009059906006,-0.485000014305114746,-0.545000016689300537
-1.15499997138977051,-0.717000007629394531,-1.21599996089935303,-0.559000015258789062,-0.643999993801116943,-0.384999990463256836,-0.718999981880187988,-0.703999996185302734,-0.586000025272369385,-1.13300001621246338,-1.15499997138977051,-0.819000005722045898,-0.967000007629394531,-0.813000023365020752,-0.81099998950958252,-0.875,-0.994000017642974854,-0.884000003337860107,-0.864000022411346436,-1.05299997329711914,-1.15499997138977051,-1.02400004863739014,-0.941999971866607666,-0.972999989986419678,-0.880999982357025146,-0.827000021934509277,-1.02999997138977051,-0.925000011920928955,-0.879000008106231689,-0.949999988079071045,-1.15499997138977051,-0.778999984264373779,-0.954999983310699463,-0.764999985694885254,-0.782999992370605469,-0.888000011444091797,-0.93900001049041748,-0.859000027179718018,-0.859000027179718018,-1.07099997997283936
-1.22500002384185791,-0.53600001335144043,-0.254000008106231689,-0.393000006675720215,-0.284000009298324585,-0.270999997854232788,-0.535000026226043701,-0.335000008344650269,-0.252000004053115845,-0.25,-1.22500002384185791,-0.368999987840652466,-0.0960000008344650269,-0.611000001430511475,-0.273000001907348633,-0.56099998950958252,-0.469999998807907104,-0.231000006198883057,-0.170000001788139343,-0.0680000036954879761,-1.22500002384185791,-0.586000025272369385,-1.1940000057220459,-0.412000000476837158,-0.513000011444091797,-0.264999985694885254,-0.554000020027160645,-0.644999980926513672,-0.523999989032745361,-1.16400003433227539,-1.22500002384185791,-0.563000023365020752,-0.689999997615814209,-0.566999971866607666,-0.537000000476837158,-0.699999988079071045,-0.731999993324279785,-0.587999999523162842,-0.509000003337860107,-0.671000003814697266
-1.15299999713897705,-0.444000005722045898,-0.337999999523162842,-0.331999987363815308,-0.24400000274181366,-0.296000003814697266,-0.448000013828277588,-0.298999994993209839,-0.234999999403953552,-0.328999996185302734,-1.15299999713897705,-0.321999996900558472,-0.0179999992251396179,-0.574999988079071045,-0.24400000274181366,-0.5,-0.425000011920928955,-0.209000006318092346,-0.165000006556510925,-0.0160000007599592209,-1.15299999713897705,-0.578999996185302734,-1.21000003814697266,-0.365000009536743164,-0.485000014305114746,-0.237000003457069397,-0.500999987125396729,-0.606000006198883057,-0.481999993324279785,-1.09500002861022949,-1.15299999713897705,-0.528999984264373779,-0.68599998950958252,-0.535000026226043701,-0.541999995708465576,-0.683000028133392334,-0.726999998092651367,-0.607999980449676514,-0.519999980926513672,-0.699999988079071045
-1.2929999828338623,-0.953999996185302734,-0.865999996662139893,-0.728999972343444824,-0.619000017642974854,-0.416000008583068848,-0.953999996185302734,-0.746999979019165039,-0.547999978065490723,-0.80699998140335083,-1.2929999828338623,-0.954999983310699463,-0.623000025749206543,-0.88200002908706665,-0.656000018119812012,-0.620999991893768311,-1.05700004100799561,-0.771000027656555176,-0.674000024795532227,-0.707000017166137695,-1.2929999828338623,-1.01999998092651367,-1.05999994277954102,-0.879999995231628418,-0.811999976634979248,-0.712000012397766113,-1.01699995994567871,-0.898000001907348633,-0.813000023365020752,-1.03999996185302734,-1.2929999828338623,-0.995999991893768311,-0.865000009536743164,-0.916999995708465576,-0.773000001907348633,-0.759999990463256836,-1.07700002193450928,-0.884000003337860107,-0.800000011920928955,-0.908999979496002197
-1.08599996566772461,-0.671999990940093994,-0.560000002384185791,-0.474999994039535522,-0.349999994039535522,-0.254999995231628418,-0.707000017166137695,-0.45199999213218689,-0.312000006437301636,-0.565999984741210938,-1.08599996566772461,-0.68900001049041748,-0.503000020980834961,-0.616999983787536621,-0.45199999213218689,-0.505999982357025146,-0.782999992370605469,-0.549000024795532227,-0.477999985218048096,-0.563000023365020752,-1.08599996566772461,-0.776000022888183594,-0.853999972343444824,-0.579999983310699463,-0.523999989032745361,-0.337000012397766113,-0.737999975681304932,-0.629999995231628418,-0.488000005483627319,-0.804000020027160645,-1.08599996566772461,-0.772000014781951904,-0.564999997615814209,-0.689999997615814209,-0.533999979496002197,-0.537999987602233887,-0.845000028610229492,-0.64999997615814209,-0.591000020503997803,-0.657999992370605469
-1.24600005149841309,-0.989000022411346436,-1.04999995231628418,-0.893999993801116943,-0.828000009059906006,-0.773999989032745361,-0.99299997091293335,-0.870999991893768311,-0.845000028610229492,-1.09099996089935303,-1.24600005149841309,-0.828000009059906006,-0.887000024318695068,-0.791999995708465576,-0.71799999475479126,-0.813000023365020752,-0.967000007629394531,-0.796999990940093994,-0.799000024795532227,-0.990999996662139893,-1.24600005149841309,-0.856000006198883057,-1.04700005054473877,-0.745000004768371582,-0.68900001049041748,-0.583999991416931152,-0.884000003337860107,-0.751999974250793457,-0.726999998092651367,-1.11699998378753662,-1.24600005149841309,-0.908999979496002197,-0.832000017166137695,-0.865999996662139893,-0.72500002384185791,-0.763000011444091797,-1.02699995040893555,-0.819000005722045898,-0.794000029563903809,-0.939999997615814209
-0.912999987602233887,-0.514999985694885254,-0.469999998807907104,-0.31400001049041748,-0.21799999475479126,-0.0799999982118606567,-0.52499997615814209,-0.298999994993209839,-0.149000003933906555,-0.428999990224838257,-0.912999987602233887,-0.528999984264373779,-0.418000012636184692,-0.518000006675720215,-0.402000010013580322,-0.518999993801116943,-0.68900001049041748,-0.485000014305114746,-0.448000013828277588,-0.527999997138977051,-0.912999987602233887,-0.597000002861022949,-0.732999980449676514,-0.455000013113021851,-0.405999988317489624,-0.317000001668930054,-0.61799997091293335,-0.512000024318695068,-0.439999997615814209,-0.748000025749206543,-0.912999987602233887,-0.597000002861022949,-0.389999985694885254,-0.564999997615814209,-0.402999997138977051,-0.472999989986419678,-0.744000017642974854,-0.523000001907348633,-0.5,-0.55699998140335083
-1.2489999532699585,-0.998000025749206543,-1.07400000095367432,-0.913999974727630615,-0.859000027179718018,-0.810000002384185791,-1.00499999523162842,-0.890999972820281982,-0.873000025749206543,-1.11899995803833008,-1.2489999532699585,-0.820999979972839355,-0.90700000524520874,-0.808000028133392334,-0.753000020980834961,-0.836000025272369385,-0.981999993324279785,-0.820999979972839355,-0.813000023365020752,-0.981999993324279785,-1.2489999532699585,-0.884000003337860107,-1.17599999904632568,-0.781000018119812012,-0.800999999046325684,-0.686999976634979248,-0.908999979496002197,-0.833000004291534424,-0.800999999046325684,-1.18700003623962402,-1.2489999532699585,-0.934000015258789062,-0.929000020027160645,-0.901000022888183594,-0.829999983310699463,-0.893999993801116943,-1.06500005722045898,-0.922999978065490723,-0.920000016689300537,-1.08500003814697266
-1.21700000762939453,-0.763999998569488525,-1.14300000667572021,-0.580999970436096191,-0.620999991893768311,-0.393000006675720215,-0.777000010013580322,-0.732999980449676514,-0.605000019073486328,-1.13399994373321533,-1.21700000762939453,-0.845000028610229492,-0.878000020980834961,-0.824000000953674316,-0.753000020980834961,-0.839999973773956299,-1.00899994373321533,-0.847000002861022949,-0.824999988079071045,-0.990000009536743164,-1.21700000762939453,-1.04600000381469727,-0.950999975204467773,-1.00300002098083496,-0.887000024318695068,-0.853999972343444824,-1.08000004291534424,-0.941999971866607666,-0.916000008583068848,-1.01900005340576172,-1.21700000762939453,-0.804000020027160645,-0.916999995708465576,-0.77499997615814209,-0.728999972343444824,-0.813000023365020752,-0.947000026702880859,-0.804000020027160645,-0.778999984264373779,-0.976000010967254639
-1.13300001621246338,-0.857999980449676514,-0.912000000476837158,-0.762000024318695068,-0.688000023365020752,-0.642000019550323486,-0.846000015735626221,-0.718999981880187988,-0.694999992847442627,-0.915000021457672119,-1.13300001621246338,-0.834999978542327881,-0.884999990463256836,-0.804000020027160645,-0.772000014781951904,-0.823000013828277588,-0.96799999475479126,-0.861999988555908203,-0.853999972343444824,-1.03900003433227539,-1.13300001621246338,-0.866999983787536621,-1.03999996185302734,-0.740999996662139893,-0.727999985218048096,-0.589999973773956299,-0.88200002908706665,-0.799000024795532227,-0.728999972343444824,-1.0559999942779541,-1.13300001621246338,-0.796999990940093994,-0.638999998569488525,-0.762000024318695068,-0.593999981880187988,-0.61799997091293335,-0.936999976634979248,-0.700999975204467773,-0.65700000524520874,-0.77499997615814209
-0.829999983310699463,-0.558000028133392334,-0.583999991416931152,-0.349999994039535522,-0.31400001049041748,-0.206000000238418579,-0.533999979496002197,-0.449999988079071045,-0.316000014543533325,-0.61799997091293335,-0.829999983310699463,-0.537000000476837158,-0.470999985933303833,-0.555000007152557373,-0.483000010251998901,-0.589999973773956299,-0.744000017642974854,-0.598999977111816406,-0.574000000953674316,-0.652999997138977051,-0.829999983310699463,-0.607999980449676514,-0.785000026226043701,-0.446999996900558472,-0.518999993801116943,-0.405999988317489624,-0.597000002861022949,-0.583000004291534424,-0.493999987840652466,-0.731999993324279785,-0.829999983310699463,-0.564999997615814209,-0.402000010013580322,-0.554000020027160645,-0.418999999761581421,-0.470999985933303833,-0.74299997091293335,-0.549000024795532227,-0.512000024318695068,-0.587999999523162842
0.395999997854232788,0.0850000008940696716,-0.331999987363815308,0.337999999523162842,0.0480000004172325134,-0.017000000923871994,0.273999989032745361,0.043000001460313797,0.0619999989867210388,-0.214000001549720764,0.395999997854232788,0.11900000274181366,0.197999998927116394,-0.170000001788139343,-0.112000003457069397,-0.379999995231628418,-0.321000009775161743,-0.194999992847442627,-0.25,-0.282999992370605469,0.395999997854232788,0.252000004053115845,-0.425999999046325684,0.407999992370605469,-0.00400000018998980522,0.0309999994933605194,0.35899999737739563,0.0280000008642673492,0.0489999987185001373,-0.287000000476837158,0.395999997854232788,0.331999987363815308,0.351000010967254639,0.144999995827674866,0.129999995231628418,-0.0700000002980232239,-0.0850000008940696716,-0.00999999977648258209,-0.0839999988675117493,-0.153999999165534973
-1.22000002861022949,-0.564999997615814209,-0.261000007390975952,-0.481999993324279785,-0.31400001049041748,-0.224999994039535522,-0.663999974727630615,-0.35499998927116394,-0.277000010013580322,-0.226999998092651367,-1.22000002861022949,-0.372999995946884155,-0.250999987125396729,-0.589999973773956299,-0.323000013828277588,-0.623000025749206543,-0.527999997138977051,-0.277000010013580322,-0.248999997973442078,-0.150000005960464478,-1.22000002861022949,-0.545000016689300537,-1.1390000581741333,-0.398999989032745361,-0.462999999523162842,-0.240999996662139893,-0.549000024795532227,-0.615000009536743164,-0.518999993801116943,-1.18599998950958252,-1.22000002861022949,-0.643999993801116943,-0.783999979496002197,-0.625999987125396729,-0.605000019073486328,-0.759999990463256836,-0.737999975681304932,-0.638999998569488525,-0.563000023365020752,-0.690999984741210938
-1.03699994087219238,-0.666000008583068848,-0.717000007629394531,-0.349000006914138794,-0.328000009059906006,-0.155000001192092896,-0.566999971866607666,-0.456999987363815308,-0.254999995231628418,-0.56800001859664917,-1.03699994087219238,-0.624000012874603271,-0.409999996423721313,-0.540000021457672119,-0.384000003337860107,-0.456999987363815308,-0.68199998140335083,-0.458999991416931152,-0.365999996662139893,-0.388999998569488525,-1.03699994087219238,-0.748000025749206543,-0.834999978542327881,-0.555000007152557373,-0.501999974250793457,-0.317999988794326782,-0.699000000953674316,-0.602999985218048096,-0.469000011682510376,-0.731000006198883057,-1.03699994087219238,-0.720000028610229492,-0.510999977588653564,-0.657999992370605469,-0.456999987363815308,-0.486999988555908203,-0.836000025272369385,-0.591000020503997803,-0.541999995708465576,-0.666000008583068848
-1.1809999942779541,-0.476000010967254639,-0.446000009775161743,-0.282999992370605469,-0.224999994039535522,-0.119999997317790985,-0.523000001907348633,-0.323000013828277588,-0.186000004410743713,-0.444000005722045898,-1.1809999942779541,-0.499000012874603271,-0.14699999988079071,-0.551999986171722412,-0.300000011920928955,-0.469999998807907104,-0.644999980926513672,-0.317999988794326782,-0.31099998950958252,-0.199000000953674316,-1.1809999942779541,-0.629999995231628418,-0.675000011920928955,-0.444000005722045898,-0.345999985933303833,-0.247999995946884155,-0.68599998950958252,-0.492000013589859009,-0.368000000715255737,-0.754000008106231689,-1.1809999942779541,-0.597999989986419678,-0.133000001311302185,-0.591000020503997803,-0.305999994277954102,-0.377999991178512573,-0.717000007629394531,-0.370000004768371582,-0.33899998664855957,-0.238000005483627319
-1.23199999332427979,-0.512000024318695068,-0.423999994993209839,-0.223000004887580872,-0.126000002026557922,0.00800000037997961044,-0.552999973297119141,-0.310000002384185791,-0.101000003516674042,-0.538999974727630615,-1.23199999332427979,-0.577000021934509277,-0.300999999046325684,-0.574000000953674316,-0.377999991178512573,-0.46399998664855957,-0.717000007629394531,-0.416999995708465576,-0.349999994039535522,-0.344000011682510376,-1.23199999332427979,-0.925999999046325684,-0.634000003337860107,-0.758000016212463379,-0.56400001049041748,-0.418999999761581421,-0.926999986171722412,-0.65700000524520874,-0.546999990940093994,-0.629999995231628418,-1.23199999332427979,-0.708999991416931152,-0.483000010251998901,-0.653999984264373779,-0.419999986886978149,-0.542999982833862305,-0.762000024318695068,-0.477999985218048096,-0.405999988317489624,-0.393000006675720215
-1.1119999885559082,-0.404000014066696167,-0.712000012397766113,-0.273000001907348633,-0.232999995350837708,-0.0949999988079071045,-0.60000002384185791,-0.416999995708465576,-0.24400000274181366,-0.906000018119812012,-1.1119999885559082,-0.483000010251998901,-0.379999995231628418,-0.574999988079071045,-0.409000009298324585,-0.563000023365020752,-0.745999991893768311,-0.458999991416931152,-0.397000014781951904,-0.470999985933303833,-1.1119999885559082,-0.842000007629394531,-0.474999994039535522,-0.64999997615814209,-0.352999985218048096,-0.243000000715255737,-0.811999976634979248,-0.46799999475479126,-0.368000000715255737,-0.453000009059906006,-1.1119999885559082,-0.705999970436096191,-0.689999997615814209,-0.677999973297119141,-0.550999999046325684,-0.698000013828277588,-0.731999993324279785,-0.570999979972839355,-0.495000004768371582,-0.519999980926513672
-1.10800004005432129,-0.711000025272369385,-0.63200002908706665,-0.53600001335144043,-0.402000010013580322,-0.328999996185302734,-0.675000011920928955,-0.472000002861022949,-0.375999987125396729,-0.579999983310699463,-1.10800004005432129,-0.731000006198883057,-0.611999988555908203,-0.68199998140335083,-0.551999986171722412,-0.606000006198883057,-0.851000010967254639,-0.638999998569488525,-0.625,-0.745999991893768311,-1.10800004005432129,-0.828999996185302734,-0.898999989032745361,-0.71799999475479126,-0.637000024318695068,-0.526000022888183594,-0.851000010967254639,-0.708999991416931152,-0.652000010013580322,-0.93199998140335083,-1.10800004005432129,-0.688000023365020752,-0.469000011682510376,-0.638999998569488525,-0.432999998331069946,-0.499000012874603271,-0.830999970436096191,-0.541999995708465576,-0.509000003337860107,-0.612999975681304932
-1.25,-0.45199999213218689,-0.356999993324279785,-0.340999990701675415,-0.277000010013580322,-0.337000012397766113,-0.469999998807907104,-0.305000007152557373,-0.268999993801116943,-0.32699999213218689,-1.25,-0.32699999213218689,-0.136999994516372681,-0.574999988079071045,-0.275000005960464478,-0.607999980449676514,-0.416000008583068848,-0.215000003576278687,-0.195999994874000549,-0.0839999988675117493,-1.25,-0.629000008106231689,-1.19299995899200439,-0.407999992370605469,-0.497999995946884155,-0.232999995350837708,-0.587999999523162842,-0.680999994277954102,-0.53200000524520874,-1.18200004100799561,-1.25,-0.610000014305114746,-0.796999990940093994,-0.605000019073486328,-0.609000027179718018,-0.777999997138977051,-0.751999974250793457,-0.64999997615814209,-0.587999999523162842,-0.741999983787536621
-1.11500000953674316,-0.78600001335144043,-0.93599998950958252,-0.666000008583068848,-0.646000027656555176,-0.55699998140335083,-0.802999973297119141,-0.686999976634979248,-0.625,-0.936999976634979248,-1.11500000953674316,-0.791999995708465576,-0.767000019550323486,-0.736000001430511475,-0.643999993801116943,-0.686999976634979248,-0.896000027656555176,-0.731000006198883057,-0.711000025272369385,-0.878000020980834961,-1.11500000953674316,-0.864000022411346436,-0.921000003814697266,-0.75,-0.679000020027160645,-0.580999970436096191,-0.855000019073486328,-0.731999993324279785,-0.683000028133392334,-0.930000007152557373,-1.11500000953674316,-0.758000016212463379,-0.75700002908706665,-0.708000004291534424,-0.629999995231628418,-0.708999991416931152,-0.861999988555908203,-0.703000009059906006,-0.697000026702880859,-0.851000010967254639
-1.21200001239776611,-0.60000002384185791,-0.12200000137090683,-0.287999987602233887,-0.107000000774860382,-0.0299999993294477463,-0.537999987602233887,-0.136999994516372681,-0.0750000029802322388,-0.104000002145767212,-1.21200001239776611,-0.470999985933303833,0.181999996304512024,-0.540000021457672119,-0.195999994874000549,-0.303999990224838257,-0.527000010013580322,-0.152999997138977051,-0.174999997019767761,0.13099999725818634,-1.21200001239776611,-0.541000008583068848,-0.0610000006854534149,-0.151999995112419128,-0.0109999999403953552,-0.0149999996647238731,-0.514999985694885254,-0.14699999988079071,-0.0769999995827674866,-0.0379999987781047821,-1.21200001239776611,-0.488000005483627319,0.10300000011920929,-0.538999974727630615,-0.218999996781349182,-0.377000004053115845,-0.566999971866607666,-0.203999996185302734,-0.223000004887580872,0.0320000015199184418
-1.13399994373321533,-0.665000021457672119,-1.12800002098083496,-0.45199999213218689,-0.521000027656555176,-0.263000011444091797,-0.634999990463256836,-0.637000024318695068,-0.493999987840652466,-1.09300005435943604,-1.13399994373321533,-0.787000000476837158,-0.910000026226043701,-0.760999977588653564,-0.741999983787536621,-0.824000000953674316,-0.926999986171722412,-0.820999979972839355,-0.800000011920928955,-0.991999983787536621,-1.13399994373321533,-1.02499997615814209,-0.991999983787536621,-0.978999972343444824,-0.93199998140335083,-0.893999993801116943,-1.01800000667572021,-0.958999991416931152,-0.920000016689300537,-0.959999978542327881,-1.13399994373321533,-0.744000017642974854,-0.864000022411346436,-0.734000027179718018,-0.698000013828277588,-0.828999996185302734,-0.90700000524520874,-0.77499997615814209,-0.762000024318695068,-0.953999996185302734
-1.15699994564056396,-0.518999993801116943,-0.245000004768371582,-0.307999998331069946,-0.181999996304512024,-0.126000002026557922,-0.582000017166137695,-0.287999987602233887,-0.202000007033348083,-0.289000004529953003,-1.15699994564056396,-0.456000000238418579,0.0289999991655349731,-0.517000019550323486,-0.261999994516372681,-0.388999998569488525,-0.564999997615814209,-0.259999990463256836,-0.259000003337860107,-0.0299999993294477463,-1.15699994564056396,-0.550000011920928955,-0.108000002801418304,-0.172000005841255188,-0.00700000021606683731,-0.0509999990463256836,-0.50700002908706665,-0.185000002384185791,-0.0829999968409538269,-0.090999998152256012,-1.15699994564056396,-0.481000006198883057,0.0540000014007091522,-0.523999989032745361,-0.23399999737739563,-0.381999999284744263,-0.555000007152557373,-0.225999996066093445,-0.21799999475479126,0.00499999988824129105
-1.06700003147125244,-0.497000008821487427,-0.317999988794326782,-0.171000003814697266,-0.0219999998807907104,0.0570000000298023224,-0.428999990224838257,-0.21799999475479126,-0.128999993205070496,-0.305000007152557373,-1.06700003147125244,-0.397000014781951904,0.0610000006854534149,-0.456000000238418579,-0.195999994874000549,-0.363000005483627319,-0.458000004291534424,-0.145999997854232788,-0.197999998927116394,0.0240000002086162567,-1.06700003147125244,-0.393999993801116943,-0.0379999987781047821,-0.0869999974966049194,0.00600000005215406418,0.0299999993294477463,-0.416000008583068848,-0.0390000008046627045,0.0109999999403953552,-0.00499999988824129105,-1.06700003147125244,-0.384999990463256836,-0.0140000004321336746,-0.458000004291534424,-0.254999995231628418,-0.405999988317489624,-0.493000000715255737,-0.206000000238418579,-0.210999995470046997,-0.0410000011324882507
-1.33599996566772461,-0.630999982357025146,-0.776000022888183594,-0.409999996423721313,-0.312999993562698364,-0.193000003695487976,-0.697000026702880859,-0.537999987602233887,-0.356000006198883057,-0.851000010967254639,-1.33599996566772461,-0.712000012397766113,-0.624000012874603271,-0.68900001049041748,-0.527000010013580322,-0.670000016689300537,-0.86799997091293335,-0.614000022411346436,-0.547999978065490723,-0.662000000476837158,-1.33599996566772461,-1.0820000171661377,-0.88200002908706665,-0.927999973297119141,-0.759000003337860107,-0.619000017642974854,-1.08800005912780762,-0.873000025749206543,-0.749000012874603271,-0.898000001907348633,-1.33599996566772461,-0.779999971389770508,-0.708999991416931152,-0.731000006198883057,-0.587000012397766113,-0.68199998140335083,-0.856999993324279785,-0.643000006675720215,-0.541999995708465576,-0.606000006198883057
-0.980000019073486328,-0.460999995470046997,-0.651000022888183594,-0.293999999761581421,-0.250999987125396729,-0.112999998033046722,-0.465999990701675415,-0.351999998092651367,-0.275000005960464478,-0.746999979019165039,-0.980000019073486328,-0.580999970436096191,-0.407999992370605469,-0.535000026226043701,-0.375999987125396729,-0.453000009059906006,-0.690999984741210938,-0.442999988794326782,-0.432000011205673218,-0.523000001907348633,-0.980000019073486328,-0.63200002908706665,-0.814999997615814209,-0.485000014305114746,-0.456000000238418579,-0.317000001668930054,-0.644999980926513672,-0.518999993801116943,-0.425000011920928955,-0.800999999046325684,-0.980000019073486328,-0.47999998927116394,-0.324000000953674316,-0.510999977588653564,-0.352999985218048096,-0.486999988555908203,-0.647000014781951904,-0.404000014066696167,-0.388000011444091797,-0.419999986886978149
-1.09000003337860107,-0.583999991416931152,-0.544000029563903809,-0.442000001668930054,-0.298999994993209839,-0.175999999046325684,-0.656000018119812012,-0.458000004291534424,-0.361999988555908203,-0.736000001430511475,-1.09000003337860107,-0.628000020980834961,-0.469999998807907104,-0.620999991893768311,-0.456000000238418579,-0.538999974727630615,-0.809000015258789062,-0.55699998140335083,-0.521000027656555176,-0.593999981880187988,-1.09000003337860107,-0.796999990940093994,-0.810000002384185791,-0.68199998140335083,-0.607999980449676514,-0.528999984264373779,-0.783999979496002197,-0.652999997138977051,-0.601999998092651367,-0.825999975204467773,-1.09000003337860107,-0.791000008583068848,-0.685000002384185791,-0.731999993324279785,-0.625999987125396729,-0.63200002908706665,-0.875999987125396729,-0.707000017166137695,-0.66100001335144043,-0.737999975681304932
-1.25899994373321533,-1.02400004863739014,-1.14800000190734863,-0.925000011920928955,-0.903999984264373779,-0.847000002861022949,-1.0140000581741333,-0.921999990940093994,-0.896000027656555176,-1.12000000476837158,-1.25899994373321533,-0.856999993324279785,-0.851999998092651367,-0.805999994277954102,-0.707000017166137695,-0.777000010013580322,-0.97500002384185791,-0.783999979496002197,-0.759999990463256836,-0.925000011920928955,-1.25899994373321533,-0.851000010967254639,-1.10000002384185791,-0.723999977111816406,-0.700999975204467773,-0.555000007152557373,-0.865999996662139893,-0.748000025749206543,-0.699000000953674316,-1.11399996280670166,-1.25899994373321533,-0.921000003814697266,-0.935000002384185791,-0.861000001430511475,-0.782999992370605469,-0.80699998140335083,-1.01900005340576172,-0.859000027179718018,-0.819999992847442627,-0.987999975681304932
-0.839999973773956299,-0.58899998664855957,-0.56099998950958252,-0.365999996662139893,-0.328999996185302734,-0.177000001072883606,-0.564999997615814209,-0.432999998331069946,-0.272000014781951904,-0.555999994277954102,-0.839999973773956299,-0.569999992847442627,-0.414999991655349731,-0.550000011920928955,-0.448000013828277588,-0.503000020980834961,-0.753000020980834961,-0.587000012397766113,-0.572000026702880859,-0.667999982833862305,-0.839999973773956299,-0.639999985694885254,-0.800000011920928955,-0.538999974727630615,-0.566999971866607666,-0.5,-0.671000003814697266,-0.634999990463256836,-0.586000025272369385,-0.857999980449676514,-0.839999973773956299,-0.592000007629394531,-0.451000005006790161,-0.574999988079071045,-0.446999996900558472,-0.490000009536743164,-0.773999989032745361,-0.574000000953674316,-0.550999999046325684,-0.652000010013580322
-0.802999973297119141,-0.363999992609024048,-0.53200000524520874,-0.174999997019767761,-0.185000002384185791,-0.0700000002980232239,-0.382999986410140991,-0.312999993562698364,-0.128000006079673767,-0.47999998927116394,-0.802999973297119141,-0.384000003337860107,0.0379999987781047821,-0.527000010013580322,-0.241999998688697815,-0.400000005960464478,-0.634999990463256836,-0.293000012636184692,-0.273000001907348633,-0.137999996542930603,-0.802999973297119141,-0.435000002384185791,-0.56099998950958252,-0.347000002861022949,-0.263999998569488525,-0.160999998450279236,-0.517000019550323486,-0.356000006198883057,-0.31099998950958252,-0.644999980926513672,-0.802999973297119141,-0.40700000524520874,-0.086000002920627594,-0.504000008106231689,-0.272000014781951904,-0.433999985456466675,-0.65700000524520874,-0.344000011682510376,-0.342000007629394531,-0.308999985456466675
-1.19900000095367432,-0.374000012874603271,-0.194000005722045898,-0.266999989748001099,-0.210999995470046997,-0.234999999403953552,-0.344999998807907104,-0.216999992728233337,-0.174999997019767761,-0.184000000357627869,-1.19900000095367432,-0.279000014066696167,0.0370000004768371582,-0.574999988079071045,-0.256999999284744263,-0.492000013589859009,-0.349000006914138794,-0.181999996304512024,-0.144999995827674866,0.043000001460313797,-1.19900000095367432,-0.638999998569488525,-1.21000003814697266,-0.432000011205673218,-0.528999984264373779,-0.259000003337860107,-0.583999991416931152,-0.65700000524520874,-0.521000027656555176,-1.08800005912780762,-1.19900000095367432,-0.518000006675720215,-0.55699998140335083,-0.537999987602233887,-0.474000006914138794,-0.611000001430511475,-0.717000007629394531,-0.53200000524520874,-0.433999985456466675,-0.558000028133392334
-0.722999989986419678,-0.358000010251998901,-0.187999993562698364,0.0149999996647238731,0.0869999974966049194,-0.00800000037997961044,-0.189999997615814209,-0.0619999989867210388,0.00200000009499490261,-0.175999999046325684,-0.722999989986419678,-0.349999994039535522,0.209999993443489075,-0.559000015258789062,-0.211999997496604919,-0.418999999761581421,-0.521000027656555176,-0.15700000524520874,-0.216999992728233337,0.0610000006854534149,-0.722999989986419678,-0.432999998331069946,0.00300000002607703209,-0.184000000357627869,-0.0540000014007091522,-0.0509999990463256836,-0.335999995470046997,-0.0879999995231628418,-0.0460000000894069672,0.0540000014007091522,-0.722999989986419678,-0.317999988794326782,0.23999999463558197,-0.546999990940093994,-0.207000002264976501,-0.432000011205673218,-0.515999972820281982,-0.148000001907348633,-0.201000005006790161,0.090999998152256012
-1.20899999141693115,-0.913999974727630615,-1.05200004577636719,-0.823000013828277588,-0.782999992370605469,-0.722000002861022949,-0.930999994277954102,-0.814999997615814209,-0.796000003814697266,-1.08399999141693115,-1.20899999141693115,-0.760999977588653564,-0.842000007629394531,-0.737999975681304932,-0.667999982833862305,-0.759000003337860107,-0.915000021457672119,-0.736999988555908203,-0.718999981880187988,-0.887000024318695068,-1.20899999141693115,-0.799000024795532227,-1.01600003242492676,-0.679000020027160645,-0.620000004768371582,-0.48399999737739563,-0.813000023365020752,-0.671999990940093994,-0.626999974250793457,-1.01999998092651367,-1.20899999141693115,-0.851000010967254639,-0.81800001859664917,-0.800999999046325684,-0.689999997615814209,-0.732999980449676514,-0.964999973773956299,-0.769999980926513672,-0.74299997091293335,-0.89999997615814209
-1.0700000524520874,-0.515999972820281982,-0.263999998569488525,-0.317999988794326782,-0.238999992609024048,-0.190999999642372131,-0.580999970436096191,-0.331000000238418579,-0.277000010013580322,-0.328999996185302734,-1.0700000524520874,-0.550999999046325684,-0.0920000001788139343,-0.580999970436096191,-0.31099998950958252,-0.45199999213218689,-0.683000028133392334,-0.344999998807907104,-0.356000006198883057,-0.236000001430511475,-1.0700000524520874,-0.640999972820281982,-0.0820000022649765015,-0.268000006675720215,-0.0630000010132789612,-0.0320000015199184418,-0.504999995231628418,-0.148000001907348633,-0.043000001460313797,-0.0680000036954879761,-1.0700000524520874,-0.545000016689300537,0.107000000774860382,-0.550000011920928955,-0.252000004053115845,-0.312000006437301636,-0.591000020503997803,-0.215000003576278687,-0.246000006794929504,0.0120000001043081284
-1.21899998188018799,-0.788999974727630615,-1.18599998950958252,-0.601999998092651367,-0.638999998569488525,-0.39100000262260437,-0.749000012874603271,-0.708999991416931152,-0.575999975204467773,-1.09000003337860107,-1.21899998188018799,-0.875999987125396729,-0.986000001430511475,-0.851000010967254639,-0.816999971866607666,-0.879999995231628418,-1.01699995994567871,-0.889999985694885254,-0.865000009536743164,-1.03699994087219238,-1.21899998188018799,-1.08299994468688965,-0.985000014305114746,-1.04700005054473877,-0.949999988079071045,-0.922999978065490723,-1.11000001430511475,-1.00199997425079346,-0.977999985218048096,-1.0559999942779541,-1.21899998188018799,-0.81099998950958252,-0.936999976634979248,-0.796999990940093994,-0.771000027656555176,-0.857999980449676514,-0.990999996662139893,-0.857999980449676514,-0.84299999475479126,-1.05200004577636719
-1.2510000467300415,-0.59299999475479126,-0.377000004053115845,-0.375,-0.222000002861022949,-0.0829999968409538269,-0.575999975204467773,-0.351000010967254639,-0.197999998927116394,-0.263000011444091797,-1.2510000467300415,-0.564999997615814209,-0.351999998092651367,-0.596000015735626221,-0.402000010013580322,-0.583000004291534424,-0.640999972820281982,-0.393999993801116943,-0.363000005483627319,-0.301999986171722412,-1.2510000467300415,-0.783999979496002197,-0.828999996185302734,-0.587999999523162842,-0.469999998807907104,-0.368000000715255737,-0.759999990463256836,-0.587000012397766113,-0.492000013589859009,-0.822000026702880859,-1.2510000467300415,-0.656000018119812012,-0.234999999403953552,-0.654999971389770508,-0.345999985933303833,-0.455000013113021851,-0.760999977588653564,-0.404000014066696167,-0.352999985218048096,-0.31099998950958252
-1.14300000667572021,-0.319999992847442627,-0.504999995231628418,-0.188999995589256287,-0.123999997973442078,-0.175999999046325684,-0.52499997615814209,-0.337000012397766113,-0.216000005602836609,-0.686999976634979248,-1.14300000667572021,-0.458999991416931152,-0.324999988079071045,-0.523999989032745361,-0.33899998664855957,-0.597000002861022949,-0.721000015735626221,-0.418000012636184692,-0.42300000786781311,-0.509000003337860107,-1.14300000667572021,-0.902999997138977051,-0.623000025749206543,-0.788999974727630615,-0.565999984741210938,-0.456000000238418579,-0.912999987602233887,-0.660000026226043701,-0.555999994277954102,-0.625999987125396729,-1.14300000667572021,-0.683000028133392334,-0.558000028133392334,-0.65700000524520874,-0.531000018119812012,-0.694999992847442627,-0.722999989986419678,-0.555999994277954102,-0.497999995946884155,-0.519999980926513672
-1.05999994277954102,-0.514999985694885254,-0.477999985218048096,-0.356000006198883057,-0.202999994158744812,-0.181999996304512024,-0.574000000953674316,-0.345999985933303833,-0.296999990940093994,-0.691999971866607666,-1.05999994277954102,-0.578000009059906006,-0.395999997854232788,-0.569999992847442627,-0.39100000262260437,-0.509000003337860107,-0.75,-0.472999989986419678,-0.458000004291534424,-0.563000023365020752,-1.05999994277954102,-0.791999995708465576,-0.787999987602233887,-0.68599998950958252,-0.595000028610229492,-0.513999998569488525,-0.794000029563903809,-0.652000010013580322,-0.602999985218048096,-0.810000002384185791,-1.05999994277954102,-0.69300001859664917,-0.677999973297119141,-0.648000001907348633,-0.573000013828277588,-0.621999979019165039,-0.805000007152557373,-0.621999979019165039,-0.569000005722045898,-0.683000028133392334
-1.15999996662139893,-0.646000027656555176,-1.07099997997283936,-0.488000005483627319,-0.541999995708465576,-0.331999987363815308,-0.695999979972839355,-0.643000006675720215,-0.523000001907348633,-1.09300005435943604,-1.15999996662139893,-0.754000008106231689,-0.861000001430511475,-0.745999991893768311,-0.711000025272369385,-0.805000007152557373,-0.93599998950958252,-0.791000008583068848,-0.777000010013580322,-0.955999970436096191,-1.15999996662139893,-1.03100001811981201,-0.961000025272369385,-0.995000004768371582,-0.913999974727630615,-0.893000006675720215,-1.06099998950958252,-0.959999978542327881,-0.936999976634979248,-1.00600004196166992,-1.15999996662139893,-0.805999994277954102,-0.978999972343444824,-0.772000014781951904,-0.799000024795532227,-0.893999993801116943,-0.938000023365020752,-0.871999979019165039,-0.860000014305114746,-1.0549999475479126
-1.2640000581741333,-0.981999993324279785,-1.04100000858306885,-0.892000019550323486,-0.808000028133392334,-0.758000016212463379,-1.0010000467300415,-0.861000001430511475,-0.842000007629394531,-1.10000002384185791,-1.2640000581741333,-0.839999973773956299,-0.870999991893768311,-0.795000016689300537,-0.709999978542327881,-0.771000027656555176,-0.96399998664855957,-0.783999979496002197,-0.759000003337860107,-0.922999978065490723,-1.2640000581741333,-0.862999975681304932,-1.09300005435943604,-0.721000015735626221,-0.684000015258789062,-0.523999989032745361,-0.851999998092651367,-0.731999993324279785,-0.680000007152557373,-1.09099996089935303,-1.2640000581741333,-0.916000008583068848,-0.892000019550323486,-0.857999980449676514,-0.763000011444091797,-0.810000002384185791,-1.00699996948242188,-0.833999991416931152,-0.81800001859664917,-0.973999977111816406
-1.22500002384185791,-0.574000000953674316,-0.272000014781951904,-0.316000014543533325,-0.0949999988079071045,-0.0370000004768371582,-0.614000022411346436,-0.245000004768371582,-0.0810000002384185791,-0.356000006198883057,-1.22500002384185791,-0.430999994277954102,-0.0759999975562095642,-0.547999978065490723,-0.284000009298324585,-0.460999995470046997,-0.578999996185302734,-0.246999993920326233,-0.243000000715255737,-0.0750000029802322388,-1.22500002384185791,-0.503000020980834961,-0.194999992847442627,-0.21799999475479126,-0.0710000023245811462,-0.0399999991059303284,-0.574999988079071045,-0.224999994039535522,-0.134000003337860107,-0.210999995470046997,-1.22500002384185791,-0.479000002145767212,-0.138999998569488525,-0.555999994277954102,-0.308999985456466675,-0.470999985933303833,-0.619000017642974854,-0.303000003099441528,-0.275999993085861206,-0.140000000596046448
-1.21300005912780762,-0.72500002384185791,-0.685000002384185791,-0.559000015258789062,-0.430999994277954102,-0.344999998807907104,-0.736999988555908203,-0.514999985694885254,-0.426999986171722412,-0.69300001859664917,-1.21300005912780762,-0.827000021934509277,-0.66100001335144043,-0.773000001907348633,-0.623000025749206543,-0.648000001907348633,-0.948000013828277588,-0.709999978542327881,-0.677999973297119141,-0.759000003337860107,-1.21300005912780762,-0.862999975681304932,-0.947000026702880859,-0.734000027179718018,-0.656000018119812012,-0.554000020027160645,-0.879000008106231689,-0.727999985218048096,-0.671999990940093994,-0.973999977111816406,-1.21300005912780762,-0.714999973773956299,-0.495000004768371582,-0.675999999046325684,-0.474999994039535522,-0.555999994277954102,-0.848999977111816406,-0.563000023365020752,-0.528999984264373779,-0.620000004768371582
-0.449000000953674316,-0.0680000036954879761,-0.275999993085861206,0.0509999990463256836,-0.0850000008940696716,-0.0419999994337558746,-0.218999996781349182,-0.172000005841255188,-0.086000002920627594,-0.344000011682510376,-0.449000000953674316,-0.223000004887580872,-0.145999997854232788,-0.289999991655349731,-0.268000006675720215,-0.433999985456466675,-0.460000008344650269,-0.351999998092651367,-0.367000013589859009,-0.428999990224838257,-0.449000000953674316,-0.23399999737739563,-0.651000022888183594,-0.0810000002384185791,-0.261000007390975952,-0.190999999642372131,-0.168999999761581421,-0.259999990463256836,-0.214000001549720764,-0.587000012397766113,-0.449000000953674316,-0.230000004172325134,-0.256000012159347534,-0.321999996900558472,-0.324000000953674316,-0.545000016689300537,-0.439999997615814209,-0.384999990463256836,-0.42300000786781311,-0.501999974250793457
-1.23500001430511475,-0.800000011920928955,-0.837999999523162842,-0.638000011444091797,-0.531000018119812012,-0.435000002384185791,-0.787999987602233887,-0.615000009536743164,-0.554000020027160645,-0.890999972820281982,-1.23500001430511475,-0.865000009536743164,-0.759000003337860107,-0.796999990940093994,-0.660000026226043701,-0.68900001049041748,-0.970000028610229492,-0.754000008106231689,-0.711000025272369385,-0.843999981880187988,-1.23500001430511475,-0.828000009059906006,-0.902999997138977051,-0.68199998140335083,-0.582000017166137695,-0.446999996900558472,-0.861000001430511475,-0.680999994277954102,-0.598999977111816406,-0.950999975204467773,-1.23500001430511475,-0.723999977111816406,-0.546000003814697266,-0.675000011920928955,-0.521000027656555176,-0.60000002384185791,-0.837000012397766113,-0.583000004291534424,-0.550999999046325684,-0.601000010967254639
-1.17100000381469727,-0.41100001335144043,-0.23399999737739563,-0.303000003099441528,-0.229000002145767212,-0.273999989032745361,-0.42300000786781311,-0.275000005960464478,-0.224999994039535522,-0.210999995470046997,-1.17100000381469727,-0.312000006437301636,-0.0359999984502792358,-0.595000028610229492,-0.273000001907348633,-0.537999987602233887,-0.40700000524520874,-0.215000003576278687,-0.165000006556510925,-0.0230000000447034836,-1.17100000381469727,-0.56800001859664917,-1.19299995899200439,-0.405000001192092896,-0.509999990463256836,-0.246999993920326233,-0.538999974727630615,-0.620999991893768311,-0.486999988555908203,-1.08299994468688965,-1.17100000381469727,-0.5,-0.611000001430511475,-0.523999989032745361,-0.508000016212463379,-0.662000000476837158,-0.691999971866607666,-0.551999986171722412,-0.458000004291534424,-0.610000014305114746
-1.08299994468688965,-0.662999987602233887,-1.1109999418258667,-0.541000008583068848,-0.587999999523162842,-0.402999997138977051,-0.688000023365020752,-0.657999992370605469,-0.597000002861022949,-1.13600003719329834,-1.08299994468688965,-0.730000019073486328,-0.783999979496002197,-0.749000012874603271,-0.671000003814697266,-0.795000016689300537,-0.936999976634979248,-0.764999985694885254,-0.769999980926513672,-0.953999996185302734,-1.08299994468688965,-0.875999987125396729,-0.778999984264373779,-0.815999984741210938,-0.694000005722045898,-0.677999973297119141,-0.915000021457672119,-0.758000016212463379,-0.726000010967254639,-0.805000007152557373,-1.08299994468688965,-0.688000023365020752,-0.870000004768371582,-0.699999988079071045,-0.705999970436096191,-0.836000025272369385,-0.869000017642974854,-0.765999972820281982,-0.764999985694885254,-0.953000009059906006
-1.23500001430511475,-0.462000012397766113,-0.409000009298324585,-0.167999997735023499,-0.0740000009536743164,-0.0869999974966049194,-0.58899998664855957,-0.291999995708465576,-0.241999998688697815,-0.509000003337860107,-1.23500001430511475,-0.569000005722045898,-0.287999987602233887,-0.565999984741210938,-0.333999991416931152,-0.513000011444091797,-0.731999993324279785,-0.402000010013580322,-0.395999997854232788,-0.377000004053115845,-1.23500001430511475,-0.939999997615814209,-0.658999979496002197,-0.800000011920928955,-0.56099998950958252,-0.451000005006790161,-0.958999991416931152,-0.653999984264373779,-0.546999990940093994,-0.654999971389770508,-1.23500001430511475,-0.680000007152557373,-0.419999986886978149,-0.64999997615814209,-0.490999996662139893,-0.580999970436096191,-0.736000001430511475,-0.490000009536743164,-0.421999990940093994,-0.374000012874603271
-1.15600001811981201,-0.476999998092651367,-0.0390000008046627045,-0.23999999463558197,-0.034000001847743988,0.00600000005215406418,-0.517000019550323486,-0.123999997973442078,-0.0979999974370002747,-0.0469999983906745911,-1.15600001811981201,-0.425000011920928955,0.148000001907348633,-0.535000026226043701,-0.209999993443489075,-0.333999991416931152,-0.523999989032745361,-0.160999998450279236,-0.196999996900558472,0.125,-1.15600001811981201,-0.526000022888183594,-0,-0.171000003814697266,-0.0240000002086162567,-0.00100000004749745131,-0.521000027656555176,-0.0820000022649765015,-0.0230000000447034836,-0.0130000002682209015,-1.15600001811981201,-0.476999998092651367,0.162000000476837158,-0.574999988079071045,-0.240999996662139893,-0.337999999523162842,-0.554000020027160645,-0.178000003099441528,-0.194000005722045898,0.115000002086162567
-1.14300000667572021,-0.472000002861022949,-0.28600001335144043,-0.395999997854232788,-0.284000009298324585,-0.282999992370605469,-0.544000029563903809,-0.294999986886978149,-0.248999997973442078,-0.287000000476837158,-1.14300000667572021,-0.32699999213218689,0.00400000018998980522,-0.596000015735626221,-0.24400000274181366,-0.522000014781951904,-0.460000008344650269,-0.200000002980232239,-0.150999993085861206,-0.0399999991059303284,-1.14300000667572021,-0.488999992609024048,-1.15799999237060547,-0.337999999523162842,-0.46799999475479126,-0.197999998927116394,-0.477999985218048096,-0.551999986171722412,-0.421000003814697266,-1.05900001525878906,-1.14300000667572021,-0.528999984264373779,-0.591000020503997803,-0.560000002384185791,-0.504000008106231689,-0.656000018119812012,-0.745999991893768311,-0.574999988079071045,-0.47999998927116394,-0.64999997615814209
-1.05999994277954102,-0.514999985694885254,-0.477999985218048096,-0.356000006198883057,-0.202999994158744812,-0.181999996304512024,-0.574000000953674316,-0.345999985933303833,-0.296999990940093994,-0.691999971866607666,-1.05999994277954102,-0.578000009059906006,-0.395999997854232788,-0.569999992847442627,-0.39100000262260437,-0.509000003337860107,-0.75,-0.472999989986419678,-0.458000004291534424,-0.563000023365020752,-1.05999994277954102,-0.791999995708465576,-0.787999987602233887,-0.68599998950958252,-0.595000028610229492,-0.513999998569488525,-0.794000029563903809,-0.652000010013580322,-0.602999985218048096,-0.810000002384185791,-1.05999994277954102,-0.69300001859664917,-0.677999973297119141,-0.648000001907348633,-0.573000013828277588,-0.621999979019165039,-0.805000007152557373,-0.621999979019165039,-0.569000005722045898,-0.683000028133392334
-0.852999985218048096,-0.347999989986419678,-0.35499998927116394,-0.138999998569488525,-0.0450000017881393433,0.0790000036358833313,-0.337000012397766113,-0.104999996721744537,-0.052000001072883606,-0.208000004291534424,-0.852999985218048096,-0.432999998331069946,-0.0599999986588954926,-0.488000005483627319,-0.224000006914138794,-0.361999988555908203,-0.605000019073486328,-0.259000003337860107,-0.245000004768371582,-0.134000003337860107,-0.852999985218048096,-0.579999983310699463,-0.71399998664855957,-0.425000011920928955,-0.446999996900558472,-0.312999993562698364,-0.572000026702880859,-0.515999972820281982,-0.423999994993209839,-0.679000020027160645,-0.852999985218048096,-0.490000009536743164,-0.108000002801418304,-0.512000024318695068,-0.275999993085861206,-0.344999998807907104,-0.64999997615814209,-0.347999989986419678,-0.298999994993209839,-0.236000001430511475
-1.0130000114440918,-0.640999972820281982,-0.709999978542327881,-0.532999992370605469,-0.455000013113021851,-0.389999985694885254,-0.647000014781951904,-0.47999998927116394,-0.425000011920928955,-0.653999984264373779,-1.0130000114440918,-0.71399998664855957,-0.638000011444091797,-0.694000005722045898,-0.582000017166137695,-0.634000003337860107,-0.851999998092651367,-0.671000003814697266,-0.662999987602233887,-0.791000008583068848,-1.0130000114440918,-0.77499997615814209,-0.86799997091293335,-0.66100001335144043,-0.620000004768371582,-0.542999982833862305,-0.751999974250793457,-0.652000010013580322,-0.620000004768371582,-0.874000012874603271,-1.0130000114440918,-0.620999991893768311,-0.423999994993209839,-0.587999999523162842,-0.398999989032745361,-0.442999988794326782,-0.763000011444091797,-0.510999977588653564,-0.481999993324279785,-0.579999983310699463
-1.21200001239776611,-0.591000020503997803,-0.538999974727630615,-0.416000008583068848,-0.24400000274181366,-0.142000004649162292,-0.64999997615814209,-0.388999998569488525,-0.280000001192092896,-0.707000017166137695,-1.21200001239776611,-0.656000018119812012,-0.476000010967254639,-0.646000027656555176,-0.448000013828277588,-0.574000000953674316,-0.813000023365020752,-0.521000027656555176,-0.485000014305114746,-0.587000012397766113,-1.21200001239776611,-0.933000028133392334,-0.898000001907348633,-0.810000002384185791,-0.704999983310699463,-0.612999975681304932,-0.925999999046325684,-0.776000022888183594,-0.704999983310699463,-0.897000014781951904,-1.21200001239776611,-0.833999991416931152,-0.672999978065490723,-0.78600001335144043,-0.620999991893768311,-0.638000011444091797,-0.950999975204467773,-0.709999978542327881,-0.648999989032745361,-0.736999988555908203
-1.2369999885559082,-0.785000026226043701,-0.80699998140335083,-0.624000012874603271,-0.514999985694885254,-0.405000001192092896,-0.799000024795532227,-0.598999977111816406,-0.504000008106231689,-0.822000026702880859,-1.2369999885559082,-0.887000024318695068,-0.704999983310699463,-0.820999979972839355,-0.644999980926513672,-0.652000010013580322,-0.990000009536743164,-0.746999979019165039,-0.690999984741210938,-0.787999987602233887,-1.2369999885559082,-0.893999993801116943,-0.921999990940093994,-0.731000006198883057,-0.605000019073486328,-0.467000007629394531,-0.870000004768371582,-0.697000026702880859,-0.616999983787536621,-0.913999974727630615,-1.2369999885559082,-0.739000022411346436,-0.43900001049041748,-0.679000020027160645,-0.444000005722045898,-0.490999996662139893,-0.83899998664855957,-0.529999971389770508,-0.490999996662139893,-0.526000022888183594
-1.15100002288818359,-0.753000020980834961,-0.669000029563903809,-0.505999982357025146,-0.386999994516372681,-0.238000005483627319,-0.736000001430511475,-0.52499997615814209,-0.331999987363815308,-0.582000017166137695,-1.15100002288818359,-0.781000018119812012,-0.626999974250793457,-0.677999973297119141,-0.533999979496002197,-0.574000000953674316,-0.833999991416931152,-0.612999975681304932,-0.531000018119812012,-0.611000001430511475,-1.15100002288818359,-0.837000012397766113,-0.933000028133392334,-0.628000020980834961,-0.59299999475479126,-0.388000011444091797,-0.801999986171722412,-0.694000005722045898,-0.521000027656555176,-0.809000015258789062,-1.15100002288818359,-0.800000011920928955,-0.628000020980834961,-0.71399998664855957,-0.565999984741210938,-0.569000005722045898,-0.879000008106231689,-0.666999995708465576,-0.614000022411346436,-0.723999977111816406
-1.21599996089935303,-0.512000024318695068,-0.0869999974966049194,-0.331000000238418579,-0.12200000137090683,-0.0799999982118606567,-0.529999971389770508,-0.250999987125396729,-0.144999995827674866,-0.0329999998211860657,-1.21599996089935303,-0.509999990463256836,-0.151999995112419128,-0.554000020027160645,-0.28600001335144043,-0.48399999737739563,-0.587999999523162842,-0.293999999761581421,-0.291000008583068848,-0.144999995827674866,-1.21599996089935303,-0.762000024318695068,-0.805999994277954102,-0.583000004291534424,-0.477999985218048096,-0.370999991893768311,-0.750999987125396729,-0.572000026702880859,-0.48399999737739563,-0.783999979496002197,-1.21599996089935303,-0.60000002384185791,-0.167999997735023499,-0.638000011444091797,-0.333999991416931152,-0.462000012397766113,-0.709999978542327881,-0.384999990463256836,-0.358000010251998901,-0.247999995946884155
-1.19900000095367432,-0.358000010251998901,-0.00800000037997961044,-0.163000002503395081,-0.00800000037997961044,-0.0419999994337558746,-0.300000011920928955,-0.052000001072883606,0.0240000002086162567,0.131999999284744263,-1.19900000095367432,-0.421000003814697266,-0.00999999977648258209,-0.546999990940093994,-0.238999992609024048,-0.481999993324279785,-0.455000013113021851,-0.165999993681907654,-0.187999993562698364,0.0209999997168779373,-1.19900000095367432,-0.785000026226043701,-0.871999979019165039,-0.620999991893768311,-0.550000011920928955,-0.41100001335144043,-0.791999995708465576,-0.638000011444091797,-0.512000024318695068,-0.856000006198883057,-1.19900000095367432,-0.514999985694885254,-0.0839999988675117493,-0.601999998092651367,-0.291999995708465576,-0.493999987840652466,-0.63200002908706665,-0.284999996423721313,-0.264999985694885254,-0.143999993801116943
-0.91100001335144043,-0.612999975681304932,-0.643999993801116943,-0.395999997854232788,-0.39100000262260437,-0.240999996662139893,-0.625999987125396729,-0.486000001430511475,-0.34299999475479126,-0.554000020027160645,-0.91100001335144043,-0.60000002384185791,-0.31099998950958252,-0.619000017642974854,-0.393999993801116943,-0.425999999046325684,-0.81099998950958252,-0.517000019550323486,-0.469000011682510376,-0.446999996900558472,-0.91100001335144043,-0.662000000476837158,-0.722000002861022949,-0.537000000476837158,-0.483000010251998901,-0.389999985694885254,-0.65700000524520874,-0.526000022888183594,-0.456999987363815308,-0.695999979972839355,-0.91100001335144043,-0.66100001335144043,-0.515999972820281982,-0.662000000476837158,-0.517000019550323486,-0.533999979496002197,-0.853999972343444824,-0.652999997138977051,-0.615000009536743164,-0.699000000953674316
-0.96399998664855957,-0.712999999523162842,-0.781000018119812012,-0.657999992370605469,-0.625,-0.606000006198883057,-0.773000001907348633,-0.675999999046325684,-0.675000011920928955,-0.902000010013580322,-0.96399998664855957,-0.740000009536743164,-0.702000021934509277,-0.758000016212463379,-0.680999994277954102,-0.740000009536743164,-0.935000002384185791,-0.797999978065490723,-0.802999973297119141,-0.925999999046325684,-0.96399998664855957,-0.767000019550323486,-0.893999993801116943,-0.691999971866607666,-0.68900001049041748,-0.638999998569488525,-0.80699998140335083,-0.740999996662139893,-0.707000017166137695,-0.936999976634979248,-0.96399998664855957,-0.69300001859664917,-0.565999984741210938,-0.656000018119812012,-0.50700002908706665,-0.519999980926513672,-0.810000002384185791,-0.611999988555908203,-0.570999979972839355,-0.686999976634979248
-0.638000011444091797,-0.462999999523162842,-0.550999999046325684,-0.207000002264976501,-0.225999996066093445,-0.14100000262260437,-0.358000010251998901,-0.296000003814697266,-0.192000001668930054,-0.421000003814697266,-0.638000011444091797,-0.453000009059906006,-0.167999997735023499,-0.541000008583068848,-0.379000008106231689,-0.460999995470046997,-0.703999996185302734,-0.456999987363815308,-0.437000006437301636,-0.428000003099441528,-0.638000011444091797,-0.425000011920928955,-0.527000010013580322,-0.337999999523162842,-0.342000007629394531,-0.238999992609024048,-0.474000006914138794,-0.416000008583068848,-0.354000002145767212,-0.635999977588653564,-0.638000011444091797,-0.314999997615814209,-0.0219999998807907104,-0.437999993562698364,-0.229000002145767212,-0.330000013113021851,-0.657999992370605469,-0.345999985933303833,-0.328000009059906006,-0.284000009298324585
-1.2640000581741333,-0.428999990224838257,-0.175999999046325684,-0.23399999737739563,-0.100000001490116119,-0.0329999998211860657,-0.495999991893768311,-0.216999992728233337,-0.0299999993294477463,-0.12200000137090683,-1.2640000581741333,-0.451000005006790161,-0.14100000262260437,-0.546999990940093994,-0.284999996423721313,-0.542999982833862305,-0.532999992370605469,-0.229000002145767212,-0.230000004172325134,-0.090999998152256012,-1.2640000581741333,-0.837999999523162842,-0.852999985218048096,-0.658999979496002197,-0.533999979496002197,-0.46799999475479126,-0.824999988079071045,-0.638000011444091797,-0.56400001049041748,-0.847999989986419678,-1.2640000581741333,-0.620000004768371582,-0.238000005483627319,-0.628000020980834961,-0.317000001668930054,-0.501999974250793457,-0.677999973297119141,-0.337000012397766113,-0.293999999761581421,-0.22800000011920929
-0.986999988555908203,-0.444999992847442627,-0.425000011920928955,-0.248999997973442078,-0.173999994993209839,-0.156000003218650818,-0.428999990224838257,-0.238000005483627319,-0.177000001072883606,-0.375999987125396729,-0.986999988555908203,-0.43900001049041748,-0.129999995231628418,-0.495000004768371582,-0.268999993801116943,-0.414999991655349731,-0.606000006198883057,-0.32699999213218689,-0.321000009775161743,-0.246000006794929504,-0.986999988555908203,-0.513000011444091797,-0.551999986171722412,-0.342000007629394531,-0.261000007390975952,-0.158000007271766663,-0.541000008583068848,-0.347999989986419678,-0.273999989032745361,-0.570999979972839355,-0.986999988555908203,-0.541000008583068848,-0.185000002384185791,-0.493999987840652466,-0.238000005483627319,-0.300999999046325684,-0.665000021457672119,-0.337000012397766113,-0.287999987602233887,-0.321999996900558472
-1.17299997806549072,-0.841000020503997803,-0.902000010013580322,-0.717000007629394531,-0.626999974250793457,-0.540000021457672119,-0.828000009059906006,-0.68199998140335083,-0.635999977588653564,-0.910000026226043701,-1.17299997806549072,-0.871999979019165039,-0.797999978065490723,-0.829999983310699463,-0.707000017166137695,-0.748000025749206543,-0.978999972343444824,-0.795000016689300537,-0.782999992370605469,-0.936999976634979248,-1.17299997806549072,-0.893000006675720215,-0.986000001430511475,-0.781000018119812012,-0.697000026702880859,-0.601000010967254639,-0.893000006675720215,-0.746999979019165039,-0.712000012397766113,-1.00199997425079346,-1.17299997806549072,-0.767000019550323486,-0.648000001907348633,-0.722999989986419678,-0.564999997615814209,-0.611999988555908203,-0.893999993801116943,-0.648999989032745361,-0.602999985218048096,-0.726000010967254639
-1.10599994659423828,-0.456999987363815308,-0.395999997854232788,-0.273000001907348633,-0.168999999761581421,-0.0939999967813491821,-0.47999998927116394,-0.224000006914138794,-0.123999997973442078,-0.372000008821487427,-1.10599994659423828,-0.479000002145767212,-0.128999993205070496,-0.518000006675720215,-0.282999992370605469,-0.433999985456466675,-0.602999985218048096,-0.287000000476837158,-0.280000001192092896,-0.171000003814697266,-1.10599994659423828,-0.577000021934509277,-0.671999990940093994,-0.395999997854232788,-0.324999988079071045,-0.232999995350837708,-0.597000002861022949,-0.446000009775161743,-0.351000010967254639,-0.695999979972839355,-1.10599994659423828,-0.574000000953674316,-0.223000004887580872,-0.555000007152557373,-0.317999988794326782,-0.442000001668930054,-0.698000013828277588,-0.384999990463256836,-0.377000004053115845,-0.351000010967254639
-0.794000029563903809,-0.483000010251998901,-0.453000009059906006,-0.232999995350837708,-0.184000000357627869,-0.0460000000894069672,-0.477999985218048096,-0.321000009775161743,-0.136999994516372681,-0.416999995708465576,-0.794000029563903809,-0.492000013589859009,-0.388000011444091797,-0.441000014543533325,-0.397000014781951904,-0.442000001668930054,-0.611000001430511475,-0.493000000715255737,-0.432999998331069946,-0.504000008106231689,-0.794000029563903809,-0.579999983310699463,-0.69300001859664917,-0.437000006437301636,-0.421000003814697266,-0.291000008583068848,-0.561999976634979248,-0.488000005483627319,-0.395999997854232788,-0.64999997615814209,-0.794000029563903809,-0.535000026226043701,-0.381000012159347534,-0.503000020980834961,-0.356999993324279785,-0.388999998569488525,-0.685000002384185791,-0.47999998927116394,-0.448000013828277588,-0.551999986171722412
-1.07400000095367432,-0.398000001907348633,-0.349000006914138794,-0.115999996662139893,-0.0370000004768371582,0.00499999988824129105,-0.370999991893768311,-0.224000006914138794,-0.0790000036358833313,-0.360000014305114746,-1.07400000095367432,-0.39500001072883606,0.0390000008046627045,-0.50700002908706665,-0.207000002264976501,-0.435000002384185791,-0.479000002145767212,-0.168999999761581421,-0.179000005125999451,-0.00200000009499490261,-1.07400000095367432,-0.504000008106231689,-0.0680000036954879761,-0.209000006318092346,0.00800000037997961044,-0.0879999995231628418,-0.58899998664855957,-0.136000007390975952,-0.0930000022053718567,-0.0810000002384185791,-1.07400000095367432,-0.335000008344650269,0.0570000000298023224,-0.435000002384185791,-0.197999998927116394,-0.402000010013580322,-0.451000005006790161,-0.159999996423721313,-0.199000000953674316,-0.00100000004749745131
-1.24399995803833008,-0.880999982357025146,-0.848999977111816406,-0.680000007152557373,-0.56400001049041748,-0.370000004768371582,-0.848999977111816406,-0.685000002384185791,-0.52499997615814209,-0.799000024795532227,-1.24399995803833008,-0.815999984741210938,-0.63200002908706665,-0.727999985218048096,-0.550999999046325684,-0.564999997615814209,-0.885999977588653564,-0.657999992370605469,-0.559000015258789062,-0.628000020980834961,-1.24399995803833008,-0.927999973297119141,-0.93199998140335083,-0.726000010967254639,-0.620999991893768311,-0.460999995470046997,-0.884999990463256836,-0.745999991893768311,-0.616999983787536621,-0.884999990463256836,-1.24399995803833008,-0.912999987602233887,-0.695999979972839355,-0.83899998664855957,-0.625999987125396729,-0.621999979019165039,-1.00699996948242188,-0.754000008106231689,-0.68900001049041748,-0.796000003814697266
-1.17499995231628418,-0.518000006675720215,-0.43900001049041748,-0.324000000953674316,-0.150000005960464478,-0.0820000022649765015,-0.586000025272369385,-0.310000002384185791,-0.150999993085861206,-0.449000000953674316,-1.17499995231628418,-0.584999978542327881,-0.342000007629394531,-0.624000012874603271,-0.402000010013580322,-0.542999982833862305,-0.777999997138977051,-0.455000013113021851,-0.419999986886978149,-0.435000002384185791,-1.17499995231628418,-0.884000003337860107,-0.68199998140335083,-0.762000024318695068,-0.563000023365020752,-0.428000003099441528,-0.916000008583068848,-0.666999995708465576,-0.560000002384185791,-0.699999988079071045,-1.17499995231628418,-0.683000028133392334,-0.456000000238418579,-0.68900001049041748,-0.48399999737739563,-0.591000020503997803,-0.809000015258789062,-0.554000020027160645,-0.504000008106231689,-0.504999995231628418
-0.778999984264373779,-0.328999996185302734,-0.437999993562698364,-0.171000003814697266,-0.0780000016093254089,-0.072999998927116394,-0.402000010013580322,-0.243000000715255737,-0.204999998211860657,-0.583999991416931152,-0.778999984264373779,-0.397000014781951904,-0.279000014066696167,-0.514999985694885254,-0.367000013589859009,-0.542999982833862305,-0.68900001049041748,-0.439999997615814209,-0.441000014543533325,-0.483000010251998901,-0.778999984264373779,-0.565999984741210938,-0.279000014066696167,-0.354000002145767212,-0.180000007152557373,-0.0529999993741512299,-0.486000001430511475,-0.234999999403953552,-0.13099999725818634,-0.160999998450279236,-0.778999984264373779,-0.437000006437301636,-0.277999997138977051,-0.500999987125396729,-0.368000000715255737,-0.527000010013580322,-0.591000020503997803,-0.379999995231628418,-0.367000013589859009,-0.32699999213218689
-1.26900005340576172,-1.01100003719329834,-1.0559999942779541,-0.921999990940093994,-0.848999977111816406,-0.785000026226043701,-1.04100000858306885,-0.916999995708465576,-0.880999982357025146,-1.12000000476837158,-1.26900005340576172,-0.832000017166137695,-0.915000021457672119,-0.782999992370605469,-0.740000009536743164,-0.822000026702880859,-0.957000017166137695,-0.811999976634979248,-0.801999986171722412,-0.986999988555908203,-1.26900005340576172,-0.852999985218048096,-1.09599995613098145,-0.68900001049041748,-0.66100001335144043,-0.47999998927116394,-0.839999973773956299,-0.734000027179718018,-0.656000018119812012,-1.09300005435943604,-1.26900005340576172,-0.925000011920928955,-0.887000024318695068,-0.855000019073486328,-0.748000025749206543,-0.790000021457672119,-1.00899994373321533,-0.837999999523162842,-0.811999976634979248,-0.976999998092651367
-1.16600000858306885,-0.78600001335144043,-0.601999998092651367,-0.549000024795532227,-0.425999999046325684,-0.289999991655349731,-0.768999993801116943,-0.504000008106231689,-0.35899999737739563,-0.578999996185302734,-1.16600000858306885,-0.740999996662139893,-0.458000004291534424,-0.647000014781951904,-0.458000004291534424,-0.488999992609024048,-0.824000000953674316,-0.552999973297119141,-0.486999988555908203,-0.551999986171722412,-1.16600000858306885,-0.857999980449676514,-0.920000016689300537,-0.704999983310699463,-0.626999974250793457,-0.472000002861022949,-0.870000004768371582,-0.71399998664855957,-0.596000015735626221,-0.893000006675720215,-1.16600000858306885,-0.86799997091293335,-0.723999977111816406,-0.801999986171722412,-0.653999984264373779,-0.663999974727630615,-0.96799999475479126,-0.75700002908706665,-0.716000020503997803,-0.842000007629394531
-1.11800003051757812,-0.888000011444091797,-0.998000025749206543,-0.800999999046325684,-0.760999977588653564,-0.694999992847442627,-0.885999977588653564,-0.783999979496002197,-0.754999995231628418,-0.987999975681304932,-1.11800003051757812,-0.785000026226043701,-0.788999974727630615,-0.768999993801116943,-0.671999990940093994,-0.759999990463256836,-0.927999973297119141,-0.746999979019165039,-0.750999987125396729,-0.916999995708465576,-1.11800003051757812,-0.811999976634979248,-1.03699994087219238,-0.718999981880187988,-0.722999989986419678,-0.68900001049041748,-0.819000005722045898,-0.732999980449676514,-0.727999985218048096,-1.03999996185302734,-1.11800003051757812,-0.83899998664855957,-0.778999984264373779,-0.815999984741210938,-0.709999978542327881,-0.769999980926513672,-0.977999985218048096,-0.81400001049041748,-0.810000002384185791,-0.962000012397766113
-1.21599996089935303,-0.712000012397766113,-1.14100003242492676,-0.510999977588653564,-0.587000012397766113,-0.32699999213218689,-0.732999980449676514,-0.717000007629394531,-0.546000003814697266,-1.14199995994567871,-1.21599996089935303,-0.833000004291534424,-0.947000026702880859,-0.787999987602233887,-0.782999992370605469,-0.853999972343444824,-0.958000004291534424,-0.856999993324279785,-0.832000017166137695,-1.01100003719329834,-1.21599996089935303,-1.06200003623962402,-0.991999983787536621,-1.00199997425079346,-0.916000008583068848,-0.884999990463256836,-1.06700003147125244,-0.958999991416931152,-0.921999990940093994,-1.0140000581741333,-1.21599996089935303,-0.797999978065490723,-0.96399998664855957,-0.763000011444091797,-0.776000022888183594,-0.880999982357025146,-0.927999973297119141,-0.834999978542327881,-0.819000005722045898,-1.01800000667572021
-1.10699999332427979,-0.486999988555908203,-0.474000006914138794,-0.41100001335144043,-0.363000005483627319,-0.351999998092651367,-0.472999989986419678,-0.330000013113021851,-0.328999996185302734,-0.458000004291534424,-1.10699999332427979,-0.330000013113021851,-0.104999996721744537,-0.578000009059906006,-0.298999994993209839,-0.597000002861022949,-0.47999998927116394,-0.256999999284744263,-0.222000002861022949,-0.182999998331069946,-1.10699999332427979,-0.546999990940093994,-1.20000004768371582,-0.372999995946884155,-0.469999998807907104,-0.226999998092651367,-0.476000010967254639,-0.560000002384185791,-0.465999990701675415,-1.06799995899200439,-1.10699999332427979,-0.479000002145767212,-0.646000027656555176,-0.550999999046325684,-0.53600001335144043,-0.689999997615814209,-0.755999982357025146,-0.592000007629394531,-0.540000021457672119,-0.72500002384185791
-1.21500003337860107,-0.374000012874603271,-0.497999995946884155,-0.263000011444091797,-0.303000003099441528,-0.368000000715255737,-0.368000000715255737,-0.351000010967254639,-0.291000008583068848,-0.472999989986419678,-1.21500003337860107,-0.252000004053115845,-0.098999999463558197,-0.540000021457672119,-0.256000012159347534,-0.611000001430511475,-0.337999999523162842,-0.173999994993209839,-0.159999996423721313,-0.0509999990463256836,-1.21500003337860107,-0.591000020503997803,-1.15499997138977051,-0.388000011444091797,-0.465000003576278687,-0.214000001549720764,-0.569999992847442627,-0.634000003337860107,-0.52499997615814209,-1.20399999618530273,-1.21500003337860107,-0.624000012874603271,-0.878000020980834961,-0.634999990463256836,-0.670000016689300537,-0.809000015258789062,-0.796000003814697266,-0.708999991416931152,-0.653999984264373779,-0.829999983310699463
-1.17700004577636719,-0.939999997615814209,-1.06099998950958252,-0.860000014305114746,-0.829999983310699463,-0.781000018119812012,-0.949000000953674316,-0.848999977111816406,-0.828000009059906006,-1.05999994277954102,-1.17700004577636719,-0.796000003814697266,-0.856000006198883057,-0.777999997138977051,-0.712000012397766113,-0.787999987602233887,-0.957000017166137695,-0.791999995708465576,-0.787999987602233887,-0.970000028610229492,-1.17700004577636719,-0.78200000524520874,-1.06200003623962402,-0.686999976634979248,-0.676999986171722412,-0.555999994277954102,-0.820999979972839355,-0.707000017166137695,-0.675999999046325684,-1.0820000171661377,-1.17700004577636719,-0.808000028133392334,-0.81800001859664917,-0.795000016689300537,-0.712999999523162842,-0.799000024795532227,-0.972999989986419678,-0.801999986171722412,-0.801999986171722412,-0.964999973773956299
-1.18499994277954102,-0.679000020027160645,-1.07899999618530273,-0.442000001668930054,-0.495999991893768311,-0.252000004053115845,-0.720000028610229492,-0.694000005722045898,-0.529999971389770508,-1.14600002765655518,-1.18499994277954102,-0.765999972820281982,-0.878000020980834961,-0.71799999475479126,-0.695999979972839355,-0.771000027656555176,-0.921999990940093994,-0.800999999046325684,-0.758000016212463379,-0.961000025272369385,-1.18499994277954102,-1.02400004863739014,-0.925000011920928955,-0.96799999475479126,-0.85000002384185791,-0.794000029563903809,-1.0429999828338623,-0.904999971389770508,-0.857999980449676514,-0.925000011920928955,-1.18499994277954102,-0.779999971389770508,-0.921000003814697266,-0.72500002384185791,-0.726000010967254639,-0.833000004291534424,-0.887000024318695068,-0.787999987602233887,-0.75700002908706665,-0.926999986171722412
-1.09200000762939453,-0.398999989032745361,-0.108000002801418304,-0.225999996066093445,-0.0750000029802322388,-0.0209999997168779373,-0.41100001335144043,-0.186000004410743713,-0.0280000008642673492,0.0280000008642673492,-1.09200000762939453,-0.409000009298324585,-0.0640000030398368835,-0.555000007152557373,-0.317999988794326782,-0.513999998569488525,-0.503000020980834961,-0.232999995350837708,-0.238000005483627319,-0.0270000007003545761,-1.09200000762939453,-0.625,-0.651000022888183594,-0.433999985456466675,-0.324000000953674316,-0.270999997854232788,-0.624000012874603271,-0.437999993562698364,-0.342000007629394531,-0.647000014781951904,-1.09200000762939453,-0.50700002908706665,-0.043000001460313797,-0.586000025272369385,-0.248999997973442078,-0.397000014781951904,-0.610000014305114746,-0.275000005960464478,-0.231000006198883057,-0.112999998033046722
-0.927999973297119141,-0.470999985933303833,-0.259999990463256836,-0.261000007390975952,-0.148000001907348633,-0.0769999995827674866,-0.561999976634979248,-0.330000013113021851,-0.223000004887580872,-0.393999993801116943,-0.927999973297119141,-0.34299999475479126,0.159999996423721313,-0.418999999761581421,-0.151999995112419128,-0.300000011920928955,-0.544000029563903809,-0.180999994277954102,-0.219999998807907104,-0.0179999992251396179,-0.927999973297119141,-0.317999988794326782,0.179000005125999451,-0.0460000000894069672,0.125,0.194000005722045898,-0.451000005006790161,0.0240000002086162567,0.0599999986588954926,0.128000006079673767,-0.927999973297119141,-0.384000003337860107,0.064999997615814209,-0.425000011920928955,-0.200000002980232239,-0.367000013589859009,-0.537000000476837158,-0.211999997496604919,-0.241999998688697815,-0.108000002801418304
-1.09800004959106445,-0.686999976634979248,-0.762000024318695068,-0.533999979496002197,-0.460999995470046997,-0.349999994039535522,-0.68599998950958252,-0.533999979496002197,-0.460000008344650269,-0.762000024318695068,-1.09800004959106445,-0.736999988555908203,-0.635999977588653564,-0.680000007152557373,-0.546999990940093994,-0.575999975204467773,-0.85000002384185791,-0.643000006675720215,-0.606999993324279785,-0.739000022411346436,-1.09800004959106445,-0.802999973297119141,-0.898999989032745361,-0.676999986171722412,-0.63200002908706665,-0.550999999046325684,-0.80699998140335083,-0.685000002384185791,-0.628000020980834961,-0.907999992370605469,-1.09800004959106445,-0.66100001335144043,-0.558000028133392334,-0.630999982357025146,-0.526000022888183594,-0.611999988555908203,-0.792999982833862305,-0.606999993324279785,-0.582000017166137695,-0.660000026226043701
-1.16900002956390381,-0.630999982357025146,-0.296999990940093994,-0.252999991178512573,-0.10599999874830246,-0.0370000004768371582,-0.537000000476837158,-0.263999998569488525,-0.115000002086162567,-0.266999989748001099,-1.16900002956390381,-0.583000004291534424,0.00899999961256980896,-0.547999978065490723,-0.247999995946884155,-0.314999997615814209,-0.624000012874603271,-0.275000005960464478,-0.259000003337860107,-0.0670000016689300537,-1.16900002956390381,-0.648999989032745361,-0.143000006675720215,-0.293999999761581421,-0.136000007390975952,-0.104000002145767212,-0.602999985218048096,-0.245000004768371582,-0.133000001311302185,-0.131999999284744263,-1.16900002956390381,-0.533999979496002197,0.0769999995827674866,-0.552999973297119141,-0.241999998688697815,-0.374000012874603271,-0.607999980449676514,-0.224000006914138794,-0.250999987125396729,-0.0140000004321336746
-1.20200002193450928,-0.996999979019165039,-1.09300005435943604,-0.917999982833862305,-0.892000019550323486,-0.857999980449676514,-0.994000017642974854,-0.919000029563903809,-0.90700000524520874,-1.11899995803833008,-1.20200002193450928,-0.88200002908706665,-0.962000012397766113,-0.861999988555908203,-0.828000009059906006,-0.89999997615814209,-1.02199995517730713,-0.902000010013580322,-0.904999971389770508,-1.08000004291534424,-1.20200002193450928,-0.885999977588653564,-1.11800003051757812,-0.785000026226043701,-0.781000018119812012,-0.683000028133392334,-0.897000014781951904,-0.80699998140335083,-0.779999971389770508,-1.12899994850158691,-1.20200002193450928,-0.896000027656555176,-0.944000005722045898,-0.870999991893768311,-0.820999979972839355,-0.884000003337860107,-1.03199994564056396,-0.904999971389770508,-0.902999997138977051,-1.0690000057220459
-0.935000002384185791,-0.744000017642974854,-0.875,-0.689999997615814209,-0.68199998140335083,-0.680999994277954102,-0.773000001907348633,-0.699000000953674316,-0.705999970436096191,-0.916000008583068848,-0.935000002384185791,-0.68900001049041748,-0.873000025749206543,-0.672999978065490723,-0.722999989986419678,-0.828000009059906006,-0.815999984741210938,-0.769999980926513672,-0.81800001859664917,-1.01100003719329834,-0.935000002384185791,-0.653999984264373779,-0.976999998092651367,-0.555000007152557373,-0.612999975681304932,-0.558000028133392334,-0.633000016212463379,-0.593999981880187988,-0.615999996662139893,-0.984000027179718018,-0.935000002384185791,-0.630999982357025146,-0.683000028133392334,-0.596000015735626221,-0.537000000476837158,-0.609000027179718018,-0.750999987125396729,-0.610000014305114746,-0.619000017642974854,-0.808000028133392334
-1.03600001335144043,-0.727999985218048096,-0.740999996662139893,-0.546999990940093994,-0.46799999475479126,-0.344999998807907104,-0.694000005722045898,-0.579999983310699463,-0.472000002861022949,-0.74299997091293335,-1.03600001335144043,-0.721000015735626221,-0.587999999523162842,-0.712999999523162842,-0.591000020503997803,-0.657999992370605469,-0.892000019550323486,-0.708999991416931152,-0.665000021457672119,-0.736000001430511475,-1.03600001335144043,-0.799000024795532227,-0.915000021457672119,-0.658999979496002197,-0.66100001335144043,-0.563000023365020752,-0.791999995708465576,-0.708000004291534424,-0.615999996662139893,-0.841000020503997803,-1.03600001335144043,-0.779999971389770508,-0.614000022411346436,-0.740999996662139893,-0.60000002384185791,-0.606999993324279785,-0.907999992370605469,-0.721000015735626221,-0.665000021457672119,-0.751999974250793457
-1.23899996280670166,-1.00899994373321533,-1.07299995422363281,-0.940999984741210938,-0.887000024318695068,-0.870000004768371582,-1.02600002288818359,-0.921999990940093994,-0.922999978065490723,-1.14600002765655518,-1.23899996280670166,-0.869000017642974854,-1.00999999046325684,-0.84299999475479126,-0.828999996185302734,-0.898000001907348633,-1.0140000581741333,-0.898999989032745361,-0.902999997138977051,-1.11300003528594971,-1.23899996280670166,-0.884000003337860107,-1.10399997234344482,-0.772000014781951904,-0.746999979019165039,-0.638000011444091797,-0.879000008106231689,-0.773999989032745361,-0.75700002908706665,-1.14800000190734863,-1.23899996280670166,-0.924000024795532227,-0.828000009059906006,-0.878000020980834961,-0.740999996662139893,-0.750999987125396729,-1.02400004863739014,-0.833999991416931152,-0.805999994277954102,-0.948000013828277588
-0.677999973297119141,-0.264999985694885254,-0.221000000834465027,-0.0379999987781047821,-0.0719999969005584717,-0.0109999999403953552,-0.287999987602233887,-0.151999995112419128,-0.0359999984502792358,-0.167999997735023499,-0.677999973297119141,-0.45199999213218689,-0.186000004410743713,-0.483000010251998901,-0.386999994516372681,-0.425999999046325684,-0.611999988555908203,-0.45199999213218689,-0.393000006675720215,-0.275999993085861206,-0.677999973297119141,-0.400999993085861206,-0.712999999523162842,-0.221000000834465027,-0.328999996185302734,-0.225999996066093445,-0.32699999213218689,-0.337000012397766113,-0.223000004887580872,-0.481000006198883057,-0.677999973297119141,-0.324000000953674316,-0.241999998688697815,-0.35899999737739563,-0.287999987602233887,-0.451000005006790161,-0.495000004768371582,-0.335999995470046997,-0.328999996185302734,-0.340999990701675415
-1.12000000476837158,-0.656000018119812012,-1.09300005435943604,-0.453000009059906006,-0.528999984264373779,-0.333999991416931152,-0.615999996662139893,-0.620999991893768311,-0.521000027656555176,-1.04100000858306885,-1.12000000476837158,-0.751999974250793457,-0.86799997091293335,-0.717000007629394531,-0.703999996185302734,-0.80699998140335083,-0.880999982357025146,-0.776000022888183594,-0.769999980926513672,-0.952000021934509277,-1.12000000476837158,-0.991999983787536621,-0.925000011920928955,-0.929000020027160645,-0.846000015735626221,-0.802999973297119141,-0.980000019073486328,-0.879000008106231689,-0.832000017166137695,-0.901000022888183594,-1.12000000476837158,-0.714999973773956299,-0.845000028610229492,-0.705999970436096191,-0.676999986171722412,-0.809000015258789062,-0.880999982357025146,-0.749000012874603271,-0.749000012874603271,-0.94300001859664917
-1.05200004577636719,-0.425000011920928955,-0.60000002384185791,-0.270999997854232788,-0.194999992847442627,-0.163000002503395081,-0.492000013589859009,-0.345999985933303833,-0.25,-0.731000006198883057,-1.05200004577636719,-0.523999989032745361,-0.370000004768371582,-0.601000010967254639,-0.425999999046325684,-0.610000014305114746,-0.759000003337860107,-0.483000010251998901,-0.479000002145767212,-0.53200000524520874,-1.05200004577636719,-0.824999988079071045,-0.541999995708465576,-0.662999987602233887,-0.472000002861022949,-0.372000008821487427,-0.794000029563903809,-0.552999973297119141,-0.474000006914138794,-0.528999984264373779,-1.05200004577636719,-0.638999998569488525,-0.523000001907348633,-0.633000016212463379,-0.486000001430511475,-0.638999998569488525,-0.753000020980834961,-0.541999995708465576,-0.495000004768371582,-0.521000027656555176
-1.28400003910064697,-0.609000027179718018,-0.662999987602233887,-0.423999994993209839,-0.221000000834465027,-0.159999996423721313,-0.621999979019165039,-0.42300000786781311,-0.389999985694885254,-0.875,-1.28400003910064697,-0.629999995231628418,-0.551999986171722412,-0.623000025749206543,-0.426999986171722412,-0.597000002861022949,-0.758000016212463379,-0.465999990701675415,-0.446000009775161743,-0.574000000953674316,-1.28400003910064697,-1.04600000381469727,-1.03199994564056396,-0.959999978542327881,-0.871999979019165039,-0.802999973297119141,-1.0559999942779541,-0.925999999046325684,-0.879000008106231689,-1.06500005722045898,-1.28400003910064697,-0.870000004768371582,-0.748000025749206543,-0.811999976634979248,-0.660000026226043701,-0.691999971866607666,-0.99299997091293335,-0.746999979019165039,-0.675000011920928955,-0.783999979496002197
-1.29499995708465576,-1.02499997615814209,-1.08800005912780762,-0.927999973297119141,-0.861999988555908203,-0.783999979496002197,-1.02799999713897705,-0.903999984264373779,-0.860000014305114746,-1.10099995136260986,-1.29499995708465576,-0.941999971866607666,-0.958000004291534424,-0.89999997615814209,-0.816999971866607666,-0.860000014305114746,-1.05299997329711914,-0.888999998569488525,-0.870000004768371582,-1.02900004386901855,-1.29499995708465576,-0.976999998092651367,-1.11399996280670166,-0.879999995231628418,-0.828000009059906006,-0.768999993801116943,-0.978999972343444824,-0.851000010967254639,-0.829999983310699463,-1.11000001430511475,-1.29499995708465576,-0.968999981880187988,-0.870999991893768311,-0.924000024795532227,-0.787000000476837158,-0.80699998140335083,-1.07799994945526123,-0.884999990463256836,-0.852999985218048096,-0.984000027179718018
-1.26699995994567871,-0.754999995231628418,-1.12300002574920654,-0.565999984741210938,-0.578999996185302734,-0.365000009536743164,-0.78200000524520874,-0.711000025272369385,-0.601999998092651367,-1.17599999904632568,-1.26699995994567871,-0.856999993324279785,-0.912999987602233887,-0.822000026702880859,-0.758000016212463379,-0.852999985218048096,-1.0130000114440918,-0.852999985218048096,-0.847999989986419678,-1.04700005054473877,-1.26699995994567871,-1.08399999141693115,-0.978999972343444824,-1.02400004863739014,-0.907999992370605469,-0.847999989986419678,-1.11399996280670166,-0.976000010967254639,-0.926999986171722412,-1.01100003719329834,-1.26699995994567871,-0.856999993324279785,-0.986999988555908203,-0.810000002384185791,-0.796999990940093994,-0.898000001907348633,-0.97500002384185791,-0.861999988555908203,-0.842000007629394531,-1.02300000190734863
-0.779999971389770508,-0.379999995231628418,-0.455000013113021851,-0.240999996662139893,-0.218999996781349182,-0.165999993681907654,-0.444000005722045898,-0.301999986171722412,-0.216000005602836609,-0.522000014781951904,-0.779999971389770508,-0.365000009536743164,-0.172999992966651917,-0.458000004291534424,-0.303999990224838257,-0.523999989032745361,-0.61799997091293335,-0.344000011682510376,-0.356000006198883057,-0.33899998664855957,-0.779999971389770508,-0.45199999213218689,-0.643000006675720215,-0.256999999284744263,-0.28200000524520874,-0.197999998927116394,-0.465000003576278687,-0.430000007152557373,-0.351999998092651367,-0.741999983787536621,-0.779999971389770508,-0.477999985218048096,-0.331999987363815308,-0.52499997615814209,-0.39500001072883606,-0.501999974250793457,-0.666000008583068848,-0.479000002145767212,-0.444999992847442627,-0.441000014543533325
-0.902000010013580322,-0.488000005483627319,-0.513999998569488525,-0.252000004053115845,-0.264999985694885254,-0.148000001907348633,-0.455000013113021851,-0.365000009536743164,-0.207000002264976501,-0.474999994039535522,-0.902000010013580322,-0.50700002908706665,-0.202000007033348083,-0.501999974250793457,-0.314999997615814209,-0.421000003814697266,-0.626999974250793457,-0.360000014305114746,-0.345999985933303833,-0.35499998927116394,-0.902000010013580322,-0.446000009775161743,-0.63200002908706665,-0.312000006437301636,-0.317999988794326782,-0.224999994039535522,-0.449999988079071045,-0.31400001049041748,-0.277999997138977051,-0.625999987125396729,-0.902000010013580322,-0.423999994993209839,-0.23399999737739563,-0.449000000953674316,-0.296000003814697266,-0.446999996900558472,-0.602999985218048096,-0.349000006914138794,-0.347000002861022949,-0.381999999284744263
-1.19099998474121094,-0.535000026226043701,-0.207000002264976501,-0.279000014066696167,-0.150000005960464478,-0.0810000002384185791,-0.56400001049041748,-0.232999995350837708,-0.107000000774860382,-0.24400000274181366,-1.19099998474121094,-0.414000004529953003,0.0189999993890523911,-0.542999982833862305,-0.248999997973442078,-0.469999998807907104,-0.526000022888183594,-0.190999999642372131,-0.216000005602836609,-0.0109999999403953552,-1.19099998474121094,-0.515999972820281982,-0.14100000262260437,-0.212999999523162842,0.00600000005215406418,-0.0560000017285346985,-0.575999975204467773,-0.151999995112419128,-0.0750000029802322388,-0.134000003337860107,-1.19099998474121094,-0.409000009298324585,0.0189999993890523911,-0.5,-0.231000006198883057,-0.430999994277954102,-0.501999974250793457,-0.202000007033348083,-0.209999993443489075,0.00499999988824129105
-1.13699996471405029,-0.880999982357025146,-0.995999991893768311,-0.779999971389770508,-0.748000025749206543,-0.694999992847442627,-0.869000017642974854,-0.776000022888183594,-0.75,-0.990999996662139893,-1.13699996471405029,-0.809000015258789062,-0.805999994277954102,-0.788999974727630615,-0.699999988079071045,-0.771000027656555176,-0.950999975204467773,-0.790000021457672119,-0.791999995708465576,-0.959999978542327881,-1.13699996471405029,-0.788999974727630615,-1.04499995708465576,-0.685000002384185791,-0.689999997615814209,-0.61799997091293335,-0.790000021457672119,-0.700999975204467773,-0.686999976634979248,-1.05099999904632568,-1.13699996471405029,-0.740999996662139893,-0.824999988079071045,-0.726000010967254639,-0.69300001859664917,-0.799000024795532227,-0.898999989032745361,-0.763999998569488525,-0.768999993801116943,-0.93599998950958252
-1.20200002193450928,-0.626999974250793457,-0.300000011920928955,-0.41100001335144043,-0.256000012159347534,-0.0939999967813491821,-0.629999995231628418,-0.375999987125396729,-0.231999993324279785,-0.238000005483627319,-1.20200002193450928,-0.559000015258789062,-0.305000007152557373,-0.609000027179718018,-0.365000009536743164,-0.614000022411346436,-0.606999993324279785,-0.326000005006790161,-0.331000000238418579,-0.254000008106231689,-1.20200002193450928,-0.736999988555908203,-0.879999995231628418,-0.5,-0.379000008106231689,-0.264999985694885254,-0.656000018119812012,-0.497000008821487427,-0.377000004053115845,-0.802999973297119141,-1.20200002193450928,-0.69300001859664917,-0.404000014066696167,-0.703999996185302734,-0.425000011920928955,-0.549000024795532227,-0.777000010013580322,-0.474000006914138794,-0.400000005960464478,-0.39500001072883606
-1.14999997615814209,-0.71799999475479126,-0.669000029563903809,-0.465999990701675415,-0.34299999475479126,-0.174999997019767761,-0.718999981880187988,-0.495000004768371582,-0.308999985456466675,-0.634999990463256836,-1.14999997615814209,-0.773000001907348633,-0.528999984264373779,-0.669000029563903809,-0.499000012874603271,-0.501999974250793457,-0.81800001859664917,-0.572000026702880859,-0.486000001430511475,-0.517000019550323486,-1.14999997615814209,-0.865999996662139893,-0.967000007629394531,-0.634999990463256836,-0.603999972343444824,-0.402000010013580322,-0.781000018119812012,-0.686999976634979248,-0.521000027656555176,-0.80699998140335083,-1.14999997615814209,-0.808000028133392334,-0.64999997615814209,-0.712999999523162842,-0.546999990940093994,-0.555999994277954102,-0.869000017642974854,-0.643000006675720215,-0.566999971866607666,-0.669000029563903809
-1.2630000114440918,-0.781000018119812012,-1.20099997520446777,-0.541000008583068848,-0.582000017166137695,-0.291000008583068848,-0.723999977111816406,-0.68900001049041748,-0.508000016212463379,-1.0429999828338623,-1.2630000114440918,-0.916000008583068848,-0.977999985218048096,-0.860000014305114746,-0.811999976634979248,-0.861999988555908203,-1.0130000114440918,-0.880999982357025146,-0.84299999475479126,-0.995999991893768311,-1.2630000114440918,-1.12100005149841309,-1.02799999713897705,-1.06400001049041748,-0.962000012397766113,-0.904999971389770508,-1.10800004005432129,-0.996999979019165039,-0.955999970436096191,-1.01800000667572021,-1.2630000114440918,-0.80699998140335083,-0.926999986171722412,-0.754000008106231689,-0.720000028610229492,-0.805000007152557373,-0.948000013828277588,-0.801999986171722412,-0.771000027656555176,-0.995000004768371582
-1.0559999942779541,-0.462000012397766113,-0.591000020503997803,-0.246000006794929504,-0.207000002264976501,-0.175999999046325684,-0.586000025272369385,-0.412999987602233887,-0.231000006198883057,-0.547999978065490723,-1.0559999942779541,-0.538999974727630615,-0.425000011920928955,-0.569999992847442627,-0.43900001049041748,-0.616999983787536621,-0.758000016212463379,-0.504999995231628418,-0.476999998092651367,-0.529999971389770508,-1.0559999942779541,-0.828000009059906006,-0.544000029563903809,-0.686999976634979248,-0.495999991893768311,-0.388000011444091797,-0.797999978065490723,-0.579999983310699463,-0.472999989986419678,-0.53200000524520874,-1.0559999942779541,-0.633000016212463379,-0.345999985933303833,-0.620000004768371582,-0.432000011205673218,-0.574000000953674316,-0.71799999475479126,-0.495000004768371582,-0.437999993562698364,-0.449000000953674316
-1.25600004196166992,-0.474999994039535522,-0.508000016212463379,-0.199000000953674316,-0.150999993085861206,-0.034000001847743988,-0.521000027656555176,-0.32699999213218689,-0.0890000015497207642,-0.555000007152557373,-1.25600004196166992,-0.572000026702880859,-0.384000003337860107,-0.56800001859664917,-0.414999991655349731,-0.545000016689300537,-0.712000012397766113,-0.45199999213218689,-0.379000008106231689,-0.412999987602233887,-1.25600004196166992,-0.96399998664855957,-0.730000019073486328,-0.823000013828277588,-0.634999990463256836,-0.52499997615814209,-0.972000002861022949,-0.736000001430511475,-0.644999980926513672,-0.749000012874603271,-1.25600004196166992,-0.675999999046325684,-0.48399999737739563,-0.628000020980834961,-0.432999998331069946,-0.59299999475479126,-0.741999983787536621,-0.492000013589859009,-0.43599998950958252,-0.446999996900558472
-1.14699995517730713,-0.361999988555908203,-0.53200000524520874,-0.229000002145767212,-0.115000002086162567,-0.0630000010132789612,-0.485000014305114746,-0.298999994993209839,-0.231000006198883057,-0.759000003337860107,-1.14699995517730713,-0.433999985456466675,-0.331999987363815308,-0.495000004768371582,-0.368000000715255737,-0.555999994277954102,-0.634999990463256836,-0.377000004053115845,-0.395999997854232788,-0.384999990463256836,-1.14699995517730713,-0.800000011920928955,-0.777999997138977051,-0.689999997615814209,-0.56099998950958252,-0.476999998092651367,-0.837999999523162842,-0.647000014781951904,-0.575999975204467773,-0.824999988079071045,-1.14699995517730713,-0.695999979972839355,-0.620999991893768311,-0.640999972820281982,-0.515999972820281982,-0.583999991416931152,-0.788999974727630615,-0.569000005722045898,-0.515999972820281982,-0.606999993324279785
-1.01699995994567871,-0.324000000953674316,-0.331000000238418579,-0.0619999989867210388,-0.017000000923871994,0.0480000004172325134,-0.354000002145767212,-0.221000000834465027,-0.0209999997168779373,-0.363999992609024048,-1.01699995994567871,-0.432000011205673218,-0.111000001430511475,-0.527000010013580322,-0.308999985456466675,-0.508000016212463379,-0.560000002384185791,-0.307999998331069946,-0.305000007152557373,-0.171000003814697266,-1.01699995994567871,-0.620000004768371582,-0.15700000524520874,-0.303999990224838257,-0.206000000238418579,-0.142000004649162292,-0.474999994039535522,-0.284000009298324585,-0.129999995231628418,-0.118000000715255737,-1.01699995994567871,-0.393000006675720215,-0.0480000004172325134,-0.505999982357025146,-0.305000007152557373,-0.542999982833862305,-0.437999993562698364,-0.246000006794929504,-0.259999990463256836,-0.0839999988675117493
-1.12199997901916504,-0.75,-0.666999995708465576,-0.481999993324279785,-0.375999987125396729,-0.201000005006790161,-0.674000024795532227,-0.465000003576278687,-0.287999987602233887,-0.504999995231628418,-1.12199997901916504,-0.730000019073486328,-0.43599998950958252,-0.624000012874603271,-0.43900001049041748,-0.501999974250793457,-0.773999989032745361,-0.515999972820281982,-0.458999991416931152,-0.495999991893768311,-1.12199997901916504,-0.787999987602233887,-0.836000025272369385,-0.56099998950958252,-0.474999994039535522,-0.307999998331069946,-0.735000014305114746,-0.595000028610229492,-0.439999997615814209,-0.731000006198883057,-1.12199997901916504,-0.750999987125396729,-0.569000005722045898,-0.686999976634979248,-0.517000019550323486,-0.550000011920928955,-0.875,-0.637000024318695068,-0.577000021934509277,-0.69300001859664917
-0.467000007629394531,-0.192000001668930054,-0.351000010967254639,0.0199999995529651642,-0.13099999725818634,-0.0509999990463256836,-0.107000000774860382,-0.182999998331069946,-0.0900000035762786865,-0.354000002145767212,-0.467000007629394531,-0.303999990224838257,-0.214000001549720764,-0.377000004053115845,-0.384999990463256836,-0.521000027656555176,-0.509000003337860107,-0.470999985933303833,-0.501999974250793457,-0.529999971389770508,-0.467000007629394531,-0.250999987125396729,-0.428999990224838257,-0.129999995231628418,-0.188999995589256287,-0.171000003814697266,-0.204999998211860657,-0.204999998211860657,-0.197999998927116394,-0.426999986171722412,-0.467000007629394531,-0.143000006675720215,-0.0829999968409538269,-0.25,-0.21799999475479126,-0.372000008821487427,-0.428999990224838257,-0.291999995708465576,-0.316000014543533325,-0.319999992847442627
-1.26499998569488525,-0.96799999475479126,-1.10599994659423828,-0.878000020980834961,-0.837000012397766113,-0.782999992370605469,-0.986999988555908203,-0.879000008106231689,-0.871999979019165039,-1.1809999942779541,-1.26499998569488525,-0.855000019073486328,-1.01800000667572021,-0.827000021934509277,-0.819000005722045898,-0.901000022888183594,-0.998000025749206543,-0.870000004768371582,-0.873000025749206543,-1.07500004768371582,-1.26499998569488525,-0.915000021457672119,-1.10899996757507324,-0.809000015258789062,-0.777000010013580322,-0.699000000953674316,-0.917999982833862305,-0.797999978065490723,-0.77499997615814209,-1.10899996757507324,-1.26499998569488525,-0.920000016689300537,-0.813000023365020752,-0.86799997091293335,-0.730000019073486328,-0.755999982357025146,-1.01999998092651367,-0.819999992847442627,-0.787000000476837158,-0.912999987602233887
-1.1809999942779541,-0.532999992370605469,-0.549000024795532227,-0.384000003337860107,-0.218999996781349182,-0.126000002026557922,-0.605000019073486328,-0.39500001072883606,-0.333000004291534424,-0.763999998569488525,-1.1809999942779541,-0.597999989986419678,-0.421000003814697266,-0.603999972343444824,-0.416000008583068848,-0.537000000476837158,-0.787000000476837158,-0.504999995231628418,-0.472999989986419678,-0.537999987602233887,-1.1809999942779541,-0.869000017642974854,-0.832000017166137695,-0.772000014781951904,-0.65700000524520874,-0.56400001049041748,-0.893999993801116943,-0.72500002384185791,-0.671000003814697266,-0.862999975681304932,-1.1809999942779541,-0.781000018119812012,-0.68599998950958252,-0.727999985218048096,-0.606000006198883057,-0.646000027656555176,-0.887000024318695068,-0.679000020027160645,-0.626999974250793457,-0.712999999523162842
-1.22399997711181641,-0.811999976634979248,-1.14999997615814209,-0.620999991893768311,-0.63200002908706665,-0.460000008344650269,-0.785000026226043701,-0.718999981880187988,-0.637000024318695068,-1.13399994373321533,-1.22399997711181641,-0.890999972820281982,-0.982999980449676514,-0.85000002384185791,-0.809000015258789062,-0.875,-1.00800001621246338,-0.878000020980834961,-0.862999975681304932,-1.02799999713897705,-1.22399997711181641,-1.05700004100799561,-0.964999973773956299,-0.994000017642974854,-0.893999993801116943,-0.851000010967254639,-1.06799995899200439,-0.94300001859664917,-0.902000010013580322,-1,-1.22399997711181641,-0.836000025272369385,-0.939999997615814209,-0.801999986171722412,-0.77499997615814209,-0.871999979019165039,-0.976000010967254639,-0.857999980449676514,-0.845000028610229492,-1.03299999237060547
-1.1679999828338623,-0.503000020980834961,-0.347000002861022949,-0.384000003337860107,-0.31099998950958252,-0.291999995708465576,-0.486000001430511475,-0.319000005722045898,-0.263999998569488525,-0.305000007152557373,-1.1679999828338623,-0.361000001430511475,-0.0879999995231628418,-0.603999972343444824,-0.28600001335144043,-0.528999984264373779,-0.476000010967254639,-0.250999987125396729,-0.193000003695487976,-0.104999996721744537,-1.1679999828338623,-0.583000004291534424,-1.24500000476837158,-0.381000012159347534,-0.505999982357025146,-0.216000005602836609,-0.499000012874603271,-0.612999975681304932,-0.493000000715255737,-1.13600003719329834,-1.1679999828338623,-0.510999977588653564,-0.699000000953674316,-0.540000021457672119,-0.533999979496002197,-0.699000000953674316,-0.708000004291534424,-0.583000004291534424,-0.50700002908706665,-0.676999986171722412
-1.18400001525878906,-0.611000001430511475,-0.381000012159347534,-0.395999997854232788,-0.280000001192092896,-0.174999997019767761,-0.603999972343444824,-0.384999990463256836,-0.225999996066093445,-0.307000011205673218,-1.18400001525878906,-0.522000014781951904,-0.246000006794929504,-0.577000021934509277,-0.352999985218048096,-0.527999997138977051,-0.616999983787536621,-0.352999985218048096,-0.337000012397766113,-0.23399999737739563,-1.18400001525878906,-0.647000014781951904,-0.779999971389770508,-0.402999997138977051,-0.333999991416931152,-0.188999995589256287,-0.589999973773956299,-0.462000012397766113,-0.344999998807907104,-0.74299997091293335,-1.18400001525878906,-0.578999996185302734,-0.177000001072883606,-0.592000007629394531,-0.291999995708465576,-0.416999995708465576,-0.68199998140335083,-0.326000005006790161,-0.300999999046325684,-0.224999994039535522
-1.16400003433227539,-0.788999974727630615,-0.848999977111816406,-0.684000015258789062,-0.593999981880187988,-0.53600001335144043,-0.811999976634979248,-0.65700000524520874,-0.630999982357025146,-0.887000024318695068,-1.16400003433227539,-0.828999996185302734,-0.737999975681304932,-0.77499997615814209,-0.639999985694885254,-0.694999992847442627,-0.940999984741210938,-0.740000009536743164,-0.714999973773956299,-0.851999998092651367,-1.16400003433227539,-0.902000010013580322,-1.03699994087219238,-0.740999996662139893,-0.689999997615814209,-0.551999986171722412,-0.861999988555908203,-0.754999995231628418,-0.685000002384185791,-0.966000020503997803,-1.16400003433227539,-0.771000027656555176,-0.702000021934509277,-0.740000009536743164,-0.61799997091293335,-0.671999990940093994,-0.898999989032745361,-0.702000021934509277,-0.662999987602233887,-0.755999982357025146
-1.23000001907348633,-0.43900001049041748,-0.540000021457672119,-0.268999993801116943,-0.153999999165534973,-0.0439999997615814209,-0.469000011682510376,-0.289000004529953003,-0.208000004291534424,-0.699999988079071045,-1.23000001907348633,-0.52499997615814209,-0.323000013828277588,-0.535000026226043701,-0.328000009059906006,-0.481999993324279785,-0.644999980926513672,-0.337999999523162842,-0.324999988079071045,-0.328000009059906006,-1.23000001907348633,-0.898999989032745361,-0.884000003337860107,-0.777999997138977051,-0.669000029563903809,-0.56800001859664917,-0.908999979496002197,-0.736000001430511475,-0.662000000476837158,-0.893000006675720215,-1.23000001907348633,-0.740000009536743164,-0.630999982357025146,-0.699999988079071045,-0.552999973297119141,-0.634999990463256836,-0.870999991893768311,-0.615000009536743164,-0.582000017166137695,-0.660000026226043701
-1.02100002765655518,-0.654999971389770508,-0.811999976634979248,-0.551999986171722412,-0.513999998569488525,-0.467000007629394531,-0.672999978065490723,-0.561999976634979248,-0.555999994277954102,-0.894999980926513672,-1.02100002765655518,-0.732999980449676514,-0.745999991893768311,-0.703999996185302734,-0.654999971389770508,-0.717000007629394531,-0.870999991893768311,-0.748000025749206543,-0.753000020980834961,-0.925000011920928955,-1.02100002765655518,-0.751999974250793457,-0.930999994277954102,-0.626999974250793457,-0.611999988555908203,-0.477999985218048096,-0.751999974250793457,-0.657999992370605469,-0.598999977111816406,-0.938000023365020752,-1.02100002765655518,-0.61799997091293335,-0.513000011444091797,-0.579999983310699463,-0.456999987363815308,-0.538999974727630615,-0.736000001430511475,-0.523999989032745361,-0.497000008821487427,-0.597000002861022949
-1.1380000114440918,-0.667999982833862305,-1.15299999713897705,-0.442999988794326782,-0.528999984264373779,-0.252999991178512573,-0.639999985694885254,-0.630999982357025146,-0.451000005006790161,-1.02600002288818359,-1.1380000114440918,-0.762000024318695068,-0.898000001907348633,-0.739000022411346436,-0.726000010967254639,-0.833999991416931152,-0.907999992370605469,-0.783999979496002197,-0.776000022888183594,-0.958000004291534424,-1.1380000114440918,-0.996999979019165039,-0.953000009059906006,-0.941999971866607666,-0.88200002908706665,-0.848999977111816406,-1.00199997425079346,-0.916999995708465576,-0.878000020980834961,-0.961000025272369385,-1.1380000114440918,-0.749000012874603271,-0.919000029563903809,-0.708000004291534424,-0.731000006198883057,-0.843999981880187988,-0.892000019550323486,-0.814999997615814209,-0.811999976634979248,-1.03900003433227539
-1.19900000095367432,-0.624000012874603271,-0.303000003099441528,-0.28600001335144043,-0.150999993085861206,-0.0570000000298023224,-0.583999991416931152,-0.280000001192092896,-0.160999998450279236,-0.266999989748001099,-1.19900000095367432,-0.513999998569488525,0.0350000001490116119,-0.558000028133392334,-0.226999998092651367,-0.418999999761581421,-0.565999984741210938,-0.178000003099441528,-0.218999996781349182,0.00899999961256980896,-1.19900000095367432,-0.574999988079071045,-0.0439999997615814209,-0.248999997973442078,-0.0439999997615814209,-0.0850000008940696716,-0.535000026226043701,-0.150000005960464478,-0.0610000006854534149,0,-1.19900000095367432,-0.523000001907348633,-0.101999998092651367,-0.541000008583068848,-0.277999997138977051,-0.476000010967254639,-0.603999972343444824,-0.263000011444091797,-0.259000003337860107,-0.12200000137090683
-1.07700002193450928,-0.651000022888183594,-1.16400003433227539,-0.499000012874603271,-0.574999988079071045,-0.351000010967254639,-0.644999980926513672,-0.635999977588653564,-0.545000016689300537,-1.09399998188018799,-1.07700002193450928,-0.758000016212463379,-0.91100001335144043,-0.763000011444091797,-0.768999993801116943,-0.865999996662139893,-0.934000015258789062,-0.836000025272369385,-0.839999973773956299,-1.02999997138977051,-1.07700002193450928,-0.962000012397766113,-0.907999992370605469,-0.913999974727630615,-0.842000007629394531,-0.825999975204467773,-0.952000021934509277,-0.869000017642974854,-0.851000010967254639,-0.921999990940093994,-1.07700002193450928,-0.720000028610229492,-0.976000010967254639,-0.718999981880187988,-0.781000018119812012,-0.88200002908706665,-0.890999972820281982,-0.837999999523162842,-0.833000004291534424,-1.04999995231628418
-1.24100005626678467,-0.796000003814697266,-0.751999974250793457,-0.665000021457672119,-0.523999989032745361,-0.430000007152557373,-0.841000020503997803,-0.621999979019165039,-0.555000007152557373,-0.805000007152557373,-1.24100005626678467,-0.870000004768371582,-0.758000016212463379,-0.808000028133392334,-0.675000011920928955,-0.697000026702880859,-0.986000001430511475,-0.787999987602233887,-0.740999996662139893,-0.862999975681304932,-1.24100005626678467,-0.955999970436096191,-1.04400002956390381,-0.814999997615814209,-0.755999982357025146,-0.615000009536743164,-0.959999978542327881,-0.837999999523162842,-0.746999979019165039,-1.03499996662139893,-1.24100005626678467,-0.820999979972839355,-0.675000011920928955,-0.755999982357025146,-0.597000002861022949,-0.634000003337860107,-0.924000024795532227,-0.699000000953674316,-0.648000001907348633,-0.75
-1.07299995422363281,-0.625,-0.393999993801116943,-0.404000014066696167,-0.263999998569488525,-0.114000000059604645,-0.575999975204467773,-0.388000011444091797,-0.194000005722045898,-0.287999987602233887,-1.07299995422363281,-0.533999979496002197,-0.293999999761581421,-0.579999983310699463,-0.381000012159347534,-0.551999986171722412,-0.657999992370605469,-0.389999985694885254,-0.382999986410140991,-0.333999991416931152,-1.07299995422363281,-0.680000007152557373,-0.716000020503997803,-0.456000000238418579,-0.368999987840652466,-0.291000008583068848,-0.620999991893768311,-0.493999987840652466,-0.416999995708465576,-0.720000028610229492,-1.07299995422363281,-0.587000012397766113,-0.246999993920326233,-0.606000006198883057,-0.330000013113021851,-0.46399998664855957,-0.746999979019165039,-0.409000009298324585,-0.372999995946884155,-0.384999990463256836
-1.13399994373321533,-0.665000021457672119,-1.12800002098083496,-0.45199999213218689,-0.521000027656555176,-0.263000011444091797,-0.634999990463256836,-0.637000024318695068,-0.493999987840652466,-1.09300005435943604,-1.13399994373321533,-0.787000000476837158,-0.910000026226043701,-0.760999977588653564,-0.741999983787536621,-0.824000000953674316,-0.926999986171722412,-0.820999979972839355,-0.800000011920928955,-0.991999983787536621,-1.13399994373321533,-1.02499997615814209,-0.991999983787536621,-0.978999972343444824,-0.93199998140335083,-0.893999993801116943,-1.01800000667572021,-0.958999991416931152,-0.920000016689300537,-0.959999978542327881,-1.13399994373321533,-0.744000017642974854,-0.864000022411346436,-0.734000027179718018,-0.698000013828277588,-0.828999996185302734,-0.90700000524520874,-0.77499997615814209,-0.762000024318695068,-0.953999996185302734
-1.2070000171661377,-0.61799997091293335,-0.216999992728233337,-0.409999996423721313,-0.194000005722045898,-0.125,-0.586000025272369385,-0.296000003814697266,-0.194999992847442627,-0.128000006079673767,-1.2070000171661377,-0.517000019550323486,-0.252000004053115845,-0.596000015735626221,-0.384999990463256836,-0.56800001859664917,-0.610000014305114746,-0.349999994039535522,-0.344999998807907104,-0.226999998092651367,-1.2070000171661377,-0.751999974250793457,-0.888999998569488525,-0.523000001907348633,-0.43900001049041748,-0.312000006437301636,-0.670000016689300537,-0.569000005722045898,-0.465000003576278687,-0.825999975204467773,-1.2070000171661377,-0.635999977588653564,-0.246000006794929504,-0.639999985694885254,-0.35499998927116394,-0.490000009536743164,-0.751999974250793457,-0.416999995708465576,-0.377999991178512573,-0.331000000238418579
-0.839999973773956299,-0.58899998664855957,-0.56099998950958252,-0.365999996662139893,-0.328999996185302734,-0.177000001072883606,-0.564999997615814209,-0.432999998331069946,-0.272000014781951904,-0.555999994277954102,-0.839999973773956299,-0.569999992847442627,-0.414999991655349731,-0.550000011920928955,-0.448000013828277588,-0.503000020980834961,-0.753000020980834961,-0.587000012397766113,-0.572000026702880859,-0.667999982833862305,-0.839999973773956299,-0.639999985694885254,-0.800000011920928955,-0.538999974727630615,-0.566999971866607666,-0.5,-0.671000003814697266,-0.634999990463256836,-0.586000025272369385,-0.857999980449676514,-0.839999973773956299,-0.592000007629394531,-0.451000005006790161,-0.574999988079071045,-0.446999996900558472,-0.490000009536743164,-0.773999989032745361,-0.574000000953674316,-0.550999999046325684,-0.652000010013580322
-1.24500000476837158,-0.941999971866607666,-1.04100000858306885,-0.83899998664855957,-0.779999971389770508,-0.71799999475479126,-0.955999970436096191,-0.834999978542327881,-0.810000002384185791,-1.11000001430511475,-1.24500000476837158,-0.836000025272369385,-0.935000002384185791,-0.825999975204467773,-0.769999980926513672,-0.855000019073486328,-1.00699996948242188,-0.851000010967254639,-0.848999977111816406,-1.04999995231628418,-1.24500000476837158,-0.959999978542327881,-1.17200005054473877,-0.889999985694885254,-0.884999990463256836,-0.819000005722045898,-0.994000017642974854,-0.903999984264373779,-0.894999980926513672,-1.20200002193450928,-1.24500000476837158,-0.945999979972839355,-0.964999973773956299,-0.915000021457672119,-0.848999977111816406,-0.897000014781951904,-1.07500004768371582,-0.936999976634979248,-0.925999999046325684,-1.08399999141693115
-0.907999992370605469,-0.503000020980834961,-0.537000000476837158,-0.381999999284744263,-0.277000010013580322,-0.194000005722045898,-0.580999970436096191,-0.367000013589859009,-0.305000007152557373,-0.572000026702880859,-0.907999992370605469,-0.579999983310699463,-0.291999995708465576,-0.615000009536743164,-0.381999999284744263,-0.437999993562698364,-0.810000002384185791,-0.500999987125396729,-0.458000004291534424,-0.504000008106231689,-0.907999992370605469,-0.587000012397766113,-0.607999980449676514,-0.48399999737739563,-0.400000005960464478,-0.284000009298324585,-0.620000004768371582,-0.476000010967254639,-0.418000012636184692,-0.677999973297119141,-0.907999992370605469,-0.513999998569488525,-0.324000000953674316,-0.56099998950958252,-0.388999998569488525,-0.523000001907348633,-0.703000009059906006,-0.455000013113021851,-0.414999991655349731,-0.43599998950958252
-1.14999997615814209,-0.689999997615814209,-1.16900002956390381,-0.529999971389770508,-0.609000027179718018,-0.365999996662139893,-0.71799999475479126,-0.679000020027160645,-0.545000016689300537,-1.08899998664855957,-1.14999997615814209,-0.781000018119812012,-0.889999985694885254,-0.754999995231628418,-0.739000022411346436,-0.819999992847442627,-0.930999994277954102,-0.81099998950958252,-0.791999995708465576,-0.966000020503997803,-1.14999997615814209,-1.00699996948242188,-0.948000013828277588,-0.941999971866607666,-0.861000001430511475,-0.833999991416931152,-0.999000012874603271,-0.898000001907348633,-0.861999988555908203,-0.958000004291534424,-1.14999997615814209,-0.783999979496002197,-0.999000012874603271,-0.772000014781951904,-0.813000023365020752,-0.903999984264373779,-0.938000023365020752,-0.878000020980834961,-0.879999995231628418,-1.09700000286102295
0.0939999967813491821,0.187999993562698364,-0.0879999995231628418,0.347000002861022949,0.10599999874830246,0.174999997019767761,0.172000005841255188,0.0299999993294477463,0.0710000023245811462,-0.0780000016093254089,0.0939999967813491821,0.0949999988079071045,0.026000000536441803,-0.0740000009536743164,-0.172999992966651917,-0.368000000715255737,-0.259000003337860107,-0.296000003814697266,-0.375,-0.414000004529953003,0.0939999967813491821,0.129999995231628418,-0.550999999046325684,0.158999994397163391,-0.173999994993209839,-0.243000000715255737,0.0740000009536743164,-0.150999993085861206,-0.241999998688697815,-0.621999979019165039,0.0939999967813491821,0.115999996662139893,-0.0599999986588954926,-0.0869999974966049194,-0.175999999046325684,-0.404000014066696167,-0.307000011205673218,-0.287999987602233887,-0.324000000953674316,-0.428999990224838257
-1.15600001811981201,-0.901000022888183594,-0.865000009536743164,-0.690999984741210938,-0.628000020980834961,-0.458000004291534424,-0.865000009536743164,-0.734000027179718018,-0.578000009059906006,-0.783999979496002197,-1.15600001811981201,-0.89999997615814209,-0.674000024795532227,-0.815999984741210938,-0.638999998569488525,-0.629999995231628418,-0.981000006198883057,-0.744000017642974854,-0.657999992370605469,-0.726999998092651367,-1.15600001811981201,-0.930000007152557373,-0.967000007629394531,-0.759999990463256836,-0.677999973297119141,-0.519999980926513672,-0.910000026226043701,-0.776000022888183594,-0.647000014781951904,-0.884000003337860107,-1.15600001811981201,-0.889999985694885254,-0.728999972343444824,-0.846000015735626221,-0.68599998950958252,-0.709999978542327881,-1.01699995994567871,-0.811999976634979248,-0.760999977588653564,-0.875999987125396729
-1.03900003433227539,-0.435000002384185791,-0.409000009298324585,-0.214000001549720764,-0.0930000022053718567,-0.0120000001043081284,-0.418000012636184692,-0.245000004768371582,-0.115000002086162567,-0.425000011920928955,-1.03900003433227539,-0.42300000786781311,-0.00200000009499490261,-0.493000000715255737,-0.218999996781349182,-0.377000004053115845,-0.559000015258789062,-0.230000004172325134,-0.238000005483627319,-0.0879999995231628418,-1.03900003433227539,-0.500999987125396729,-0.544000029563903809,-0.298999994993209839,-0.188999995589256287,-0.112999998033046722,-0.519999980926513672,-0.363000005483627319,-0.254999995231628418,-0.629999995231628418,-1.03900003433227539,-0.523999989032745361,-0.187999993562698364,-0.555000007152557373,-0.296000003814697266,-0.432999998331069946,-0.690999984741210938,-0.35499998927116394,-0.321999996900558472,-0.277000010013580322
-1.25,-0.686999976634979248,-0.395999997854232788,-0.446000009775161743,-0.324999988079071045,-0.152999997138977051,-0.708999991416931152,-0.405999988317489624,-0.294999986886978149,-0.444000005722045898,-1.25,-0.652999997138977051,-0.112999998033046722,-0.672999978065490723,-0.35899999737739563,-0.439999997615814209,-0.778999984264373779,-0.379999995231628418,-0.381000012159347534,-0.215000003576278687,-1.25,-0.69300001859664917,-0.127000004053115845,-0.39500001072883606,-0.196999996900558472,-0.0799999982118606567,-0.695999979972839355,-0.259000003337860107,-0.173999994993209839,-0.133000001311302185,-1.25,-0.663999974727630615,-0.100000001490116119,-0.651000022888183594,-0.321000009775161743,-0.372999995946884155,-0.763999998569488525,-0.356999993324279785,-0.321000009775161743,-0.14100000262260437
